customer_id,age_group,gender,city,reg_date
C0001,35-44,Мужской,Оренбург,2022-03-28
C0002,25-34,Женский,Краснодар,2021-03-01
C0003,25-34,Мужской,Владивосток,2023-04-09
C0004,35-44,Мужской,Кемерово,2021-09-19
C0005,55+,Женский,Кемерово,2023-03-18
C0006,25-34,Мужской,Новосибирск,2024-08-09
C0007,25-34,Мужской,Нижний Новгород,2021-04-13
C0008,25-34,Женский,Волгоград,2022-11-01
C0009,25-34,Мужской,Омск,2023-05-14
C0010,25-34,Женский,Москва,2024-01-10
C0011,18-24,Мужской,Самара,2024-08-24
C0012,18-24,Мужской,Санкт-Петербург,2021-03-05
C0013,45-54,Женский,Москва,2024-06-26
C0014,18-24,Женский,Ульяновск,2021-08-23
C0015,25-34,Женский,Иркутск,2022-06-09
C0016,35-44,Женский,Ижевск,2021-08-23
C0017,35-44,Женский,Ростов-на-Дону,2021-08-10
C0018,25-34,Мужской,Тольятти,2024-10-19
C0019,45-54,Женский,Иркутск,2022-02-11
C0020,18-24,Мужской,Барнаул,2022-05-13
C0021,18-24,Мужской,Томск,2024-05-14
C0022,45-54,Мужской,Тольятти,2021-03-26
C0023,25-34,Женский,Красноярск,2021-05-22
C0024,25-34,Женский,Томск,2023-05-11
C0025,45-54,Женский,Красноярск,2024-07-25
C0026,45-54,Женский,Казань,2023-06-11
C0027,18-24,Женский,Барнаул,2022-07-08
C0028,35-44,Мужской,Ярославль,2023-09-18
C0029,25-34,Мужской,Тольятти,2022-07-04
C0030,25-34,Женский,Кемерово,2021-06-27
C0031,25-34,Женский,Ярославль,2023-08-10
C0032,25-34,Мужской,Уфа,2021-02-28
C0033,25-34,Женский,Краснодар,2022-03-11
C0034,25-34,Женский,Омск,2024-05-05
C0035,35-44,Женский,Москва,2023-11-25
C0036,45-54,Женский,Хабаровск,2023-04-13
C0037,25-34,Мужской,Иркутск,2023-09-03
C0038,35-44,Женский,Владивосток,2021-02-05
C0039,18-24,Женский,Иркутск,2022-05-14
C0040,25-34,Женский,Краснодар,2024-02-08
C0041,25-34,Женский,Хабаровск,2024-02-02
C0042,25-34,Мужской,Омск,2022-09-20
C0043,25-34,Женский,Челябинск,2022-10-09
C0044,18-24,Женский,Ярославль,2022-01-15
C0045,18-24,Мужской,Омск,2024-04-22
C0046,55+,Женский,Ростов-на-Дону,2021-07-25
C0047,45-54,Женский,Красноярск,2022-01-03
C0048,25-34,Мужской,Казань,2022-07-16
C0049,18-24,Женский,Ростов-на-Дону,2021-09-16
C0050,35-44,Мужской,Екатеринбург,2021-01-26
C0051,25-34,Женский,Волгоград,2022-11-29
C0052,18-24,Женский,Томск,2023-09-06
C0053,18-24,Женский,Краснодар,2021-06-01
C0054,25-34,Мужской,Казань,2021-11-02
C0055,45-54,Мужской,Новосибирск,2022-05-24
C0056,18-24,Мужской,Ижевск,2024-05-05
C0057,35-44,Женский,Саратов,2023-02-19
C0058,25-34,Женский,Томск,2024-04-20
C0059,55+,Женский,Ижевск,2021-05-04
C0060,35-44,Мужской,Ярославль,2022-03-02
C0061,35-44,Женский,Новосибирск,2021-11-18
C0062,18-24,Женский,Нижний Новгород,2021-01-06
C0063,25-34,Мужской,Краснодар,2022-08-20
C0064,18-24,Женский,Ростов-на-Дону,2023-07-19
C0065,18-24,Женский,Омск,2024-07-04
C0066,25-34,Мужской,Челябинск,2023-05-21
C0067,18-24,Женский,Казань,2022-06-29
C0068,45-54,Женский,Нижний Новгород,2022-09-22
C0069,25-34,Мужской,Кемерово,2022-08-15
C0070,25-34,Женский,Ростов-на-Дону,2023-04-05
C0071,45-54,Женский,Краснодар,2023-06-16
C0072,18-24,Женский,Пермь,2022-10-23
C0073,35-44,Женский,Самара,2024-10-12
C0074,45-54,Женский,Москва,2024-10-08
C0075,45-54,Женский,Ярославль,2021-12-25
C0076,25-34,Мужской,Кемерово,2022-07-24
C0077,18-24,Женский,Барнаул,2023-10-05
C0078,55+,Женский,Пермь,2022-11-14
C0079,25-34,Женский,Нижний Новгород,2022-11-07
C0080,25-34,Женский,Ульяновск,2023-04-01
C0081,45-54,Женский,Волгоград,2021-06-30
C0082,25-34,Женский,Ярославль,2023-04-08
C0083,45-54,Мужской,Москва,2024-09-08
C0084,45-54,Женский,Санкт-Петербург,2022-01-20
C0085,25-34,Мужской,Краснодар,2024-07-04
C0086,25-34,Женский,Омск,2024-01-30
C0087,18-24,Женский,Оренбург,2023-09-20
C0088,18-24,Мужской,Ижевск,2022-05-06
C0089,35-44,Женский,Москва,2024-02-06
C0090,25-34,Женский,Махачкала,2021-08-21
C0091,25-34,Женский,Махачкала,2021-11-12
C0092,25-34,Мужской,Саратов,2022-07-14
C0093,25-34,Женский,Краснодар,2022-05-15
C0094,25-34,Женский,Челябинск,2024-05-12
C0095,25-34,Мужской,Томск,2021-05-23
C0096,25-34,Мужской,Пермь,2022-11-28
C0097,45-54,Женский,Махачкала,2021-01-06
C0098,25-34,Женский,Тольятти,2024-04-02
C0099,55+,Женский,Казань,2023-07-04
C0100,25-34,Женский,Тюмень,2024-01-18
C0101,25-34,Мужской,Томск,2022-01-22
C0102,55+,Женский,Воронеж,2022-04-24
C0103,45-54,Женский,Уфа,2023-08-27
C0104,35-44,Мужской,Воронеж,2024-09-21
C0105,35-44,Мужской,Казань,2023-10-12
C0106,55+,Женский,Тольятти,2022-11-11
C0107,45-54,Мужской,Волгоград,2021-07-24
C0108,25-34,Женский,Хабаровск,2021-10-23
C0109,25-34,Мужской,Казань,2021-06-03
C0110,25-34,Мужской,Уфа,2024-06-30
C0111,35-44,Мужской,Томск,2022-11-04
C0112,45-54,Мужской,Воронеж,2022-10-11
C0113,35-44,Мужской,Краснодар,2024-01-14
C0114,18-24,Женский,Барнаул,2022-08-12
C0115,55+,Мужской,Пермь,2021-07-21
C0116,35-44,Мужской,Екатеринбург,2023-06-28
C0117,18-24,Женский,Москва,2021-04-05
C0118,25-34,Женский,Красноярск,2023-02-07
C0119,25-34,Женский,Пермь,2024-03-05
C0120,35-44,Женский,Нижний Новгород,2021-06-11
C0121,35-44,Женский,Ульяновск,2022-05-09
C0122,25-34,Женский,Самара,2023-08-03
C0123,35-44,Женский,Ульяновск,2021-01-20
C0124,45-54,Женский,Ростов-на-Дону,2024-10-19
C0125,25-34,Женский,Красноярск,2024-04-18
C0126,25-34,Мужской,Иркутск,2022-05-28
C0127,25-34,Женский,Воронеж,2023-09-17
C0128,18-24,Женский,Красноярск,2024-03-23
C0129,25-34,Мужской,Москва,2024-09-10
C0130,25-34,Женский,Томск,2021-04-11
C0131,45-54,Мужской,Махачкала,2022-08-10
C0132,35-44,Женский,Владивосток,2022-12-23
C0133,18-24,Женский,Омск,2024-10-20
C0134,35-44,Мужской,Ульяновск,2021-10-08
C0135,35-44,Мужской,Барнаул,2021-03-22
C0136,25-34,Женский,Тольятти,2023-01-18
C0137,35-44,Женский,Ростов-на-Дону,2022-11-01
C0138,35-44,Женский,Казань,2024-01-10
C0139,45-54,Женский,Саратов,2022-07-13
C0140,45-54,Женский,Махачкала,2023-09-14
C0141,55+,Женский,Томск,2022-11-25
C0142,45-54,Женский,Новосибирск,2021-10-16
C0143,35-44,Женский,Ульяновск,2024-10-13
C0144,55+,Мужской,Владивосток,2024-02-16
C0145,25-34,Мужской,Москва,2022-06-26
C0146,25-34,Женский,Ульяновск,2024-10-08
C0147,25-34,Женский,Барнаул,2023-01-31
C0148,18-24,Женский,Москва,2024-06-22
C0149,45-54,Женский,Кемерово,2024-06-03
C0150,18-24,Женский,Махачкала,2023-08-09
C0151,45-54,Женский,Пермь,2021-08-27
C0152,18-24,Мужской,Ростов-на-Дону,2023-10-06
C0153,18-24,Женский,Тюмень,2021-10-05
C0154,25-34,Женский,Хабаровск,2024-01-12
C0155,25-34,Мужской,Казань,2023-04-30
C0156,35-44,Мужской,Ижевск,2023-04-16
C0157,45-54,Женский,Иркутск,2023-01-29
C0158,18-24,Женский,Самара,2023-01-13
C0159,18-24,Мужской,Тюмень,2024-08-13
C0160,25-34,Женский,Челябинск,2021-09-08
C0161,45-54,Мужской,Новосибирск,2024-09-19
C0162,18-24,Мужской,Москва,2021-04-14
C0163,35-44,Женский,Казань,2024-03-02
C0164,18-24,Мужской,Тюмень,2022-03-01
C0165,25-34,Мужской,Самара,2022-11-04
C0166,35-44,Мужской,Ижевск,2021-01-06
C0167,25-34,Мужской,Казань,2024-01-12
C0168,25-34,Женский,Ульяновск,2021-02-22
C0169,18-24,Женский,Владивосток,2022-05-03
C0170,25-34,Женский,Омск,2021-04-18
C0171,18-24,Женский,Екатеринбург,2021-05-11
C0172,25-34,Мужской,Саратов,2024-04-30
C0173,18-24,Женский,Ижевск,2021-03-30
C0174,35-44,Мужской,Ульяновск,2023-12-04
C0175,25-34,Мужской,Москва,2021-05-05
C0176,55+,Мужской,Пермь,2021-08-10
C0177,25-34,Мужской,Новосибирск,2021-06-15
C0178,25-34,Женский,Казань,2022-07-18
C0179,35-44,Женский,Иркутск,2022-10-28
C0180,25-34,Женский,Ростов-на-Дону,2023-07-19
C0181,25-34,Женский,Владивосток,2021-08-23
C0182,45-54,Мужской,Ярославль,2024-02-04
C0183,35-44,Женский,Волгоград,2022-04-13
C0184,25-34,Мужской,Воронеж,2023-05-02
C0185,35-44,Женский,Уфа,2024-09-24
C0186,25-34,Мужской,Ульяновск,2023-08-30
C0187,18-24,Мужской,Новосибирск,2023-06-04
C0188,18-24,Мужской,Владивосток,2021-09-24
C0189,25-34,Женский,Тюмень,2024-02-25
C0190,25-34,Женский,Красноярск,2024-09-24
C0191,45-54,Женский,Кемерово,2021-04-16
C0192,55+,Женский,Красноярск,2021-08-01
C0193,25-34,Женский,Ульяновск,2023-09-15
C0194,18-24,Женский,Томск,2024-02-14
C0195,25-34,Мужской,Тольятти,2022-04-09
C0196,45-54,Мужской,Ярославль,2024-06-27
C0197,35-44,Мужской,Москва,2024-06-01
C0198,45-54,Мужской,Омск,2021-03-01
C0199,18-24,Мужской,Ростов-на-Дону,2022-11-27
C0200,25-34,Женский,Казань,2024-03-05
C0201,35-44,Женский,Хабаровск,2024-07-20
C0202,55+,Женский,Саратов,2022-03-17
C0203,25-34,Женский,Нижний Новгород,2023-01-28
C0204,25-34,Женский,Тольятти,2024-05-06
C0205,18-24,Женский,Нижний Новгород,2024-06-19
C0206,18-24,Женский,Волгоград,2024-09-17
C0207,25-34,Женский,Пермь,2022-07-14
C0208,18-24,Женский,Красноярск,2023-05-31
C0209,18-24,Мужской,Тольятти,2023-09-24
C0210,25-34,Женский,Самара,2023-03-21
C0211,55+,Женский,Челябинск,2022-09-10
C0212,45-54,Мужской,Ярославль,2022-06-08
C0213,25-34,Женский,Краснодар,2023-06-01
C0214,18-24,Женский,Иркутск,2022-04-17
C0215,25-34,Мужской,Владивосток,2022-12-27
C0216,18-24,Мужской,Санкт-Петербург,2023-06-13
C0217,18-24,Мужской,Томск,2022-10-04
C0218,25-34,Женский,Иркутск,2024-08-04
C0219,25-34,Женский,Москва,2022-10-28
C0220,18-24,Мужской,Волгоград,2023-01-12
C0221,18-24,Мужской,Самара,2023-06-12
C0222,25-34,Женский,Воронеж,2022-09-28
C0223,35-44,Женский,Ярославль,2021-12-11
C0224,18-24,Мужской,Саратов,2023-11-11
C0225,18-24,Мужской,Красноярск,2024-08-14
C0226,45-54,Женский,Казань,2022-06-09
C0227,18-24,Женский,Ярославль,2024-09-04
C0228,18-24,Мужской,Барнаул,2023-10-09
C0229,25-34,Женский,Тольятти,2023-07-09
C0230,35-44,Мужской,Барнаул,2024-07-25
C0231,55+,Женский,Барнаул,2022-10-10
C0232,18-24,Женский,Волгоград,2024-07-17
C0233,25-34,Женский,Санкт-Петербург,2022-12-22
C0234,25-34,Женский,Волгоград,2021-03-19
C0235,18-24,Мужской,Новосибирск,2024-08-13
C0236,45-54,Мужской,Ижевск,2024-05-01
C0237,25-34,Женский,Тюмень,2021-03-26
C0238,25-34,Мужской,Барнаул,2022-01-21
C0239,25-34,Женский,Казань,2021-05-07
C0240,25-34,Мужской,Махачкала,2022-12-05
C0241,55+,Женский,Барнаул,2021-12-20
C0242,18-24,Мужской,Волгоград,2023-12-10
C0243,25-34,Женский,Красноярск,2022-08-03
C0244,25-34,Мужской,Ульяновск,2024-05-09
C0245,18-24,Мужской,Уфа,2021-05-15
C0246,25-34,Женский,Воронеж,2022-08-05
C0247,25-34,Мужской,Кемерово,2024-05-19
C0248,45-54,Женский,Тольятти,2024-09-21
C0249,18-24,Женский,Барнаул,2024-09-18
C0250,25-34,Женский,Новосибирск,2022-09-27
C0251,25-34,Мужской,Уфа,2021-09-19
C0252,35-44,Мужской,Хабаровск,2023-12-15
C0253,18-24,Мужской,Саратов,2023-01-12
C0254,18-24,Женский,Челябинск,2022-12-01
C0255,45-54,Женский,Самара,2021-10-09
C0256,18-24,Женский,Владивосток,2021-07-27
C0257,25-34,Женский,Хабаровск,2023-12-15
C0258,18-24,Женский,Ярославль,2024-06-19
C0259,18-24,Женский,Нижний Новгород,2022-01-06
C0260,45-54,Мужской,Владивосток,2021-12-06
C0261,35-44,Женский,Красноярск,2024-10-17
C0262,35-44,Мужской,Ижевск,2022-08-07
C0263,35-44,Мужской,Самара,2023-12-30
C0264,18-24,Мужской,Владивосток,2023-08-19
C0265,45-54,Женский,Ульяновск,2024-03-14
C0266,55+,Женский,Ростов-на-Дону,2023-02-22
C0267,25-34,Женский,Нижний Новгород,2022-02-13
C0268,45-54,Женский,Омск,2021-04-17
C0269,35-44,Мужской,Тюмень,2021-07-30
C0270,35-44,Женский,Екатеринбург,2022-08-07
C0271,18-24,Женский,Волгоград,2023-11-18
C0272,18-24,Женский,Кемерово,2022-03-31
C0273,45-54,Мужской,Кемерово,2021-02-24
C0274,25-34,Женский,Красноярск,2022-04-28
C0275,25-34,Женский,Самара,2021-02-27
C0276,25-34,Женский,Иркутск,2024-08-24
C0277,25-34,Женский,Санкт-Петербург,2022-08-11
C0278,45-54,Женский,Махачкала,2021-10-12
C0279,35-44,Женский,Ижевск,2021-01-11
C0280,45-54,Женский,Челябинск,2021-11-03
C0281,25-34,Мужской,Саратов,2023-05-17
C0282,18-24,Женский,Ростов-на-Дону,2021-09-07
C0283,18-24,Женский,Владивосток,2024-06-29
C0284,25-34,Женский,Оренбург,2023-10-21
C0285,25-34,Женский,Саратов,2024-03-23
C0286,18-24,Женский,Пермь,2021-01-04
C0287,35-44,Женский,Пермь,2022-01-19
C0288,35-44,Женский,Красноярск,2021-05-19
C0289,55+,Женский,Владивосток,2023-11-06
C0290,25-34,Женский,Краснодар,2021-03-31
C0291,35-44,Мужской,Омск,2021-02-03
C0292,25-34,Женский,Самара,2024-09-07
C0293,35-44,Мужской,Хабаровск,2022-11-12
C0294,18-24,Женский,Уфа,2024-08-09
C0295,18-24,Мужской,Волгоград,2023-09-08
C0296,35-44,Мужской,Новосибирск,2023-07-27
C0297,18-24,Женский,Владивосток,2022-02-13
C0298,45-54,Женский,Ростов-на-Дону,2023-11-22
C0299,25-34,Мужской,Краснодар,2022-06-03
C0300,18-24,Мужской,Ростов-на-Дону,2023-01-02
C0301,45-54,Женский,Барнаул,2022-11-11
C0302,25-34,Мужской,Пермь,2023-03-31
C0303,35-44,Мужской,Воронеж,2022-11-26
C0304,55+,Женский,Краснодар,2023-01-23
C0305,45-54,Женский,Владивосток,2021-06-19
C0306,35-44,Женский,Ижевск,2022-01-05
C0307,25-34,Женский,Новосибирск,2022-11-03
C0308,35-44,Женский,Ижевск,2023-05-23
C0309,18-24,Женский,Волгоград,2021-03-28
C0310,35-44,Мужской,Ижевск,2023-06-10
C0311,25-34,Мужской,Санкт-Петербург,2021-06-03
C0312,35-44,Женский,Саратов,2024-10-23
C0313,18-24,Женский,Томск,2024-05-29
C0314,35-44,Женский,Казань,2021-05-18
C0315,18-24,Мужской,Красноярск,2023-02-24
C0316,45-54,Женский,Казань,2024-10-22
C0317,25-34,Женский,Волгоград,2021-06-07
C0318,25-34,Женский,Воронеж,2022-10-06
C0319,35-44,Женский,Екатеринбург,2021-02-23
C0320,35-44,Женский,Воронеж,2024-02-25
C0321,18-24,Мужской,Иркутск,2023-07-03
C0322,18-24,Женский,Иркутск,2023-10-03
C0323,18-24,Женский,Новосибирск,2023-07-15
C0324,18-24,Мужской,Новосибирск,2024-10-28
C0325,55+,Мужской,Ульяновск,2022-12-13
C0326,35-44,Женский,Ростов-на-Дону,2022-09-07
C0327,45-54,Мужской,Кемерово,2024-07-30
C0328,18-24,Женский,Самара,2021-09-06
C0329,55+,Мужской,Самара,2023-10-09
C0330,18-24,Женский,Красноярск,2023-08-16
C0331,45-54,Женский,Ижевск,2021-06-26
C0332,18-24,Женский,Иркутск,2023-09-08
C0333,25-34,Мужской,Махачкала,2024-03-23
C0334,18-24,Мужской,Барнаул,2021-06-01
C0335,25-34,Мужской,Красноярск,2021-09-20
C0336,45-54,Мужской,Барнаул,2024-04-18
C0337,18-24,Мужской,Пермь,2023-10-27
C0338,45-54,Женский,Екатеринбург,2023-11-28
C0339,18-24,Женский,Уфа,2022-04-07
C0340,25-34,Мужской,Оренбург,2022-08-05
C0341,45-54,Женский,Барнаул,2024-02-03
C0342,25-34,Мужской,Ижевск,2023-12-29
C0343,18-24,Мужской,Тольятти,2024-04-04
C0344,18-24,Мужской,Хабаровск,2024-05-24
C0345,25-34,Мужской,Санкт-Петербург,2021-02-28
C0346,18-24,Мужской,Ярославль,2024-03-27
C0347,25-34,Женский,Тольятти,2023-05-04
C0348,35-44,Женский,Оренбург,2024-07-08
C0349,25-34,Мужской,Ростов-на-Дону,2023-09-17
C0350,18-24,Мужской,Воронеж,2022-09-02
C0351,25-34,Мужской,Нижний Новгород,2023-06-20
C0352,25-34,Женский,Уфа,2024-05-27
C0353,18-24,Мужской,Уфа,2022-12-09
C0354,55+,Женский,Красноярск,2023-11-21
C0355,25-34,Женский,Волгоград,2021-09-08
C0356,25-34,Женский,Екатеринбург,2021-04-14
C0357,25-34,Женский,Ижевск,2023-05-07
C0358,18-24,Мужской,Нижний Новгород,2022-11-02
C0359,45-54,Мужской,Челябинск,2021-11-23
C0360,25-34,Женский,Краснодар,2022-09-24
C0361,25-34,Женский,Воронеж,2023-11-02
C0362,25-34,Женский,Тольятти,2022-12-24
C0363,18-24,Женский,Ижевск,2024-09-01
C0364,35-44,Женский,Москва,2021-08-09
C0365,25-34,Мужской,Хабаровск,2023-01-20
C0366,35-44,Женский,Воронеж,2021-04-15
C0367,25-34,Женский,Тюмень,2022-08-15
C0368,18-24,Женский,Ярославль,2024-02-01
C0369,25-34,Мужской,Ульяновск,2024-06-05
C0370,18-24,Мужской,Воронеж,2023-02-04
C0371,35-44,Женский,Красноярск,2021-10-23
C0372,18-24,Женский,Саратов,2021-03-24
C0373,18-24,Женский,Уфа,2023-08-29
C0374,25-34,Женский,Оренбург,2023-11-22
C0375,18-24,Мужской,Уфа,2021-11-29
C0376,25-34,Женский,Махачкала,2022-09-05
C0377,25-34,Женский,Саратов,2023-12-27
C0378,25-34,Женский,Краснодар,2021-02-04
C0379,25-34,Мужской,Пермь,2024-04-10
C0380,25-34,Мужской,Томск,2024-07-12
C0381,18-24,Женский,Барнаул,2024-03-30
C0382,25-34,Мужской,Тольятти,2023-09-11
C0383,18-24,Мужской,Ижевск,2023-02-18
C0384,18-24,Мужской,Санкт-Петербург,2024-03-18
C0385,45-54,Женский,Москва,2023-06-23
C0386,25-34,Женский,Иркутск,2022-02-22
C0387,25-34,Мужской,Кемерово,2023-08-24
C0388,45-54,Мужской,Санкт-Петербург,2021-10-10
C0389,25-34,Женский,Ульяновск,2023-09-07
C0390,25-34,Женский,Нижний Новгород,2023-07-31
C0391,45-54,Женский,Красноярск,2024-10-16
C0392,35-44,Мужской,Барнаул,2022-06-26
C0393,35-44,Женский,Самара,2022-07-26
C0394,25-34,Женский,Ростов-на-Дону,2022-08-15
C0395,35-44,Мужской,Краснодар,2022-10-12
C0396,25-34,Женский,Кемерово,2022-07-15
C0397,25-34,Женский,Тюмень,2023-02-17
C0398,45-54,Женский,Красноярск,2021-10-27
C0399,25-34,Женский,Иркутск,2021-06-11
C0400,25-34,Женский,Омск,2023-09-09
C0401,18-24,Мужской,Омск,2024-02-26
C0402,35-44,Женский,Ижевск,2024-04-16
C0403,18-24,Женский,Оренбург,2023-12-24
C0404,18-24,Женский,Екатеринбург,2023-04-27
C0405,25-34,Женский,Ульяновск,2021-10-09
C0406,18-24,Женский,Кемерово,2021-11-20
C0407,25-34,Мужской,Оренбург,2023-09-02
C0408,25-34,Женский,Ростов-на-Дону,2022-10-20
C0409,25-34,Женский,Ярославль,2021-07-03
C0410,35-44,Женский,Хабаровск,2021-03-18
C0411,45-54,Женский,Оренбург,2021-12-27
C0412,45-54,Женский,Махачкала,2023-03-25
C0413,35-44,Женский,Хабаровск,2022-08-16
C0414,45-54,Женский,Тольятти,2024-05-19
C0415,18-24,Мужской,Ростов-на-Дону,2023-07-20
C0416,55+,Женский,Краснодар,2021-10-02
C0417,45-54,Женский,Челябинск,2021-08-19
C0418,25-34,Мужской,Барнаул,2022-06-11
C0419,35-44,Женский,Уфа,2022-08-28
C0420,25-34,Мужской,Нижний Новгород,2024-06-05
C0421,45-54,Мужской,Махачкала,2023-05-26
C0422,25-34,Женский,Ульяновск,2021-07-15
C0423,18-24,Женский,Уфа,2022-05-24
C0424,18-24,Женский,Волгоград,2022-07-01
C0425,55+,Женский,Хабаровск,2024-03-19
C0426,18-24,Мужской,Иркутск,2022-04-29
C0427,18-24,Женский,Ростов-на-Дону,2021-11-24
C0428,25-34,Женский,Оренбург,2022-09-29
C0429,35-44,Мужской,Ростов-на-Дону,2023-01-23
C0430,35-44,Женский,Казань,2023-09-07
C0431,18-24,Мужской,Ижевск,2023-02-05
C0432,25-34,Женский,Краснодар,2024-01-06
C0433,45-54,Мужской,Ярославль,2022-05-22
C0434,35-44,Женский,Владивосток,2021-06-17
C0435,25-34,Женский,Красноярск,2021-06-09
C0436,45-54,Женский,Махачкала,2024-01-27
C0437,45-54,Женский,Тюмень,2021-11-03
C0438,18-24,Мужской,Волгоград,2021-08-27
C0439,35-44,Мужской,Краснодар,2021-07-06
C0440,45-54,Женский,Санкт-Петербург,2023-07-18
C0441,18-24,Женский,Тольятти,2021-04-29
C0442,25-34,Мужской,Ростов-на-Дону,2021-02-14
C0443,25-34,Мужской,Хабаровск,2022-03-23
C0444,25-34,Женский,Красноярск,2021-05-11
C0445,25-34,Женский,Оренбург,2021-05-22
C0446,55+,Женский,Ростов-на-Дону,2023-04-18
C0447,18-24,Женский,Барнаул,2024-08-15
C0448,55+,Женский,Оренбург,2023-02-23
C0449,25-34,Мужской,Воронеж,2023-02-09
C0450,18-24,Мужской,Томск,2024-01-10
C0451,18-24,Мужской,Екатеринбург,2022-01-01
C0452,55+,Женский,Казань,2022-04-02
C0453,45-54,Мужской,Ростов-на-Дону,2023-08-07
C0454,35-44,Женский,Тюмень,2023-02-16
C0455,45-54,Женский,Красноярск,2021-11-14
C0456,25-34,Мужской,Хабаровск,2021-08-20
C0457,18-24,Мужской,Ижевск,2021-02-02
C0458,18-24,Женский,Ижевск,2021-03-10
C0459,25-34,Мужской,Томск,2021-04-10
C0460,18-24,Женский,Волгоград,2022-04-25
C0461,25-34,Мужской,Ярославль,2021-04-26
C0462,18-24,Мужской,Самара,2024-03-25
C0463,25-34,Женский,Ульяновск,2022-10-19
C0464,18-24,Мужской,Ульяновск,2023-12-04
C0465,18-24,Женский,Санкт-Петербург,2024-02-15
C0466,45-54,Мужской,Кемерово,2021-12-25
C0467,35-44,Женский,Краснодар,2021-04-07
C0468,55+,Мужской,Ульяновск,2023-02-20
C0469,35-44,Женский,Пермь,2023-04-17
C0470,18-24,Женский,Ярославль,2024-01-07
C0471,25-34,Мужской,Ростов-на-Дону,2021-10-23
C0472,45-54,Мужской,Тюмень,2023-04-26
C0473,55+,Женский,Казань,2023-03-07
C0474,18-24,Женский,Барнаул,2021-06-11
C0475,45-54,Мужской,Новосибирск,2024-01-02
C0476,35-44,Женский,Омск,2023-02-12
C0477,35-44,Женский,Томск,2021-05-30
C0478,18-24,Мужской,Хабаровск,2024-10-07
C0479,25-34,Женский,Томск,2022-11-13
C0480,25-34,Мужской,Челябинск,2022-01-25
C0481,55+,Женский,Ярославль,2023-09-08
C0482,45-54,Мужской,Иркутск,2022-02-23
C0483,25-34,Женский,Уфа,2022-08-03
C0484,25-34,Женский,Красноярск,2022-09-24
C0485,25-34,Женский,Краснодар,2023-08-13
C0486,18-24,Мужской,Краснодар,2022-10-18
C0487,45-54,Женский,Пермь,2021-04-04
C0488,25-34,Женский,Казань,2021-02-03
C0489,25-34,Мужской,Тольятти,2023-05-06
C0490,25-34,Женский,Самара,2023-02-17
C0491,25-34,Женский,Тюмень,2024-09-02
C0492,45-54,Женский,Ярославль,2023-09-28
C0493,55+,Мужской,Краснодар,2023-08-02
C0494,18-24,Мужской,Нижний Новгород,2021-10-14
C0495,35-44,Женский,Кемерово,2024-01-16
C0496,55+,Мужской,Саратов,2021-03-11
C0497,45-54,Женский,Махачкала,2024-09-30
C0498,18-24,Женский,Казань,2024-07-15
C0499,18-24,Мужской,Москва,2022-03-24
C0500,25-34,Женский,Ижевск,2024-07-30
C0501,35-44,Женский,Краснодар,2024-09-12
C0502,25-34,Женский,Тюмень,2023-04-23
C0503,18-24,Женский,Омск,2024-01-03
C0504,55+,Женский,Махачкала,2024-10-12
C0505,25-34,Мужской,Нижний Новгород,2021-08-08
C0506,45-54,Женский,Самара,2022-01-29
C0507,35-44,Женский,Красноярск,2022-07-02
C0508,35-44,Женский,Воронеж,2023-07-30
C0509,25-34,Мужской,Самара,2022-09-07
C0510,35-44,Мужской,Барнаул,2024-08-23
C0511,35-44,Женский,Воронеж,2023-02-12
C0512,25-34,Женский,Москва,2021-12-17
C0513,18-24,Мужской,Барнаул,2022-11-10
C0514,25-34,Мужской,Екатеринбург,2023-12-18
C0515,45-54,Женский,Оренбург,2024-03-06
C0516,25-34,Женский,Новосибирск,2022-07-29
C0517,45-54,Женский,Санкт-Петербург,2022-01-03
C0518,45-54,Женский,Челябинск,2024-04-17
C0519,18-24,Мужской,Махачкала,2023-03-27
C0520,45-54,Женский,Тольятти,2022-05-08
C0521,25-34,Мужской,Ульяновск,2024-01-13
C0522,25-34,Мужской,Казань,2021-06-10
C0523,25-34,Мужской,Санкт-Петербург,2021-07-20
C0524,25-34,Мужской,Уфа,2024-05-24
C0525,35-44,Мужской,Воронеж,2022-10-31
C0526,18-24,Женский,Волгоград,2023-10-02
C0527,18-24,Женский,Воронеж,2023-06-04
C0528,18-24,Женский,Воронеж,2021-06-25
C0529,35-44,Женский,Самара,2021-05-31
C0530,18-24,Женский,Иркутск,2024-07-22
C0531,18-24,Женский,Красноярск,2021-08-07
C0532,18-24,Мужской,Волгоград,2023-01-08
C0533,35-44,Женский,Новосибирск,2022-01-19
C0534,25-34,Женский,Саратов,2023-04-16
C0535,18-24,Женский,Тюмень,2021-07-10
C0536,25-34,Мужской,Томск,2023-02-28
C0537,18-24,Женский,Ярославль,2021-06-23
C0538,35-44,Женский,Самара,2024-03-17
C0539,25-34,Мужской,Нижний Новгород,2021-10-12
C0540,25-34,Женский,Казань,2021-05-10
C0541,18-24,Женский,Ростов-на-Дону,2023-09-19
C0542,35-44,Женский,Самара,2024-07-04
C0543,25-34,Женский,Волгоград,2021-08-08
C0544,18-24,Женский,Воронеж,2022-11-12
C0545,45-54,Женский,Томск,2022-11-06
C0546,25-34,Женский,Махачкала,2024-08-26
C0547,55+,Женский,Уфа,2024-05-20
C0548,45-54,Женский,Уфа,2021-12-30
C0549,55+,Мужской,Ростов-на-Дону,2024-07-20
C0550,25-34,Женский,Самара,2022-10-30
C0551,25-34,Мужской,Воронеж,2023-01-18
C0552,18-24,Женский,Тольятти,2024-01-23
C0553,18-24,Мужской,Москва,2023-08-04
C0554,45-54,Женский,Владивосток,2022-08-20
C0555,45-54,Женский,Томск,2023-04-18
C0556,35-44,Женский,Ростов-на-Дону,2022-05-11
C0557,25-34,Женский,Пермь,2023-02-12
C0558,18-24,Мужской,Краснодар,2024-04-07
C0559,25-34,Женский,Кемерово,2023-05-07
C0560,25-34,Мужской,Красноярск,2024-01-05
C0561,25-34,Мужской,Екатеринбург,2022-05-24
C0562,35-44,Женский,Барнаул,2024-06-08
C0563,18-24,Мужской,Ульяновск,2024-08-17
C0564,25-34,Мужской,Владивосток,2023-06-01
C0565,18-24,Женский,Самара,2023-11-12
C0566,35-44,Женский,Иркутск,2024-03-24
C0567,18-24,Женский,Волгоград,2024-10-23
C0568,25-34,Женский,Красноярск,2021-02-20
C0569,25-34,Женский,Кемерово,2021-06-25
C0570,18-24,Мужской,Казань,2022-12-15
C0571,25-34,Женский,Челябинск,2023-12-04
C0572,25-34,Женский,Волгоград,2023-07-16
C0573,25-34,Женский,Владивосток,2021-08-24
C0574,18-24,Женский,Екатеринбург,2024-10-18
C0575,45-54,Мужской,Хабаровск,2022-05-15
C0576,25-34,Женский,Уфа,2024-02-21
C0577,25-34,Женский,Владивосток,2023-04-10
C0578,35-44,Женский,Ульяновск,2023-06-05
C0579,25-34,Мужской,Оренбург,2022-02-09
C0580,25-34,Женский,Москва,2022-03-16
C0581,18-24,Мужской,Владивосток,2021-05-09
C0582,25-34,Мужской,Тюмень,2022-01-18
C0583,25-34,Женский,Екатеринбург,2022-06-22
C0584,35-44,Женский,Барнаул,2022-10-04
C0585,25-34,Женский,Тольятти,2021-08-22
C0586,25-34,Мужской,Ижевск,2021-12-20
C0587,45-54,Мужской,Ростов-на-Дону,2024-06-12
C0588,25-34,Мужской,Уфа,2021-08-30
C0589,18-24,Женский,Красноярск,2021-10-17
C0590,25-34,Женский,Казань,2024-03-23
C0591,25-34,Женский,Барнаул,2024-01-06
C0592,35-44,Мужской,Нижний Новгород,2024-02-11
C0593,18-24,Женский,Нижний Новгород,2022-10-07
C0594,45-54,Женский,Томск,2023-01-06
C0595,55+,Женский,Челябинск,2023-02-26
C0596,55+,Женский,Краснодар,2023-04-18
C0597,35-44,Женский,Махачкала,2023-06-29
C0598,25-34,Женский,Москва,2022-03-28
C0599,25-34,Женский,Тюмень,2022-08-15
C0600,18-24,Женский,Хабаровск,2023-10-12
C0601,25-34,Женский,Екатеринбург,2022-07-03
C0602,35-44,Мужской,Красноярск,2024-01-16
C0603,45-54,Женский,Хабаровск,2023-06-23
C0604,25-34,Мужской,Екатеринбург,2024-08-31
C0605,35-44,Женский,Санкт-Петербург,2023-07-11
C0606,25-34,Мужской,Новосибирск,2023-06-19
C0607,45-54,Женский,Владивосток,2022-05-01
C0608,18-24,Мужской,Иркутск,2022-12-20
C0609,45-54,Женский,Пермь,2021-12-06
C0610,35-44,Мужской,Махачкала,2022-02-28
C0611,45-54,Женский,Тюмень,2022-07-30
C0612,25-34,Женский,Иркутск,2022-08-23
C0613,25-34,Женский,Томск,2023-11-20
C0614,55+,Мужской,Екатеринбург,2021-10-05
C0615,55+,Мужской,Кемерово,2021-05-02
C0616,55+,Мужской,Казань,2021-09-29
C0617,18-24,Мужской,Махачкала,2022-05-22
C0618,35-44,Мужской,Краснодар,2021-10-19
C0619,25-34,Женский,Пермь,2023-02-08
C0620,25-34,Мужской,Оренбург,2021-07-10
C0621,25-34,Мужской,Иркутск,2023-01-26
C0622,25-34,Женский,Тольятти,2021-01-06
C0623,45-54,Мужской,Новосибирск,2023-07-28
C0624,35-44,Мужской,Томск,2021-05-10
C0625,35-44,Женский,Пермь,2022-03-10
C0626,25-34,Женский,Ростов-на-Дону,2022-11-23
C0627,25-34,Женский,Томск,2023-09-21
C0628,35-44,Мужской,Ярославль,2021-04-10
C0629,18-24,Мужской,Махачкала,2023-07-31
C0630,18-24,Мужской,Нижний Новгород,2023-06-23
C0631,25-34,Мужской,Пермь,2022-02-19
C0632,55+,Мужской,Оренбург,2024-08-24
C0633,25-34,Мужской,Оренбург,2022-07-16
C0634,18-24,Женский,Новосибирск,2023-02-01
C0635,35-44,Мужской,Санкт-Петербург,2023-03-23
C0636,35-44,Мужской,Ярославль,2022-04-25
C0637,25-34,Женский,Екатеринбург,2021-01-03
C0638,18-24,Женский,Тольятти,2022-04-09
C0639,25-34,Женский,Москва,2022-12-05
C0640,45-54,Мужской,Пермь,2021-09-28
C0641,25-34,Женский,Новосибирск,2021-07-29
C0642,18-24,Женский,Ростов-на-Дону,2021-10-08
C0643,25-34,Мужской,Томск,2021-09-30
C0644,35-44,Мужской,Новосибирск,2023-12-23
C0645,25-34,Женский,Нижний Новгород,2023-06-21
C0646,25-34,Женский,Хабаровск,2021-11-07
C0647,45-54,Женский,Волгоград,2022-03-21
C0648,18-24,Женский,Ярославль,2021-09-10
C0649,25-34,Женский,Пермь,2022-10-07
C0650,35-44,Женский,Барнаул,2021-06-22
C0651,18-24,Женский,Хабаровск,2024-05-29
C0652,25-34,Мужской,Москва,2024-09-10
C0653,45-54,Женский,Ижевск,2023-11-10
C0654,18-24,Женский,Барнаул,2021-04-22
C0655,35-44,Мужской,Самара,2023-10-11
C0656,25-34,Женский,Барнаул,2024-05-01
C0657,18-24,Мужской,Москва,2023-01-10
C0658,45-54,Женский,Томск,2024-03-10
C0659,25-34,Женский,Нижний Новгород,2023-08-23
C0660,55+,Мужской,Москва,2024-04-17
C0661,18-24,Женский,Санкт-Петербург,2021-05-04
C0662,45-54,Женский,Ростов-на-Дону,2024-07-11
C0663,35-44,Мужской,Пермь,2023-04-04
C0664,18-24,Женский,Ижевск,2021-11-09
C0665,25-34,Женский,Саратов,2022-02-21
C0666,55+,Женский,Уфа,2023-03-12
C0667,25-34,Мужской,Барнаул,2024-10-26
C0668,35-44,Женский,Пермь,2022-05-04
C0669,18-24,Женский,Пермь,2021-08-26
C0670,25-34,Женский,Ростов-на-Дону,2024-09-26
C0671,35-44,Мужской,Екатеринбург,2021-01-26
C0672,35-44,Мужской,Нижний Новгород,2023-10-14
C0673,55+,Женский,Владивосток,2022-06-15
C0674,18-24,Женский,Ярославль,2022-07-05
C0675,35-44,Женский,Оренбург,2021-03-02
C0676,25-34,Женский,Саратов,2021-05-11
C0677,25-34,Мужской,Барнаул,2021-06-07
C0678,25-34,Женский,Санкт-Петербург,2023-10-21
C0679,45-54,Женский,Нижний Новгород,2022-06-07
C0680,35-44,Мужской,Ульяновск,2021-08-25
C0681,18-24,Женский,Санкт-Петербург,2021-01-26
C0682,18-24,Женский,Воронеж,2021-11-04
C0683,18-24,Мужской,Санкт-Петербург,2024-02-07
C0684,45-54,Мужской,Барнаул,2023-05-09
C0685,18-24,Женский,Кемерово,2022-10-18
C0686,25-34,Женский,Красноярск,2021-09-02
C0687,25-34,Мужской,Нижний Новгород,2022-04-03
C0688,45-54,Мужской,Воронеж,2021-05-22
C0689,45-54,Мужской,Ярославль,2022-09-29
C0690,25-34,Женский,Москва,2023-01-26
C0691,18-24,Женский,Ростов-на-Дону,2024-06-29
C0692,18-24,Женский,Краснодар,2022-02-05
C0693,35-44,Женский,Владивосток,2022-05-18
C0694,18-24,Мужской,Москва,2022-04-23
C0695,25-34,Мужской,Иркутск,2021-01-20
C0696,55+,Женский,Ульяновск,2023-02-10
C0697,45-54,Мужской,Екатеринбург,2022-02-25
C0698,25-34,Женский,Краснодар,2021-05-03
C0699,55+,Женский,Омск,2021-07-10
C0700,18-24,Женский,Томск,2023-12-01
C0701,25-34,Мужской,Волгоград,2021-06-23
C0702,25-34,Женский,Барнаул,2023-03-19
C0703,18-24,Женский,Пермь,2024-09-18
C0704,55+,Женский,Омск,2022-10-08
C0705,45-54,Женский,Махачкала,2022-10-31
C0706,25-34,Женский,Новосибирск,2022-02-20
C0707,18-24,Мужской,Екатеринбург,2021-11-15
C0708,18-24,Женский,Уфа,2023-04-13
C0709,18-24,Женский,Ярославль,2022-03-02
C0710,25-34,Женский,Томск,2021-09-03
C0711,18-24,Мужской,Ростов-на-Дону,2024-05-20
C0712,18-24,Мужской,Уфа,2021-10-31
C0713,18-24,Женский,Красноярск,2023-03-23
C0714,25-34,Мужской,Омск,2021-12-23
C0715,18-24,Женский,Волгоград,2024-02-13
C0716,35-44,Женский,Волгоград,2021-07-28
C0717,45-54,Женский,Москва,2021-05-07
C0718,45-54,Мужской,Казань,2022-02-10
C0719,45-54,Женский,Барнаул,2024-08-13
C0720,18-24,Женский,Кемерово,2021-06-03
C0721,18-24,Женский,Оренбург,2024-08-15
C0722,25-34,Женский,Оренбург,2022-11-11
C0723,18-24,Мужской,Санкт-Петербург,2021-12-11
C0724,45-54,Женский,Хабаровск,2023-03-20
C0725,25-34,Женский,Пермь,2021-12-20
C0726,25-34,Мужской,Омск,2022-07-28
C0727,25-34,Женский,Ижевск,2024-06-22
C0728,35-44,Мужской,Краснодар,2023-04-24
C0729,45-54,Женский,Новосибирск,2022-07-27
C0730,25-34,Женский,Барнаул,2023-12-13
C0731,18-24,Мужской,Тюмень,2021-02-09
C0732,55+,Мужской,Красноярск,2023-09-10
C0733,25-34,Женский,Кемерово,2024-03-04
C0734,25-34,Женский,Нижний Новгород,2021-02-23
C0735,25-34,Женский,Оренбург,2022-07-30
C0736,18-24,Мужской,Саратов,2023-01-03
C0737,35-44,Мужской,Нижний Новгород,2021-07-25
C0738,18-24,Женский,Тюмень,2021-04-25
C0739,35-44,Мужской,Тольятти,2023-03-07
C0740,25-34,Мужской,Томск,2021-12-22
C0741,18-24,Женский,Владивосток,2023-01-05
C0742,45-54,Женский,Иркутск,2022-12-22
C0743,45-54,Женский,Тольятти,2022-01-21
C0744,45-54,Мужской,Краснодар,2024-01-16
C0745,25-34,Женский,Новосибирск,2021-04-26
C0746,18-24,Женский,Саратов,2023-09-06
C0747,18-24,Мужской,Челябинск,2021-09-25
C0748,25-34,Женский,Владивосток,2022-10-25
C0749,18-24,Женский,Иркутск,2021-10-18
C0750,35-44,Мужской,Томск,2023-01-18
C0751,55+,Женский,Ульяновск,2023-03-22
C0752,25-34,Женский,Уфа,2021-10-07
C0753,55+,Мужской,Пермь,2024-08-02
C0754,55+,Мужской,Нижний Новгород,2024-02-25
C0755,35-44,Мужской,Владивосток,2023-01-01
C0756,18-24,Женский,Нижний Новгород,2023-02-14
C0757,25-34,Мужской,Казань,2021-12-30
C0758,35-44,Мужской,Тольятти,2023-03-13
C0759,45-54,Мужской,Тольятти,2021-03-08
C0760,18-24,Женский,Владивосток,2024-06-06
C0761,18-24,Женский,Кемерово,2023-10-14
C0762,18-24,Мужской,Самара,2022-12-12
C0763,55+,Женский,Оренбург,2021-07-01
C0764,45-54,Мужской,Хабаровск,2022-11-19
C0765,25-34,Женский,Самара,2021-05-19
C0766,25-34,Мужской,Хабаровск,2021-01-03
C0767,18-24,Женский,Пермь,2021-12-07
C0768,45-54,Женский,Воронеж,2022-12-21
C0769,25-34,Женский,Краснодар,2024-03-29
C0770,35-44,Мужской,Нижний Новгород,2023-07-14
C0771,18-24,Мужской,Ростов-на-Дону,2021-02-11
C0772,25-34,Мужской,Новосибирск,2022-12-02
C0773,18-24,Женский,Хабаровск,2021-06-03
C0774,25-34,Мужской,Новосибирск,2022-11-24
C0775,25-34,Женский,Краснодар,2021-03-05
C0776,25-34,Мужской,Ижевск,2023-06-09
C0777,18-24,Женский,Челябинск,2022-01-25
C0778,25-34,Женский,Кемерово,2024-01-12
C0779,25-34,Женский,Самара,2021-07-16
C0780,18-24,Женский,Махачкала,2023-10-03
C0781,18-24,Женский,Пермь,2021-06-29
C0782,25-34,Мужской,Ижевск,2023-09-11
C0783,18-24,Женский,Нижний Новгород,2024-07-31
C0784,25-34,Женский,Томск,2021-08-25
C0785,25-34,Женский,Краснодар,2024-09-15
C0786,25-34,Мужской,Воронеж,2022-01-14
C0787,25-34,Женский,Нижний Новгород,2023-07-02
C0788,18-24,Женский,Омск,2022-04-09
C0789,45-54,Женский,Казань,2024-09-28
C0790,18-24,Мужской,Владивосток,2024-01-14
C0791,25-34,Мужской,Самара,2024-02-08
C0792,18-24,Женский,Саратов,2023-05-08
C0793,55+,Мужской,Кемерово,2023-08-31
C0794,25-34,Женский,Ростов-на-Дону,2021-06-11
C0795,25-34,Мужской,Санкт-Петербург,2023-10-26
C0796,25-34,Женский,Тольятти,2024-10-19
C0797,55+,Женский,Ярославль,2023-07-09
C0798,18-24,Мужской,Челябинск,2022-01-30
C0799,18-24,Женский,Ульяновск,2023-06-11
C0800,18-24,Мужской,Казань,2024-05-03
C0801,25-34,Мужской,Кемерово,2021-05-18
C0802,18-24,Женский,Тюмень,2022-10-30
C0803,45-54,Женский,Кемерово,2021-01-26
C0804,35-44,Мужской,Саратов,2023-05-10
C0805,18-24,Женский,Тольятти,2024-04-19
C0806,25-34,Мужской,Екатеринбург,2021-08-05
C0807,25-34,Женский,Ростов-на-Дону,2024-01-02
C0808,45-54,Мужской,Омск,2023-02-24
C0809,35-44,Женский,Краснодар,2021-03-18
C0810,18-24,Женский,Ижевск,2024-05-31
C0811,35-44,Женский,Воронеж,2022-11-10
C0812,35-44,Женский,Краснодар,2022-07-05
C0813,45-54,Женский,Махачкала,2022-09-13
C0814,25-34,Мужской,Томск,2021-07-21
C0815,55+,Женский,Ростов-на-Дону,2023-06-27
C0816,35-44,Женский,Хабаровск,2023-05-04
C0817,35-44,Женский,Волгоград,2022-03-09
C0818,45-54,Женский,Краснодар,2023-11-24
C0819,45-54,Мужской,Саратов,2021-11-22
C0820,18-24,Мужской,Воронеж,2021-10-05
C0821,35-44,Женский,Тольятти,2021-03-01
C0822,18-24,Мужской,Челябинск,2021-04-29
C0823,18-24,Женский,Кемерово,2023-01-09
C0824,35-44,Женский,Махачкала,2023-08-09
C0825,25-34,Мужской,Екатеринбург,2024-10-27
C0826,18-24,Женский,Ижевск,2023-07-03
C0827,18-24,Мужской,Тольятти,2024-02-04
C0828,25-34,Женский,Оренбург,2022-06-14
C0829,35-44,Мужской,Ростов-на-Дону,2021-02-26
C0830,25-34,Женский,Тольятти,2022-03-15
C0831,45-54,Мужской,Ульяновск,2022-02-28
C0832,25-34,Женский,Москва,2024-10-29
C0833,18-24,Мужской,Барнаул,2021-12-21
C0834,35-44,Женский,Омск,2024-05-30
C0835,45-54,Женский,Иркутск,2024-08-09
C0836,25-34,Мужской,Томск,2022-12-16
C0837,25-34,Женский,Ростов-на-Дону,2024-10-18
C0838,25-34,Мужской,Тольятти,2021-07-29
C0839,18-24,Мужской,Махачкала,2023-02-06
C0840,25-34,Женский,Ростов-на-Дону,2022-09-04
C0841,35-44,Женский,Уфа,2022-07-21
C0842,35-44,Мужской,Омск,2024-09-05
C0843,35-44,Мужской,Ростов-на-Дону,2022-01-21
C0844,18-24,Мужской,Оренбург,2021-04-27
C0845,45-54,Мужской,Ижевск,2023-04-08
C0846,35-44,Мужской,Хабаровск,2021-02-22
C0847,35-44,Мужской,Омск,2023-05-08
C0848,25-34,Мужской,Тольятти,2024-03-17
C0849,45-54,Женский,Иркутск,2022-04-01
C0850,35-44,Мужской,Краснодар,2024-10-07
C0851,25-34,Женский,Нижний Новгород,2024-09-08
C0852,45-54,Женский,Екатеринбург,2023-08-23
C0853,18-24,Женский,Владивосток,2024-02-19
C0854,35-44,Женский,Ульяновск,2022-11-19
C0855,35-44,Женский,Самара,2022-09-21
C0856,25-34,Мужской,Красноярск,2022-06-18
C0857,25-34,Женский,Екатеринбург,2023-08-22
C0858,18-24,Мужской,Тольятти,2024-06-25
C0859,18-24,Мужской,Саратов,2021-09-03
C0860,45-54,Женский,Ростов-на-Дону,2023-04-27
C0861,18-24,Мужской,Казань,2022-02-15
C0862,25-34,Мужской,Оренбург,2023-07-27
C0863,18-24,Мужской,Нижний Новгород,2021-06-15
C0864,25-34,Мужской,Нижний Новгород,2022-10-04
C0865,35-44,Женский,Омск,2022-03-05
C0866,35-44,Женский,Ярославль,2021-11-21
C0867,25-34,Мужской,Новосибирск,2021-09-23
C0868,35-44,Мужской,Воронеж,2023-05-29
C0869,55+,Женский,Санкт-Петербург,2023-12-30
C0870,18-24,Женский,Москва,2022-10-22
C0871,35-44,Женский,Москва,2024-10-17
C0872,18-24,Мужской,Самара,2022-12-07
C0873,25-34,Женский,Саратов,2024-04-20
C0874,25-34,Женский,Санкт-Петербург,2022-09-03
C0875,45-54,Женский,Саратов,2024-05-06
C0876,25-34,Женский,Ульяновск,2021-10-02
C0877,25-34,Мужской,Красноярск,2022-01-21
C0878,18-24,Мужской,Владивосток,2023-04-07
C0879,18-24,Женский,Казань,2022-03-09
C0880,35-44,Женский,Нижний Новгород,2021-09-10
C0881,25-34,Мужской,Санкт-Петербург,2023-02-08
C0882,45-54,Женский,Тюмень,2024-06-30
C0883,18-24,Мужской,Ульяновск,2021-08-10
C0884,35-44,Женский,Иркутск,2021-08-26
C0885,25-34,Женский,Тюмень,2022-06-02
C0886,25-34,Женский,Иркутск,2024-07-14
C0887,18-24,Женский,Екатеринбург,2024-09-18
C0888,25-34,Мужской,Иркутск,2021-10-08
C0889,25-34,Мужской,Саратов,2024-06-19
C0890,18-24,Женский,Екатеринбург,2023-10-17
C0891,18-24,Женский,Омск,2023-12-08
C0892,55+,Женский,Пермь,2022-08-28
C0893,18-24,Женский,Кемерово,2022-03-02
C0894,35-44,Женский,Самара,2021-01-06
C0895,18-24,Женский,Екатеринбург,2024-03-21
C0896,35-44,Женский,Новосибирск,2023-11-14
C0897,18-24,Мужской,Оренбург,2022-06-09
C0898,35-44,Женский,Ростов-на-Дону,2022-06-25
C0899,25-34,Женский,Нижний Новгород,2021-03-22
C0900,45-54,Женский,Ульяновск,2022-10-03
C0901,25-34,Женский,Томск,2021-04-04
C0902,18-24,Женский,Барнаул,2021-12-16
C0903,25-34,Мужской,Ижевск,2022-07-04
C0904,45-54,Женский,Махачкала,2022-12-03
C0905,18-24,Женский,Волгоград,2022-07-11
C0906,45-54,Мужской,Краснодар,2023-05-14
C0907,35-44,Мужской,Екатеринбург,2021-09-29
C0908,35-44,Женский,Томск,2021-11-23
C0909,18-24,Мужской,Краснодар,2024-03-11
C0910,35-44,Женский,Воронеж,2023-01-05
C0911,35-44,Мужской,Оренбург,2021-09-25
C0912,25-34,Женский,Оренбург,2023-04-23
C0913,25-34,Женский,Барнаул,2022-10-06
C0914,18-24,Мужской,Саратов,2024-03-26
C0915,35-44,Женский,Ульяновск,2022-11-24
C0916,25-34,Мужской,Ижевск,2021-07-15
C0917,25-34,Мужской,Краснодар,2022-12-10
C0918,35-44,Мужской,Казань,2024-02-18
C0919,45-54,Женский,Москва,2024-08-10
C0920,45-54,Женский,Краснодар,2023-10-13
C0921,45-54,Женский,Краснодар,2022-10-19
C0922,18-24,Мужской,Санкт-Петербург,2023-11-05
C0923,18-24,Мужской,Воронеж,2022-04-27
C0924,18-24,Женский,Тольятти,2023-07-07
C0925,18-24,Женский,Уфа,2021-09-01
C0926,55+,Мужской,Москва,2021-07-30
C0927,25-34,Женский,Тюмень,2021-01-01
C0928,45-54,Мужской,Ижевск,2024-07-29
C0929,25-34,Женский,Челябинск,2024-09-02
C0930,35-44,Мужской,Красноярск,2021-04-22
C0931,45-54,Мужской,Уфа,2024-02-22
C0932,35-44,Женский,Иркутск,2024-09-07
C0933,25-34,Женский,Екатеринбург,2024-09-11
C0934,18-24,Женский,Махачкала,2024-07-21
C0935,55+,Женский,Саратов,2023-02-05
C0936,35-44,Женский,Нижний Новгород,2023-10-06
C0937,18-24,Мужской,Хабаровск,2023-04-19
C0938,18-24,Женский,Челябинск,2021-09-05
C0939,45-54,Женский,Волгоград,2022-01-26
C0940,35-44,Женский,Пермь,2021-04-06
C0941,45-54,Мужской,Тольятти,2021-09-10
C0942,35-44,Женский,Ульяновск,2024-04-21
C0943,55+,Женский,Краснодар,2021-01-09
C0944,25-34,Женский,Кемерово,2023-06-06
C0945,45-54,Женский,Саратов,2021-12-29
C0946,35-44,Женский,Махачкала,2021-09-20
C0947,18-24,Мужской,Ижевск,2022-10-22
C0948,25-34,Женский,Ижевск,2022-05-24
C0949,25-34,Мужской,Ростов-на-Дону,2023-07-17
C0950,45-54,Женский,Ижевск,2023-11-16
C0951,25-34,Мужской,Томск,2022-10-05
C0952,35-44,Мужской,Барнаул,2022-03-22
C0953,18-24,Мужской,Ростов-на-Дону,2022-12-09
C0954,45-54,Женский,Иркутск,2024-08-24
C0955,55+,Женский,Тюмень,2024-07-28
C0956,25-34,Женский,Красноярск,2024-02-26
C0957,25-34,Женский,Ульяновск,2023-05-05
C0958,35-44,Мужской,Тюмень,2022-08-09
C0959,45-54,Женский,Москва,2023-12-07
C0960,18-24,Женский,Санкт-Петербург,2024-10-04
C0961,18-24,Женский,Владивосток,2021-11-26
C0962,55+,Мужской,Казань,2021-05-08
C0963,35-44,Женский,Ярославль,2024-01-14
C0964,18-24,Мужской,Екатеринбург,2024-06-15
C0965,45-54,Мужской,Томск,2022-04-05
C0966,35-44,Женский,Самара,2023-11-13
C0967,35-44,Мужской,Ростов-на-Дону,2024-09-22
C0968,18-24,Женский,Пермь,2022-10-03
C0969,55+,Женский,Хабаровск,2022-05-30
C0970,18-24,Мужской,Томск,2023-06-27
C0971,45-54,Мужской,Иркутск,2024-08-19
C0972,25-34,Женский,Хабаровск,2024-05-20
C0973,18-24,Мужской,Челябинск,2022-08-26
C0974,25-34,Мужской,Новосибирск,2022-01-18
C0975,55+,Мужской,Екатеринбург,2023-02-12
C0976,18-24,Женский,Омск,2021-09-24
C0977,18-24,Мужской,Москва,2022-11-08
C0978,25-34,Мужской,Санкт-Петербург,2021-11-11
C0979,45-54,Женский,Ярославль,2024-07-04
C0980,35-44,Мужской,Краснодар,2024-03-18
C0981,25-34,Женский,Иркутск,2022-10-13
C0982,25-34,Мужской,Саратов,2021-05-20
C0983,35-44,Женский,Тюмень,2024-01-05
C0984,25-34,Женский,Оренбург,2022-03-13
C0985,35-44,Женский,Ростов-на-Дону,2022-03-24
C0986,55+,Женский,Краснодар,2024-02-24
C0987,45-54,Мужской,Москва,2021-08-23
C0988,35-44,Женский,Оренбург,2024-08-08
C0989,35-44,Мужской,Санкт-Петербург,2024-10-29
C0990,45-54,Женский,Владивосток,2021-08-21
C0991,25-34,Женский,Ростов-на-Дону,2021-02-20
C0992,45-54,Мужской,Красноярск,2023-11-20
C0993,45-54,Женский,Санкт-Петербург,2022-08-31
C0994,45-54,Женский,Саратов,2021-06-18
C0995,45-54,Женский,Ярославль,2024-01-07
C0996,25-34,Мужской,Челябинск,2024-10-04
C0997,35-44,Женский,Ульяновск,2023-05-19
C0998,45-54,Женский,Махачкала,2023-06-11
C0999,35-44,Мужской,Хабаровск,2021-11-11
C1000,18-24,Мужской,Санкт-Петербург,2021-06-29
C1001,18-24,Женский,Омск,2024-02-17
C1002,18-24,Мужской,Кемерово,2022-06-14
C1003,25-34,Женский,Воронеж,2023-06-06
C1004,25-34,Женский,Екатеринбург,2024-01-01
C1005,18-24,Мужской,Новосибирск,2024-04-14
C1006,18-24,Мужской,Красноярск,2023-10-27
C1007,18-24,Мужской,Ростов-на-Дону,2024-05-27
C1008,18-24,Мужской,Волгоград,2023-02-21
C1009,25-34,Мужской,Краснодар,2021-11-17
C1010,25-34,Женский,Воронеж,2024-01-23
C1011,25-34,Мужской,Ростов-на-Дону,2024-10-19
C1012,45-54,Мужской,Томск,2024-08-19
C1013,25-34,Мужской,Тюмень,2024-02-11
C1014,18-24,Женский,Тольятти,2024-05-06
C1015,25-34,Женский,Новосибирск,2022-09-17
C1016,18-24,Мужской,Хабаровск,2022-12-06
C1017,18-24,Мужской,Томск,2023-11-16
C1018,18-24,Женский,Ижевск,2022-06-02
C1019,18-24,Женский,Владивосток,2024-03-07
C1020,45-54,Мужской,Кемерово,2024-01-30
C1021,25-34,Женский,Ростов-на-Дону,2024-10-07
C1022,18-24,Женский,Хабаровск,2024-04-04
C1023,25-34,Женский,Казань,2024-10-06
C1024,35-44,Женский,Ижевск,2021-05-23
C1025,45-54,Женский,Волгоград,2022-11-04
C1026,35-44,Женский,Тольятти,2021-11-09
C1027,25-34,Женский,Уфа,2023-05-28
C1028,18-24,Женский,Владивосток,2022-03-30
C1029,35-44,Мужской,Омск,2023-01-07
C1030,18-24,Мужской,Оренбург,2023-09-10
C1031,25-34,Женский,Ростов-на-Дону,2023-09-25
C1032,25-34,Женский,Ижевск,2021-06-17
C1033,45-54,Мужской,Казань,2024-01-09
C1034,18-24,Мужской,Барнаул,2021-06-06
C1035,35-44,Мужской,Томск,2023-11-05
C1036,35-44,Мужской,Тольятти,2023-04-10
C1037,35-44,Женский,Санкт-Петербург,2024-02-04
C1038,25-34,Мужской,Тюмень,2023-08-25
C1039,35-44,Женский,Воронеж,2022-04-03
C1040,45-54,Женский,Томск,2022-08-19
C1041,18-24,Женский,Новосибирск,2023-03-24
C1042,25-34,Женский,Самара,2024-06-11
C1043,35-44,Мужской,Казань,2023-07-03
C1044,18-24,Женский,Тольятти,2024-09-12
C1045,45-54,Женский,Хабаровск,2023-09-18
C1046,45-54,Женский,Ярославль,2023-09-26
C1047,18-24,Женский,Самара,2021-03-29
C1048,35-44,Женский,Владивосток,2023-01-10
C1049,25-34,Мужской,Оренбург,2021-04-06
C1050,18-24,Мужской,Екатеринбург,2023-12-04
C1051,35-44,Женский,Хабаровск,2022-06-24
C1052,25-34,Женский,Воронеж,2024-08-31
C1053,25-34,Женский,Оренбург,2021-06-09
C1054,25-34,Женский,Кемерово,2022-04-02
C1055,25-34,Женский,Томск,2022-12-08
C1056,25-34,Женский,Ижевск,2021-01-14
C1057,25-34,Женский,Нижний Новгород,2022-04-17
C1058,18-24,Мужской,Челябинск,2021-11-04
C1059,18-24,Женский,Иркутск,2021-08-31
C1060,35-44,Женский,Уфа,2021-08-21
C1061,25-34,Женский,Челябинск,2024-04-24
C1062,18-24,Мужской,Москва,2022-05-15
C1063,18-24,Женский,Нижний Новгород,2021-10-03
C1064,35-44,Женский,Тольятти,2021-10-28
C1065,18-24,Женский,Нижний Новгород,2023-11-25
C1066,55+,Женский,Тольятти,2024-07-29
C1067,18-24,Мужской,Ульяновск,2022-08-04
C1068,45-54,Женский,Ижевск,2023-08-24
C1069,45-54,Женский,Махачкала,2023-04-22
C1070,35-44,Мужской,Махачкала,2022-01-08
C1071,35-44,Женский,Нижний Новгород,2022-12-03
C1072,45-54,Женский,Новосибирск,2022-04-16
C1073,25-34,Женский,Москва,2022-02-19
C1074,25-34,Мужской,Ульяновск,2023-05-10
C1075,45-54,Женский,Нижний Новгород,2023-09-02
C1076,45-54,Женский,Оренбург,2023-12-25
C1077,25-34,Женский,Краснодар,2024-09-12
C1078,18-24,Женский,Махачкала,2021-01-03
C1079,45-54,Мужской,Барнаул,2023-06-03
C1080,25-34,Женский,Санкт-Петербург,2023-12-22
C1081,25-34,Мужской,Краснодар,2023-02-20
C1082,25-34,Мужской,Кемерово,2024-03-25
C1083,18-24,Женский,Краснодар,2022-04-22
C1084,45-54,Женский,Ижевск,2024-01-19
C1085,25-34,Женский,Иркутск,2021-01-15
C1086,25-34,Женский,Москва,2023-02-08
C1087,35-44,Мужской,Уфа,2023-04-18
C1088,25-34,Женский,Барнаул,2024-04-13
C1089,25-34,Мужской,Пермь,2024-03-02
C1090,25-34,Женский,Ульяновск,2023-03-25
C1091,35-44,Женский,Владивосток,2024-02-16
C1092,25-34,Женский,Тюмень,2023-09-18
C1093,25-34,Женский,Красноярск,2023-03-27
C1094,35-44,Мужской,Ульяновск,2021-09-01
C1095,35-44,Женский,Иркутск,2021-11-28
C1096,18-24,Женский,Владивосток,2022-11-25
C1097,45-54,Женский,Ульяновск,2021-04-17
C1098,18-24,Мужской,Москва,2021-07-06
C1099,45-54,Женский,Ижевск,2023-06-11
C1100,18-24,Женский,Красноярск,2021-06-13
C1101,35-44,Мужской,Кемерово,2023-04-01
C1102,35-44,Женский,Иркутск,2024-05-08
C1103,18-24,Мужской,Нижний Новгород,2024-08-04
C1104,25-34,Женский,Томск,2024-09-07
C1105,45-54,Женский,Челябинск,2021-03-10
C1106,35-44,Женский,Иркутск,2022-04-20
C1107,35-44,Мужской,Красноярск,2022-05-05
C1108,35-44,Мужской,Новосибирск,2022-07-20
C1109,35-44,Женский,Воронеж,2023-04-11
C1110,25-34,Женский,Хабаровск,2021-05-21
C1111,45-54,Женский,Хабаровск,2024-02-20
C1112,45-54,Женский,Махачкала,2022-07-21
C1113,18-24,Мужской,Волгоград,2023-04-08
C1114,25-34,Женский,Пермь,2023-11-03
C1115,18-24,Женский,Ростов-на-Дону,2022-11-28
C1116,45-54,Мужской,Омск,2024-01-07
C1117,45-54,Женский,Иркутск,2023-06-26
C1118,55+,Женский,Ярославль,2022-05-14
C1119,35-44,Мужской,Волгоград,2024-10-27
C1120,25-34,Женский,Москва,2023-09-15
C1121,18-24,Женский,Барнаул,2022-03-28
C1122,35-44,Женский,Уфа,2023-04-25
C1123,55+,Женский,Москва,2022-06-24
C1124,18-24,Женский,Ульяновск,2022-12-02
C1125,18-24,Мужской,Краснодар,2022-10-05
C1126,25-34,Мужской,Омск,2022-01-10
C1127,45-54,Мужской,Кемерово,2022-01-25
C1128,25-34,Женский,Хабаровск,2022-05-11
C1129,45-54,Женский,Челябинск,2022-05-27
C1130,45-54,Женский,Ярославль,2021-08-07
C1131,18-24,Женский,Ульяновск,2023-10-06
C1132,35-44,Мужской,Тюмень,2021-03-28
C1133,45-54,Женский,Уфа,2023-10-06
C1134,45-54,Мужской,Тольятти,2022-07-17
C1135,25-34,Мужской,Кемерово,2023-11-13
C1136,25-34,Женский,Тольятти,2021-09-20
C1137,18-24,Мужской,Краснодар,2024-01-13
C1138,18-24,Женский,Томск,2021-12-24
C1139,25-34,Женский,Саратов,2023-08-01
C1140,25-34,Женский,Ульяновск,2022-03-08
C1141,25-34,Женский,Красноярск,2024-06-08
C1142,45-54,Женский,Омск,2022-05-01
C1143,25-34,Мужской,Уфа,2023-01-20
C1144,18-24,Женский,Пермь,2023-02-02
C1145,25-34,Женский,Волгоград,2022-01-04
C1146,25-34,Мужской,Ульяновск,2022-04-14
C1147,45-54,Мужской,Владивосток,2022-04-28
C1148,25-34,Мужской,Челябинск,2021-10-26
C1149,45-54,Мужской,Краснодар,2021-01-20
C1150,18-24,Женский,Оренбург,2024-07-15
C1151,25-34,Мужской,Владивосток,2023-09-24
C1152,25-34,Женский,Тольятти,2021-04-08
C1153,25-34,Мужской,Санкт-Петербург,2022-03-18
C1154,45-54,Женский,Барнаул,2021-07-17
C1155,25-34,Женский,Красноярск,2023-01-08
C1156,25-34,Мужской,Омск,2022-12-06
C1157,18-24,Женский,Томск,2024-10-23
C1158,55+,Женский,Тольятти,2024-08-23
C1159,35-44,Женский,Ярославль,2022-08-06
C1160,25-34,Мужской,Краснодар,2023-07-05
C1161,45-54,Женский,Ростов-на-Дону,2023-08-08
C1162,35-44,Женский,Нижний Новгород,2024-08-04
C1163,45-54,Женский,Барнаул,2024-06-08
C1164,25-34,Мужской,Новосибирск,2021-06-12
C1165,18-24,Женский,Уфа,2024-08-30
C1166,25-34,Женский,Барнаул,2023-03-21
C1167,25-34,Женский,Томск,2023-01-14
C1168,35-44,Женский,Волгоград,2023-04-28
C1169,18-24,Мужской,Казань,2022-04-26
C1170,35-44,Мужской,Иркутск,2021-06-13
C1171,18-24,Женский,Екатеринбург,2021-05-11
C1172,45-54,Женский,Санкт-Петербург,2021-02-23
C1173,35-44,Женский,Новосибирск,2021-08-01
C1174,25-34,Женский,Барнаул,2023-03-10
C1175,25-34,Женский,Ростов-на-Дону,2023-06-27
C1176,35-44,Женский,Махачкала,2021-12-16
C1177,18-24,Мужской,Томск,2022-10-29
C1178,45-54,Женский,Томск,2024-01-13
C1179,45-54,Женский,Казань,2024-01-10
C1180,18-24,Женский,Барнаул,2024-07-26
C1181,45-54,Женский,Барнаул,2024-08-02
C1182,25-34,Мужской,Краснодар,2024-01-11
C1183,18-24,Женский,Ростов-на-Дону,2023-01-20
C1184,25-34,Женский,Москва,2021-01-01
C1185,25-34,Мужской,Казань,2022-12-06
C1186,25-34,Женский,Иркутск,2023-10-05
C1187,45-54,Женский,Москва,2023-06-01
C1188,35-44,Женский,Владивосток,2021-01-15
C1189,25-34,Женский,Оренбург,2024-02-23
C1190,25-34,Женский,Иркутск,2024-08-15
C1191,25-34,Женский,Омск,2021-06-12
C1192,25-34,Женский,Ярославль,2024-06-09
C1193,45-54,Мужской,Ростов-на-Дону,2024-08-21
C1194,35-44,Мужской,Пермь,2022-01-21
C1195,45-54,Женский,Ростов-на-Дону,2021-08-15
C1196,35-44,Женский,Омск,2024-06-29
C1197,25-34,Женский,Казань,2021-04-12
C1198,55+,Женский,Екатеринбург,2022-08-01
C1199,25-34,Мужской,Хабаровск,2021-01-17
C1200,18-24,Женский,Краснодар,2022-03-21
C1201,25-34,Женский,Владивосток,2023-10-18
C1202,55+,Женский,Владивосток,2021-03-06
C1203,25-34,Мужской,Казань,2021-04-25
C1204,25-34,Женский,Тюмень,2023-08-21
C1205,18-24,Мужской,Омск,2023-02-21
C1206,45-54,Женский,Ярославль,2022-05-25
C1207,25-34,Мужской,Самара,2021-03-10
C1208,18-24,Мужской,Екатеринбург,2023-12-04
C1209,35-44,Женский,Воронеж,2024-10-27
C1210,55+,Мужской,Нижний Новгород,2024-07-12
C1211,35-44,Мужской,Тюмень,2023-12-03
C1212,18-24,Женский,Ростов-на-Дону,2022-02-11
C1213,25-34,Женский,Ульяновск,2022-03-23
C1214,55+,Женский,Пермь,2022-10-27
C1215,18-24,Мужской,Тольятти,2021-09-03
C1216,25-34,Женский,Санкт-Петербург,2024-04-05
C1217,35-44,Женский,Ижевск,2021-11-14
C1218,25-34,Женский,Нижний Новгород,2023-10-21
C1219,18-24,Женский,Кемерово,2024-07-04
C1220,18-24,Женский,Казань,2024-01-04
C1221,35-44,Женский,Самара,2022-10-11
C1222,55+,Мужской,Ярославль,2022-12-13
C1223,45-54,Женский,Челябинск,2021-02-13
C1224,35-44,Женский,Казань,2022-05-29
C1225,45-54,Женский,Волгоград,2024-02-19
C1226,25-34,Мужской,Челябинск,2024-03-06
C1227,18-24,Женский,Хабаровск,2023-08-18
C1228,25-34,Мужской,Кемерово,2024-02-10
C1229,18-24,Женский,Волгоград,2022-08-29
C1230,45-54,Женский,Волгоград,2021-01-02
C1231,35-44,Женский,Хабаровск,2022-01-15
C1232,45-54,Женский,Красноярск,2024-06-24
C1233,18-24,Мужской,Ульяновск,2024-01-09
C1234,45-54,Женский,Ульяновск,2023-10-16
C1235,35-44,Женский,Ростов-на-Дону,2022-10-23
C1236,25-34,Женский,Екатеринбург,2023-12-08
C1237,35-44,Женский,Казань,2022-01-01
C1238,45-54,Женский,Краснодар,2022-01-28
C1239,18-24,Женский,Махачкала,2023-03-07
C1240,35-44,Женский,Иркутск,2024-04-23
C1241,25-34,Женский,Ижевск,2021-05-26
C1242,18-24,Мужской,Барнаул,2023-10-04
C1243,45-54,Мужской,Волгоград,2024-08-01
C1244,18-24,Женский,Оренбург,2023-05-02
C1245,45-54,Мужской,Санкт-Петербург,2024-06-17
C1246,25-34,Женский,Новосибирск,2022-09-15
C1247,18-24,Женский,Саратов,2021-07-18
C1248,18-24,Женский,Воронеж,2022-01-24
C1249,18-24,Мужской,Тольятти,2024-07-04
C1250,45-54,Женский,Тюмень,2023-05-01
C1251,35-44,Мужской,Тольятти,2023-01-04
C1252,35-44,Мужской,Пермь,2021-08-02
C1253,18-24,Женский,Воронеж,2023-10-31
C1254,25-34,Женский,Ижевск,2023-06-27
C1255,45-54,Мужской,Тюмень,2022-10-27
C1256,45-54,Женский,Барнаул,2023-06-01
C1257,45-54,Женский,Самара,2024-02-28
C1258,25-34,Женский,Тюмень,2022-06-05
C1259,25-34,Женский,Воронеж,2021-01-01
C1260,35-44,Мужской,Ижевск,2021-02-03
C1261,25-34,Мужской,Ростов-на-Дону,2021-01-14
C1262,25-34,Женский,Томск,2022-10-07
C1263,18-24,Мужской,Иркутск,2022-07-20
C1264,45-54,Женский,Тольятти,2024-03-16
C1265,18-24,Женский,Красноярск,2021-11-16
C1266,18-24,Женский,Тольятти,2022-05-27
C1267,18-24,Мужской,Новосибирск,2024-03-14
C1268,25-34,Мужской,Хабаровск,2021-06-08
C1269,35-44,Мужской,Нижний Новгород,2023-09-27
C1270,45-54,Мужской,Тольятти,2021-07-15
C1271,25-34,Женский,Хабаровск,2024-03-26
C1272,25-34,Мужской,Кемерово,2022-11-16
C1273,25-34,Мужской,Пермь,2021-09-04
C1274,45-54,Женский,Барнаул,2024-05-18
C1275,45-54,Мужской,Барнаул,2023-02-23
C1276,18-24,Женский,Уфа,2024-01-11
C1277,25-34,Женский,Иркутск,2022-03-29
C1278,18-24,Мужской,Воронеж,2023-07-02
C1279,35-44,Женский,Новосибирск,2022-03-31
C1280,25-34,Мужской,Казань,2021-09-28
C1281,25-34,Женский,Хабаровск,2021-04-11
C1282,25-34,Женский,Воронеж,2023-10-25
C1283,25-34,Мужской,Ярославль,2021-10-04
C1284,25-34,Женский,Воронеж,2024-08-28
C1285,25-34,Женский,Хабаровск,2023-12-10
C1286,18-24,Женский,Ярославль,2023-05-31
C1287,25-34,Мужской,Новосибирск,2021-08-19
C1288,35-44,Женский,Красноярск,2022-01-26
C1289,25-34,Женский,Москва,2022-09-17
C1290,18-24,Женский,Махачкала,2023-06-25
C1291,35-44,Женский,Кемерово,2022-04-24
C1292,18-24,Женский,Ярославль,2021-06-25
C1293,18-24,Женский,Ижевск,2021-10-30
C1294,45-54,Мужской,Москва,2022-12-05
C1295,35-44,Женский,Волгоград,2023-08-23
C1296,18-24,Женский,Тюмень,2022-03-10
C1297,18-24,Женский,Омск,2024-01-29
C1298,25-34,Мужской,Казань,2024-09-30
C1299,18-24,Женский,Ульяновск,2023-12-15
C1300,18-24,Женский,Ростов-на-Дону,2022-02-16
C1301,35-44,Женский,Санкт-Петербург,2023-08-11
C1302,35-44,Женский,Воронеж,2024-09-14
C1303,25-34,Мужской,Ульяновск,2023-01-08
C1304,45-54,Женский,Томск,2024-08-22
C1305,25-34,Мужской,Саратов,2021-07-23
C1306,45-54,Женский,Ижевск,2023-12-25
C1307,18-24,Женский,Волгоград,2024-02-23
C1308,45-54,Женский,Самара,2023-12-21
C1309,25-34,Женский,Хабаровск,2021-11-18
C1310,18-24,Мужской,Красноярск,2024-07-04
C1311,25-34,Мужской,Саратов,2022-07-19
C1312,45-54,Мужской,Оренбург,2023-03-04
C1313,45-54,Мужской,Москва,2024-02-11
C1314,45-54,Женский,Уфа,2023-03-16
C1315,35-44,Женский,Воронеж,2023-12-03
C1316,55+,Женский,Барнаул,2022-04-11
C1317,25-34,Женский,Пермь,2022-10-02
C1318,45-54,Женский,Тюмень,2021-09-27
C1319,18-24,Женский,Тюмень,2024-11-01
C1320,45-54,Мужской,Ростов-на-Дону,2023-12-09
C1321,45-54,Женский,Кемерово,2021-10-25
C1322,35-44,Женский,Нижний Новгород,2022-10-13
C1323,18-24,Женский,Хабаровск,2021-08-31
C1324,18-24,Мужской,Казань,2021-03-02
C1325,35-44,Мужской,Пермь,2023-04-23
C1326,25-34,Мужской,Махачкала,2024-07-28
C1327,45-54,Женский,Ярославль,2022-01-20
C1328,18-24,Женский,Ярославль,2024-06-07
C1329,35-44,Женский,Ижевск,2022-04-18
C1330,25-34,Женский,Москва,2023-01-06
C1331,18-24,Мужской,Казань,2023-10-26
C1332,45-54,Женский,Барнаул,2023-02-05
C1333,18-24,Женский,Краснодар,2021-10-09
C1334,18-24,Женский,Пермь,2021-01-31
C1335,45-54,Мужской,Самара,2024-10-06
C1336,55+,Мужской,Новосибирск,2021-12-29
C1337,45-54,Мужской,Томск,2024-06-17
C1338,25-34,Женский,Волгоград,2022-05-21
C1339,25-34,Мужской,Ижевск,2023-02-19
C1340,35-44,Женский,Хабаровск,2024-03-17
C1341,25-34,Женский,Оренбург,2021-03-20
C1342,25-34,Женский,Махачкала,2021-03-28
C1343,45-54,Женский,Тюмень,2023-03-22
C1344,55+,Женский,Воронеж,2023-11-24
C1345,35-44,Мужской,Челябинск,2022-08-20
C1346,25-34,Мужской,Ярославль,2022-08-09
C1347,25-34,Женский,Ижевск,2021-04-22
C1348,35-44,Мужской,Волгоград,2024-08-16
C1349,25-34,Мужской,Екатеринбург,2022-01-04
C1350,35-44,Мужской,Иркутск,2024-01-25
C1351,18-24,Женский,Волгоград,2021-02-21
C1352,18-24,Женский,Иркутск,2022-02-18
C1353,45-54,Женский,Уфа,2024-08-21
C1354,45-54,Мужской,Иркутск,2021-09-11
C1355,18-24,Мужской,Барнаул,2023-01-14
C1356,18-24,Мужской,Хабаровск,2023-11-14
C1357,35-44,Женский,Тюмень,2023-02-19
C1358,18-24,Женский,Уфа,2024-03-04
C1359,45-54,Мужской,Нижний Новгород,2021-10-24
C1360,18-24,Мужской,Пермь,2022-09-23
C1361,25-34,Мужской,Волгоград,2022-08-15
C1362,35-44,Женский,Казань,2022-02-20
C1363,18-24,Мужской,Москва,2023-07-29
C1364,25-34,Женский,Владивосток,2021-01-12
C1365,35-44,Женский,Челябинск,2024-04-20
C1366,35-44,Женский,Волгоград,2021-06-12
C1367,35-44,Женский,Оренбург,2024-01-26
C1368,25-34,Мужской,Махачкала,2022-03-02
C1369,18-24,Женский,Барнаул,2022-12-16
C1370,18-24,Мужской,Ульяновск,2024-03-29
C1371,45-54,Женский,Кемерово,2021-06-29
C1372,18-24,Женский,Нижний Новгород,2021-11-27
C1373,35-44,Женский,Иркутск,2024-05-03
C1374,25-34,Женский,Волгоград,2024-03-31
C1375,25-34,Женский,Ярославль,2022-09-05
C1376,25-34,Мужской,Махачкала,2021-05-19
C1377,35-44,Мужской,Новосибирск,2022-08-23
C1378,25-34,Женский,Томск,2022-07-17
C1379,25-34,Женский,Челябинск,2022-03-05
C1380,35-44,Женский,Хабаровск,2024-07-12
C1381,25-34,Женский,Хабаровск,2024-05-23
C1382,45-54,Мужской,Ростов-на-Дону,2023-05-25
C1383,35-44,Женский,Саратов,2024-03-23
C1384,55+,Женский,Казань,2024-06-12
C1385,25-34,Женский,Барнаул,2023-10-17
C1386,25-34,Женский,Ижевск,2022-04-22
C1387,35-44,Мужской,Москва,2021-08-31
C1388,18-24,Мужской,Екатеринбург,2022-03-01
C1389,35-44,Мужской,Пермь,2021-04-04
C1390,25-34,Женский,Барнаул,2022-03-11
C1391,18-24,Женский,Ростов-на-Дону,2022-06-06
C1392,35-44,Женский,Саратов,2024-02-01
C1393,25-34,Женский,Ульяновск,2022-11-14
C1394,25-34,Мужской,Ижевск,2021-03-01
C1395,45-54,Женский,Махачкала,2022-11-24
C1396,45-54,Женский,Краснодар,2021-03-14
C1397,35-44,Женский,Барнаул,2023-08-02
C1398,45-54,Женский,Уфа,2023-08-06
C1399,35-44,Женский,Хабаровск,2021-04-25
C1400,45-54,Женский,Хабаровск,2024-10-20
C1401,25-34,Женский,Челябинск,2024-03-28
C1402,35-44,Мужской,Оренбург,2022-12-26
C1403,18-24,Женский,Махачкала,2021-03-05
C1404,25-34,Женский,Тюмень,2021-12-06
C1405,25-34,Женский,Ижевск,2021-08-28
C1406,45-54,Мужской,Иркутск,2022-10-07
C1407,35-44,Женский,Новосибирск,2023-10-15
C1408,45-54,Женский,Махачкала,2022-09-12
C1409,18-24,Женский,Екатеринбург,2023-02-06
C1410,35-44,Мужской,Кемерово,2021-07-09
C1411,25-34,Женский,Краснодар,2023-10-22
C1412,18-24,Женский,Краснодар,2023-12-09
C1413,25-34,Женский,Ярославль,2021-07-21
C1414,45-54,Мужской,Ульяновск,2021-09-29
C1415,18-24,Женский,Воронеж,2023-12-06
C1416,18-24,Женский,Санкт-Петербург,2024-05-02
C1417,45-54,Женский,Оренбург,2021-04-05
C1418,18-24,Мужской,Хабаровск,2022-10-02
C1419,18-24,Мужской,Барнаул,2022-03-06
C1420,25-34,Женский,Омск,2023-12-27
C1421,25-34,Женский,Екатеринбург,2022-07-13
C1422,18-24,Женский,Москва,2024-06-29
C1423,25-34,Женский,Тюмень,2022-12-19
C1424,25-34,Женский,Иркутск,2022-08-04
C1425,25-34,Женский,Ростов-на-Дону,2024-06-09
C1426,45-54,Женский,Санкт-Петербург,2021-09-24
C1427,18-24,Мужской,Санкт-Петербург,2021-08-05
C1428,25-34,Женский,Воронеж,2022-01-02
C1429,35-44,Мужской,Барнаул,2023-07-03
C1430,35-44,Женский,Махачкала,2022-02-10
C1431,35-44,Мужской,Тюмень,2021-06-10
C1432,55+,Мужской,Волгоград,2024-03-08
C1433,18-24,Мужской,Кемерово,2023-08-18
C1434,18-24,Женский,Барнаул,2023-08-12
C1435,25-34,Мужской,Казань,2024-06-17
C1436,25-34,Женский,Нижний Новгород,2024-09-24
C1437,25-34,Мужской,Уфа,2023-07-18
C1438,25-34,Женский,Екатеринбург,2022-12-21
C1439,25-34,Мужской,Ростов-на-Дону,2022-12-15
C1440,35-44,Женский,Екатеринбург,2023-04-11
C1441,45-54,Мужской,Уфа,2024-02-13
C1442,35-44,Мужской,Тюмень,2023-08-03
C1443,25-34,Женский,Ижевск,2022-05-15
C1444,25-34,Мужской,Воронеж,2021-05-16
C1445,25-34,Мужской,Тольятти,2023-06-02
C1446,35-44,Женский,Владивосток,2022-12-02
C1447,25-34,Женский,Ульяновск,2024-10-03
C1448,18-24,Мужской,Тольятти,2023-09-24
C1449,18-24,Женский,Уфа,2024-02-11
C1450,18-24,Женский,Ростов-на-Дону,2023-04-12
C1451,18-24,Женский,Махачкала,2024-05-06
C1452,35-44,Женский,Краснодар,2024-08-13
C1453,35-44,Женский,Махачкала,2021-10-12
C1454,45-54,Мужской,Барнаул,2021-01-01
C1455,35-44,Мужской,Волгоград,2023-12-25
C1456,25-34,Женский,Волгоград,2022-02-05
C1457,18-24,Мужской,Ростов-на-Дону,2024-03-13
C1458,35-44,Мужской,Кемерово,2023-06-10
C1459,35-44,Мужской,Новосибирск,2024-04-08
C1460,18-24,Мужской,Воронеж,2021-09-19
C1461,45-54,Женский,Оренбург,2024-01-30
C1462,55+,Женский,Тюмень,2023-01-06
C1463,18-24,Женский,Москва,2022-04-27
C1464,25-34,Женский,Барнаул,2022-10-14
C1465,35-44,Женский,Пермь,2024-01-22
C1466,18-24,Женский,Казань,2022-01-21
C1467,25-34,Мужской,Красноярск,2023-05-05
C1468,18-24,Мужской,Ульяновск,2021-09-15
C1469,18-24,Женский,Москва,2021-10-22
C1470,35-44,Женский,Пермь,2021-10-06
C1471,18-24,Мужской,Пермь,2023-07-23
C1472,45-54,Мужской,Кемерово,2023-05-22
C1473,35-44,Женский,Пермь,2024-02-05
C1474,45-54,Женский,Самара,2022-01-16
C1475,25-34,Женский,Краснодар,2022-04-30
C1476,35-44,Женский,Кемерово,2024-01-24
C1477,25-34,Женский,Санкт-Петербург,2024-03-09
C1478,25-34,Женский,Тольятти,2023-09-14
C1479,55+,Женский,Хабаровск,2023-12-15
C1480,55+,Мужской,Ярославль,2022-07-27
C1481,25-34,Женский,Оренбург,2024-06-03
C1482,18-24,Женский,Хабаровск,2024-09-21
C1483,55+,Женский,Барнаул,2024-01-10
C1484,35-44,Женский,Санкт-Петербург,2022-12-05
C1485,25-34,Женский,Волгоград,2023-11-16
C1486,45-54,Женский,Уфа,2023-05-13
C1487,25-34,Мужской,Ростов-на-Дону,2022-08-16
C1488,18-24,Мужской,Ижевск,2022-09-15
C1489,35-44,Женский,Санкт-Петербург,2024-07-12
C1490,25-34,Женский,Санкт-Петербург,2024-09-06
C1491,55+,Мужской,Ижевск,2021-02-25
C1492,25-34,Женский,Саратов,2021-06-07
C1493,45-54,Женский,Казань,2024-06-15
C1494,25-34,Мужской,Москва,2021-08-17
C1495,35-44,Мужской,Хабаровск,2021-11-06
C1496,35-44,Женский,Нижний Новгород,2022-06-20
C1497,35-44,Женский,Нижний Новгород,2023-12-17
C1498,45-54,Женский,Новосибирск,2021-10-25
C1499,25-34,Мужской,Махачкала,2023-10-13
C1500,35-44,Женский,Воронеж,2022-05-03
C1501,35-44,Мужской,Нижний Новгород,2022-03-08
C1502,25-34,Мужской,Санкт-Петербург,2024-08-08
C1503,25-34,Мужской,Санкт-Петербург,2021-12-10
C1504,25-34,Женский,Краснодар,2023-12-27
C1505,18-24,Мужской,Воронеж,2023-08-30
C1506,25-34,Женский,Пермь,2021-01-25
C1507,25-34,Мужской,Воронеж,2024-10-21
C1508,25-34,Женский,Санкт-Петербург,2021-07-19
C1509,45-54,Мужской,Томск,2023-06-04
C1510,35-44,Мужской,Омск,2022-11-18
C1511,25-34,Мужской,Омск,2024-09-02
C1512,25-34,Женский,Ульяновск,2022-05-11
C1513,35-44,Женский,Челябинск,2023-12-01
C1514,25-34,Мужской,Нижний Новгород,2022-10-04
C1515,25-34,Мужской,Махачкала,2021-05-20
C1516,18-24,Женский,Екатеринбург,2023-07-03
C1517,25-34,Мужской,Омск,2022-01-31
C1518,18-24,Женский,Санкт-Петербург,2024-05-01
C1519,35-44,Мужской,Ижевск,2024-07-30
C1520,18-24,Мужской,Новосибирск,2024-05-23
C1521,18-24,Мужской,Оренбург,2024-08-19
C1522,25-34,Мужской,Оренбург,2021-08-16
C1523,35-44,Женский,Волгоград,2024-09-14
C1524,45-54,Мужской,Кемерово,2022-07-21
C1525,35-44,Мужской,Ульяновск,2022-10-25
C1526,25-34,Мужской,Омск,2021-05-08
C1527,25-34,Женский,Санкт-Петербург,2022-06-13
C1528,55+,Женский,Волгоград,2021-05-23
C1529,25-34,Мужской,Ижевск,2023-03-16
C1530,18-24,Женский,Казань,2024-01-13
C1531,35-44,Женский,Барнаул,2021-08-06
C1532,45-54,Мужской,Екатеринбург,2021-03-13
C1533,18-24,Женский,Омск,2023-07-03
C1534,18-24,Женский,Барнаул,2024-08-04
C1535,18-24,Женский,Воронеж,2022-06-30
C1536,18-24,Женский,Воронеж,2024-03-22
C1537,18-24,Мужской,Ярославль,2023-10-02
C1538,25-34,Женский,Хабаровск,2021-05-24
C1539,25-34,Женский,Иркутск,2023-09-15
C1540,18-24,Женский,Красноярск,2022-11-14
C1541,35-44,Женский,Барнаул,2024-08-18
C1542,18-24,Женский,Уфа,2021-06-14
C1543,45-54,Мужской,Ростов-на-Дону,2024-08-19
C1544,18-24,Женский,Воронеж,2024-09-15
C1545,18-24,Мужской,Оренбург,2021-08-07
C1546,35-44,Женский,Новосибирск,2024-07-19
C1547,25-34,Женский,Санкт-Петербург,2022-01-31
C1548,18-24,Мужской,Самара,2023-09-29
C1549,25-34,Мужской,Барнаул,2022-09-23
C1550,25-34,Мужской,Владивосток,2023-07-10
C1551,55+,Женский,Уфа,2021-04-25
C1552,25-34,Мужской,Воронеж,2021-08-31
C1553,18-24,Мужской,Саратов,2023-07-28
C1554,45-54,Мужской,Тюмень,2021-11-02
C1555,35-44,Женский,Новосибирск,2021-03-17
C1556,35-44,Женский,Москва,2023-08-24
C1557,45-54,Женский,Самара,2024-08-21
C1558,18-24,Женский,Санкт-Петербург,2022-09-22
C1559,45-54,Женский,Ижевск,2021-12-16
C1560,45-54,Женский,Махачкала,2021-08-06
C1561,18-24,Женский,Ижевск,2022-03-28
C1562,18-24,Женский,Уфа,2024-10-21
C1563,25-34,Женский,Ульяновск,2024-03-25
C1564,25-34,Женский,Владивосток,2022-03-13
C1565,35-44,Женский,Уфа,2021-05-10
C1566,18-24,Женский,Пермь,2021-12-11
C1567,35-44,Женский,Волгоград,2022-05-14
C1568,45-54,Женский,Екатеринбург,2024-07-18
C1569,35-44,Мужской,Москва,2023-09-25
C1570,18-24,Женский,Кемерово,2021-07-02
C1571,35-44,Женский,Ростов-на-Дону,2023-05-03
C1572,35-44,Мужской,Краснодар,2021-09-17
C1573,18-24,Мужской,Саратов,2023-07-12
C1574,25-34,Мужской,Ижевск,2021-03-19
C1575,25-34,Мужской,Ижевск,2021-06-30
C1576,35-44,Мужской,Красноярск,2023-05-08
C1577,18-24,Женский,Екатеринбург,2023-12-22
C1578,55+,Женский,Томск,2024-01-11
C1579,25-34,Женский,Барнаул,2024-09-12
C1580,18-24,Женский,Екатеринбург,2021-11-02
C1581,35-44,Мужской,Краснодар,2023-10-16
C1582,18-24,Мужской,Санкт-Петербург,2021-04-21
C1583,35-44,Женский,Пермь,2022-05-30
C1584,25-34,Мужской,Ярославль,2023-07-18
C1585,18-24,Мужской,Кемерово,2024-01-06
C1586,18-24,Мужской,Краснодар,2023-11-21
C1587,18-24,Мужской,Хабаровск,2023-06-30
C1588,25-34,Женский,Челябинск,2024-10-18
C1589,45-54,Женский,Екатеринбург,2022-10-30
C1590,18-24,Женский,Пермь,2022-02-14
C1591,25-34,Женский,Краснодар,2024-04-13
C1592,25-34,Мужской,Казань,2022-03-19
C1593,45-54,Женский,Воронеж,2023-02-04
C1594,18-24,Мужской,Барнаул,2023-01-05
C1595,55+,Женский,Казань,2021-03-07
C1596,35-44,Женский,Казань,2021-08-16
C1597,45-54,Женский,Нижний Новгород,2022-12-05
C1598,18-24,Женский,Нижний Новгород,2024-07-30
C1599,55+,Мужской,Тольятти,2024-02-07
C1600,45-54,Женский,Томск,2023-12-05
C1601,25-34,Мужской,Тольятти,2023-08-28
C1602,45-54,Женский,Хабаровск,2023-05-27
C1603,35-44,Женский,Уфа,2023-06-09
C1604,25-34,Мужской,Тольятти,2021-11-02
C1605,45-54,Мужской,Пермь,2021-04-01
C1606,18-24,Женский,Ярославль,2023-10-30
C1607,18-24,Женский,Краснодар,2021-07-20
C1608,25-34,Женский,Тюмень,2021-01-26
C1609,35-44,Женский,Челябинск,2021-09-29
C1610,25-34,Женский,Новосибирск,2021-02-02
C1611,25-34,Женский,Иркутск,2023-07-30
C1612,45-54,Мужской,Москва,2023-07-21
C1613,25-34,Женский,Иркутск,2023-04-11
C1614,18-24,Мужской,Барнаул,2023-08-09
C1615,35-44,Женский,Барнаул,2021-05-25
C1616,25-34,Мужской,Саратов,2021-03-08
C1617,25-34,Мужской,Иркутск,2024-06-08
C1618,25-34,Мужской,Владивосток,2021-06-15
C1619,35-44,Женский,Кемерово,2021-04-23
C1620,25-34,Мужской,Красноярск,2021-04-16
C1621,18-24,Женский,Ижевск,2021-03-25
C1622,25-34,Женский,Тюмень,2021-05-18
C1623,25-34,Мужской,Казань,2022-11-17
C1624,18-24,Женский,Краснодар,2024-04-03
C1625,45-54,Мужской,Ярославль,2022-04-07
C1626,25-34,Мужской,Саратов,2024-10-25
C1627,25-34,Женский,Красноярск,2022-12-09
C1628,25-34,Женский,Махачкала,2021-09-09
C1629,25-34,Женский,Махачкала,2023-12-28
C1630,45-54,Женский,Красноярск,2024-10-10
C1631,45-54,Мужской,Оренбург,2021-05-15
C1632,18-24,Мужской,Новосибирск,2021-06-14
C1633,25-34,Женский,Новосибирск,2021-08-12
C1634,18-24,Женский,Казань,2023-10-14
C1635,18-24,Женский,Барнаул,2021-02-16
C1636,25-34,Мужской,Тюмень,2021-09-28
C1637,25-34,Женский,Хабаровск,2024-08-13
C1638,18-24,Женский,Москва,2022-04-21
C1639,45-54,Женский,Уфа,2023-04-24
C1640,25-34,Мужской,Владивосток,2022-10-31
C1641,25-34,Мужской,Саратов,2024-01-29
C1642,25-34,Женский,Казань,2022-09-20
C1643,18-24,Женский,Краснодар,2023-02-01
C1644,55+,Мужской,Санкт-Петербург,2021-10-31
C1645,25-34,Женский,Нижний Новгород,2024-06-20
C1646,45-54,Мужской,Ростов-на-Дону,2022-01-09
C1647,55+,Мужской,Иркутск,2024-09-26
C1648,35-44,Женский,Екатеринбург,2021-03-26
C1649,55+,Женский,Волгоград,2022-06-18
C1650,25-34,Женский,Иркутск,2021-03-13
C1651,35-44,Мужской,Казань,2023-02-03
C1652,25-34,Мужской,Тюмень,2022-09-10
C1653,18-24,Женский,Кемерово,2023-10-20
C1654,35-44,Мужской,Кемерово,2022-10-18
C1655,18-24,Мужской,Тюмень,2023-11-06
C1656,25-34,Мужской,Краснодар,2022-08-17
C1657,55+,Мужской,Тольятти,2024-09-27
C1658,18-24,Женский,Кемерово,2023-06-25
C1659,25-34,Женский,Краснодар,2021-03-24
C1660,18-24,Женский,Ростов-на-Дону,2021-02-20
C1661,25-34,Мужской,Волгоград,2023-01-02
C1662,18-24,Женский,Барнаул,2022-02-04
C1663,25-34,Женский,Кемерово,2022-07-24
C1664,18-24,Женский,Томск,2023-07-02
C1665,35-44,Мужской,Саратов,2023-03-19
C1666,18-24,Женский,Ижевск,2023-11-14
C1667,45-54,Мужской,Красноярск,2023-03-26
C1668,18-24,Мужской,Красноярск,2023-03-02
C1669,25-34,Женский,Красноярск,2022-09-23
C1670,55+,Мужской,Новосибирск,2022-03-18
C1671,35-44,Женский,Пермь,2023-06-26
C1672,25-34,Мужской,Оренбург,2023-05-19
C1673,35-44,Женский,Махачкала,2024-04-17
C1674,25-34,Женский,Ростов-на-Дону,2023-08-31
C1675,55+,Женский,Уфа,2021-05-16
C1676,45-54,Женский,Воронеж,2021-07-01
C1677,18-24,Мужской,Омск,2023-04-29
C1678,18-24,Женский,Тольятти,2021-10-08
C1679,18-24,Мужской,Ростов-на-Дону,2024-02-09
C1680,25-34,Мужской,Ростов-на-Дону,2024-04-13
C1681,25-34,Женский,Волгоград,2022-04-05
C1682,18-24,Женский,Омск,2022-09-07
C1683,55+,Мужской,Краснодар,2021-09-12
C1684,35-44,Мужской,Пермь,2022-01-03
C1685,25-34,Мужской,Самара,2021-02-28
C1686,18-24,Женский,Новосибирск,2024-05-11
C1687,35-44,Женский,Тольятти,2023-06-13
C1688,45-54,Мужской,Краснодар,2021-09-02
C1689,25-34,Мужской,Москва,2022-06-16
C1690,18-24,Женский,Уфа,2023-08-03
C1691,45-54,Женский,Нижний Новгород,2021-04-19
C1692,25-34,Женский,Кемерово,2022-12-31
C1693,18-24,Женский,Барнаул,2021-06-07
C1694,25-34,Мужской,Нижний Новгород,2021-07-13
C1695,25-34,Женский,Уфа,2022-10-10
C1696,45-54,Мужской,Ростов-на-Дону,2022-07-10
C1697,35-44,Мужской,Екатеринбург,2023-12-31
C1698,25-34,Мужской,Москва,2021-10-08
C1699,25-34,Женский,Краснодар,2023-04-24
C1700,25-34,Мужской,Екатеринбург,2022-03-23
C1701,18-24,Женский,Челябинск,2024-02-19
C1702,35-44,Мужской,Саратов,2023-12-26
C1703,35-44,Мужской,Владивосток,2021-08-22
C1704,25-34,Мужской,Екатеринбург,2021-09-26
C1705,45-54,Женский,Ростов-на-Дону,2023-01-13
C1706,18-24,Женский,Ижевск,2023-12-08
C1707,35-44,Женский,Иркутск,2022-09-16
C1708,18-24,Мужской,Самара,2021-09-21
C1709,45-54,Женский,Самара,2022-09-22
C1710,18-24,Женский,Новосибирск,2023-05-21
C1711,35-44,Мужской,Новосибирск,2021-02-08
C1712,35-44,Мужской,Санкт-Петербург,2022-02-07
C1713,18-24,Мужской,Саратов,2024-04-29
C1714,18-24,Женский,Омск,2021-03-30
C1715,18-24,Мужской,Ярославль,2021-07-17
C1716,35-44,Мужской,Челябинск,2024-04-18
C1717,45-54,Женский,Красноярск,2021-03-01
C1718,18-24,Мужской,Омск,2024-04-02
C1719,25-34,Женский,Саратов,2024-06-09
C1720,18-24,Женский,Екатеринбург,2024-03-30
C1721,35-44,Женский,Иркутск,2022-01-28
C1722,55+,Женский,Ярославль,2024-01-06
C1723,18-24,Мужской,Кемерово,2022-03-15
C1724,45-54,Мужской,Краснодар,2023-01-21
C1725,35-44,Женский,Ульяновск,2021-08-08
C1726,18-24,Женский,Воронеж,2023-05-19
C1727,18-24,Женский,Екатеринбург,2022-10-06
C1728,18-24,Женский,Казань,2023-10-13
C1729,35-44,Мужской,Тюмень,2021-03-25
C1730,18-24,Женский,Воронеж,2022-08-04
C1731,25-34,Мужской,Ульяновск,2023-06-29
C1732,18-24,Женский,Томск,2023-05-27
C1733,18-24,Женский,Махачкала,2023-09-02
C1734,45-54,Женский,Москва,2024-10-12
C1735,25-34,Женский,Волгоград,2023-12-07
C1736,35-44,Женский,Казань,2023-03-20
C1737,25-34,Женский,Екатеринбург,2021-12-12
C1738,18-24,Мужской,Уфа,2022-02-15
C1739,25-34,Мужской,Екатеринбург,2022-04-22
C1740,45-54,Мужской,Омск,2024-04-06
C1741,25-34,Мужской,Владивосток,2024-08-11
C1742,45-54,Женский,Ульяновск,2024-05-20
C1743,55+,Мужской,Саратов,2022-07-26
C1744,18-24,Женский,Екатеринбург,2022-05-29
C1745,25-34,Женский,Казань,2021-03-02
C1746,18-24,Женский,Новосибирск,2023-10-18
C1747,35-44,Мужской,Воронеж,2024-05-23
C1748,35-44,Женский,Ижевск,2024-06-30
C1749,18-24,Женский,Ярославль,2023-12-01
C1750,35-44,Мужской,Челябинск,2022-08-25
C1751,35-44,Женский,Омск,2024-01-16
C1752,25-34,Мужской,Тюмень,2021-02-06
C1753,55+,Женский,Пермь,2021-09-01
C1754,25-34,Женский,Воронеж,2023-06-26
C1755,25-34,Женский,Тюмень,2024-09-12
C1756,45-54,Женский,Иркутск,2021-12-03
C1757,25-34,Женский,Иркутск,2023-03-08
C1758,25-34,Женский,Ульяновск,2023-10-02
C1759,35-44,Мужской,Тольятти,2023-08-21
C1760,25-34,Мужской,Саратов,2021-04-25
C1761,25-34,Женский,Воронеж,2024-06-17
C1762,35-44,Мужской,Ростов-на-Дону,2022-10-19
C1763,18-24,Женский,Казань,2023-01-21
C1764,25-34,Мужской,Москва,2024-07-04
C1765,25-34,Женский,Красноярск,2023-01-02
C1766,25-34,Женский,Самара,2022-05-23
C1767,18-24,Женский,Новосибирск,2021-05-15
C1768,45-54,Женский,Нижний Новгород,2021-02-10
C1769,25-34,Женский,Ульяновск,2023-05-16
C1770,25-34,Мужской,Омск,2021-02-11
C1771,35-44,Женский,Уфа,2023-02-13
C1772,25-34,Женский,Екатеринбург,2023-09-28
C1773,18-24,Мужской,Уфа,2023-10-15
C1774,25-34,Мужской,Уфа,2021-12-08
C1775,35-44,Женский,Пермь,2022-02-18
C1776,25-34,Мужской,Владивосток,2021-06-04
C1777,45-54,Женский,Ростов-на-Дону,2022-06-28
C1778,18-24,Мужской,Воронеж,2022-04-08
C1779,35-44,Мужской,Иркутск,2024-03-30
C1780,18-24,Женский,Новосибирск,2024-03-06
C1781,45-54,Женский,Челябинск,2022-12-13
C1782,35-44,Мужской,Ростов-на-Дону,2023-10-31
C1783,45-54,Женский,Тюмень,2022-10-04
C1784,18-24,Женский,Ижевск,2023-11-22
C1785,25-34,Мужской,Нижний Новгород,2021-02-08
C1786,35-44,Женский,Нижний Новгород,2024-03-27
C1787,25-34,Мужской,Махачкала,2023-08-16
C1788,25-34,Мужской,Владивосток,2024-06-12
C1789,45-54,Мужской,Кемерово,2024-03-05
C1790,35-44,Женский,Челябинск,2023-01-17
C1791,25-34,Женский,Хабаровск,2022-09-07
C1792,45-54,Женский,Томск,2021-05-12
C1793,35-44,Мужской,Омск,2022-08-11
C1794,35-44,Женский,Ижевск,2022-04-29
C1795,25-34,Женский,Челябинск,2021-02-26
C1796,18-24,Мужской,Волгоград,2023-09-22
C1797,25-34,Женский,Барнаул,2021-03-17
C1798,18-24,Женский,Москва,2022-06-14
C1799,35-44,Женский,Тюмень,2021-12-27
C1800,35-44,Женский,Хабаровск,2023-09-23
C1801,35-44,Женский,Оренбург,2021-06-21
C1802,25-34,Женский,Новосибирск,2023-04-14
C1803,45-54,Мужской,Оренбург,2021-07-04
C1804,25-34,Мужской,Махачкала,2021-10-15
C1805,18-24,Женский,Саратов,2021-09-05
C1806,25-34,Мужской,Ярославль,2023-12-12
C1807,25-34,Мужской,Самара,2024-05-13
C1808,18-24,Мужской,Уфа,2024-04-11
C1809,35-44,Мужской,Хабаровск,2022-04-29
C1810,45-54,Женский,Екатеринбург,2021-12-25
C1811,18-24,Женский,Пермь,2022-06-05
C1812,45-54,Женский,Тюмень,2023-02-07
C1813,35-44,Женский,Тюмень,2023-05-18
C1814,25-34,Женский,Омск,2021-10-24
C1815,25-34,Мужской,Махачкала,2022-09-24
C1816,18-24,Мужской,Ижевск,2021-03-13
C1817,45-54,Мужской,Санкт-Петербург,2024-10-07
C1818,18-24,Женский,Ростов-на-Дону,2024-08-01
C1819,55+,Женский,Владивосток,2021-09-07
C1820,25-34,Женский,Волгоград,2023-03-07
C1821,18-24,Мужской,Кемерово,2022-06-08
C1822,25-34,Мужской,Ярославль,2022-04-28
C1823,25-34,Мужской,Нижний Новгород,2023-06-18
C1824,35-44,Мужской,Ярославль,2024-08-12
C1825,25-34,Женский,Томск,2021-06-14
C1826,45-54,Мужской,Краснодар,2023-04-26
C1827,45-54,Женский,Пермь,2021-07-25
C1828,45-54,Мужской,Саратов,2021-05-16
C1829,25-34,Женский,Махачкала,2024-01-27
C1830,35-44,Женский,Москва,2021-04-17
C1831,35-44,Женский,Волгоград,2024-08-05
C1832,18-24,Женский,Барнаул,2022-09-18
C1833,25-34,Женский,Нижний Новгород,2022-05-27
C1834,25-34,Мужской,Махачкала,2024-08-22
C1835,35-44,Мужской,Ульяновск,2023-04-21
C1836,35-44,Женский,Краснодар,2021-10-01
C1837,25-34,Мужской,Махачкала,2022-11-02
C1838,35-44,Женский,Пермь,2023-01-23
C1839,18-24,Мужской,Махачкала,2024-03-14
C1840,18-24,Мужской,Кемерово,2024-02-18
C1841,35-44,Мужской,Кемерово,2021-07-02
C1842,55+,Женский,Иркутск,2021-12-12
C1843,18-24,Женский,Ижевск,2022-06-17
C1844,18-24,Мужской,Нижний Новгород,2024-03-07
C1845,18-24,Мужской,Пермь,2023-07-19
C1846,45-54,Женский,Самара,2022-02-21
C1847,18-24,Мужской,Владивосток,2022-06-30
C1848,25-34,Женский,Казань,2023-06-03
C1849,45-54,Женский,Махачкала,2022-08-03
C1850,35-44,Женский,Нижний Новгород,2023-04-17
C1851,35-44,Женский,Омск,2022-04-28
C1852,35-44,Мужской,Красноярск,2024-04-08
C1853,35-44,Женский,Москва,2023-08-19
C1854,18-24,Женский,Иркутск,2023-03-26
C1855,35-44,Мужской,Иркутск,2023-05-17
C1856,35-44,Женский,Екатеринбург,2024-02-15
C1857,18-24,Женский,Самара,2023-08-23
C1858,45-54,Мужской,Ульяновск,2024-05-10
C1859,35-44,Мужской,Москва,2022-06-04
C1860,25-34,Женский,Воронеж,2024-10-06
C1861,25-34,Мужской,Тюмень,2021-03-26
C1862,25-34,Женский,Саратов,2023-10-07
C1863,45-54,Мужской,Казань,2021-07-03
C1864,25-34,Женский,Казань,2022-06-18
C1865,18-24,Женский,Казань,2023-10-20
C1866,45-54,Мужской,Хабаровск,2023-01-09
C1867,45-54,Женский,Оренбург,2022-06-24
C1868,35-44,Мужской,Омск,2023-11-25
C1869,25-34,Мужской,Уфа,2023-10-04
C1870,35-44,Женский,Томск,2024-09-08
C1871,35-44,Женский,Челябинск,2021-11-01
C1872,18-24,Женский,Краснодар,2022-06-17
C1873,18-24,Женский,Екатеринбург,2023-10-11
C1874,18-24,Женский,Иркутск,2024-02-23
C1875,25-34,Женский,Томск,2021-10-31
C1876,18-24,Женский,Томск,2022-08-05
C1877,18-24,Женский,Саратов,2022-07-13
C1878,25-34,Мужской,Челябинск,2024-04-10
C1879,55+,Женский,Ярославль,2024-03-14
C1880,18-24,Мужской,Самара,2023-10-18
C1881,35-44,Мужской,Москва,2022-08-06
C1882,35-44,Мужской,Воронеж,2023-02-05
C1883,25-34,Мужской,Махачкала,2022-10-25
C1884,18-24,Женский,Махачкала,2024-09-12
C1885,25-34,Мужской,Омск,2024-05-01
C1886,35-44,Женский,Санкт-Петербург,2024-09-05
C1887,35-44,Женский,Хабаровск,2024-03-11
C1888,18-24,Мужской,Владивосток,2024-08-11
C1889,25-34,Мужской,Хабаровск,2021-05-25
C1890,25-34,Женский,Новосибирск,2023-03-28
C1891,25-34,Женский,Ярославль,2023-03-28
C1892,18-24,Мужской,Нижний Новгород,2023-03-07
C1893,35-44,Женский,Ярославль,2024-09-01
C1894,18-24,Женский,Владивосток,2023-06-05
C1895,35-44,Мужской,Оренбург,2024-05-20
C1896,18-24,Мужской,Махачкала,2023-01-23
C1897,25-34,Женский,Оренбург,2023-03-06
C1898,25-34,Женский,Пермь,2021-07-04
C1899,35-44,Мужской,Ижевск,2022-01-17
C1900,25-34,Женский,Санкт-Петербург,2023-11-18
C1901,25-34,Женский,Самара,2024-08-19
C1902,35-44,Женский,Краснодар,2023-12-16
C1903,35-44,Женский,Ростов-на-Дону,2023-08-17
C1904,25-34,Мужской,Краснодар,2022-09-08
C1905,18-24,Женский,Оренбург,2022-09-08
C1906,45-54,Женский,Ростов-на-Дону,2024-03-10
C1907,18-24,Женский,Санкт-Петербург,2023-11-18
C1908,18-24,Женский,Екатеринбург,2023-08-10
C1909,35-44,Женский,Омск,2022-12-29
C1910,25-34,Женский,Саратов,2021-02-03
C1911,18-24,Мужской,Нижний Новгород,2022-01-09
C1912,45-54,Женский,Пермь,2022-09-02
C1913,25-34,Мужской,Ярославль,2024-10-04
C1914,25-34,Мужской,Уфа,2022-01-19
C1915,18-24,Женский,Ижевск,2022-06-16
C1916,45-54,Женский,Тюмень,2021-02-06
C1917,18-24,Женский,Нижний Новгород,2024-09-05
C1918,25-34,Мужской,Томск,2024-09-09
C1919,55+,Женский,Краснодар,2022-09-13
C1920,35-44,Мужской,Красноярск,2024-10-11
C1921,55+,Мужской,Владивосток,2022-09-12
C1922,18-24,Женский,Челябинск,2021-08-18
C1923,45-54,Мужской,Челябинск,2021-02-24
C1924,18-24,Мужской,Барнаул,2022-05-11
C1925,25-34,Мужской,Владивосток,2024-01-09
C1926,18-24,Женский,Волгоград,2021-10-31
C1927,25-34,Женский,Нижний Новгород,2021-11-09
C1928,35-44,Женский,Краснодар,2023-08-24
C1929,18-24,Женский,Самара,2022-02-17
C1930,25-34,Мужской,Воронеж,2021-04-15
C1931,25-34,Женский,Томск,2023-06-04
C1932,55+,Мужской,Хабаровск,2024-03-31
C1933,25-34,Женский,Ростов-на-Дону,2021-03-17
C1934,25-34,Женский,Тольятти,2024-06-06
C1935,45-54,Мужской,Томск,2023-09-27
C1936,18-24,Женский,Москва,2023-05-15
C1937,25-34,Женский,Омск,2024-08-20
C1938,25-34,Женский,Краснодар,2024-06-29
C1939,45-54,Женский,Иркутск,2023-06-13
C1940,18-24,Женский,Челябинск,2023-08-20
C1941,25-34,Женский,Самара,2024-04-18
C1942,45-54,Женский,Ижевск,2024-09-07
C1943,25-34,Мужской,Хабаровск,2023-03-11
C1944,55+,Мужской,Ульяновск,2024-08-29
C1945,35-44,Мужской,Владивосток,2021-11-28
C1946,35-44,Женский,Хабаровск,2021-06-26
C1947,35-44,Женский,Челябинск,2021-11-17
C1948,35-44,Женский,Пермь,2023-10-09
C1949,25-34,Женский,Санкт-Петербург,2021-02-07
C1950,25-34,Женский,Ульяновск,2021-11-21
C1951,18-24,Мужской,Саратов,2021-03-07
C1952,45-54,Женский,Екатеринбург,2024-06-18
C1953,18-24,Женский,Краснодар,2022-06-13
C1954,55+,Мужской,Ярославль,2021-04-06
C1955,35-44,Женский,Оренбург,2021-11-06
C1956,45-54,Мужской,Ижевск,2024-10-03
C1957,18-24,Женский,Волгоград,2023-07-26
C1958,55+,Мужской,Екатеринбург,2024-06-04
C1959,35-44,Мужской,Екатеринбург,2024-02-26
C1960,18-24,Женский,Барнаул,2021-08-30
C1961,45-54,Мужской,Нижний Новгород,2022-08-22
C1962,35-44,Мужской,Краснодар,2021-07-23
C1963,18-24,Женский,Махачкала,2021-10-10
C1964,18-24,Женский,Пермь,2021-01-14
C1965,18-24,Мужской,Уфа,2022-08-11
C1966,25-34,Женский,Красноярск,2023-04-30
C1967,25-34,Мужской,Казань,2023-12-21
C1968,25-34,Женский,Владивосток,2023-05-29
C1969,25-34,Женский,Волгоград,2023-11-24
C1970,35-44,Женский,Москва,2023-06-26
C1971,18-24,Женский,Владивосток,2023-11-26
C1972,45-54,Женский,Уфа,2023-04-03
C1973,55+,Женский,Санкт-Петербург,2023-03-17
C1974,35-44,Мужской,Барнаул,2021-11-06
C1975,45-54,Женский,Барнаул,2024-09-14
C1976,45-54,Мужской,Пермь,2023-04-04
C1977,45-54,Мужской,Томск,2022-09-16
C1978,35-44,Женский,Красноярск,2021-01-17
C1979,45-54,Мужской,Ижевск,2021-10-28
C1980,35-44,Женский,Челябинск,2024-01-20
C1981,35-44,Женский,Волгоград,2022-12-09
C1982,45-54,Мужской,Воронеж,2022-02-09
C1983,45-54,Женский,Тюмень,2022-11-17
C1984,25-34,Мужской,Оренбург,2021-09-16
C1985,25-34,Женский,Челябинск,2021-07-10
C1986,25-34,Женский,Уфа,2024-07-25
C1987,18-24,Женский,Владивосток,2024-01-11
C1988,25-34,Женский,Ярославль,2022-09-15
C1989,35-44,Мужской,Екатеринбург,2021-05-03
C1990,45-54,Женский,Саратов,2022-12-27
C1991,18-24,Мужской,Екатеринбург,2023-07-09
C1992,25-34,Мужской,Волгоград,2022-11-26
C1993,55+,Мужской,Тольятти,2024-03-04
C1994,35-44,Мужской,Ульяновск,2023-12-29
C1995,45-54,Женский,Ростов-на-Дону,2022-08-06
C1996,35-44,Мужской,Тольятти,2024-10-09
C1997,18-24,Женский,Хабаровск,2022-05-23
C1998,18-24,Женский,Челябинск,2023-01-10
C1999,25-34,Женский,Пермь,2023-04-24
C2000,18-24,Женский,Оренбург,2021-09-24
C2001,25-34,Женский,Красноярск,2024-10-18
C2002,25-34,Женский,Саратов,2023-03-20
C2003,45-54,Женский,Барнаул,2023-05-18
C2004,55+,Мужской,Краснодар,2023-05-04
C2005,45-54,Женский,Казань,2023-09-20
C2006,35-44,Женский,Иркутск,2023-11-18
C2007,45-54,Женский,Челябинск,2023-07-22
C2008,25-34,Мужской,Тюмень,2023-01-27
C2009,45-54,Женский,Томск,2023-04-17
C2010,18-24,Женский,Ростов-на-Дону,2021-03-24
C2011,25-34,Женский,Ростов-на-Дону,2023-02-06
C2012,25-34,Женский,Владивосток,2021-10-20
C2013,18-24,Женский,Санкт-Петербург,2022-09-17
C2014,45-54,Женский,Махачкала,2023-09-29
C2015,18-24,Женский,Новосибирск,2021-04-02
C2016,25-34,Женский,Тольятти,2023-07-16
C2017,45-54,Мужской,Краснодар,2024-05-25
C2018,18-24,Женский,Барнаул,2023-08-02
C2019,35-44,Мужской,Казань,2022-10-29
C2020,18-24,Мужской,Ижевск,2023-04-19
C2021,25-34,Мужской,Уфа,2024-01-13
C2022,18-24,Мужской,Волгоград,2022-07-23
C2023,35-44,Мужской,Иркутск,2021-02-20
C2024,25-34,Мужской,Иркутск,2022-09-25
C2025,25-34,Женский,Тюмень,2021-06-24
C2026,18-24,Женский,Тольятти,2021-04-19
C2027,55+,Женский,Ярославль,2023-09-02
C2028,25-34,Женский,Ульяновск,2023-12-26
C2029,18-24,Женский,Владивосток,2022-02-26
C2030,18-24,Мужской,Оренбург,2024-04-01
C2031,25-34,Мужской,Ижевск,2022-10-19
C2032,25-34,Женский,Томск,2021-02-17
C2033,25-34,Женский,Москва,2023-12-18
C2034,25-34,Женский,Екатеринбург,2021-07-23
C2035,25-34,Женский,Нижний Новгород,2022-06-08
C2036,35-44,Женский,Пермь,2024-10-21
C2037,18-24,Женский,Уфа,2022-01-07
C2038,18-24,Женский,Воронеж,2021-07-22
C2039,25-34,Женский,Уфа,2022-06-13
C2040,25-34,Мужской,Екатеринбург,2021-04-17
C2041,18-24,Мужской,Тольятти,2022-04-30
C2042,25-34,Мужской,Воронеж,2021-08-24
C2043,25-34,Женский,Тюмень,2023-04-14
C2044,18-24,Женский,Барнаул,2022-04-24
C2045,45-54,Женский,Тюмень,2024-04-15
C2046,35-44,Женский,Тюмень,2024-08-27
C2047,35-44,Женский,Пермь,2023-07-03
C2048,18-24,Мужской,Челябинск,2021-10-19
C2049,25-34,Мужской,Владивосток,2022-05-18
C2050,25-34,Женский,Кемерово,2024-02-11
C2051,25-34,Женский,Волгоград,2024-06-25
C2052,25-34,Мужской,Москва,2021-05-04
C2053,45-54,Женский,Ижевск,2022-05-29
C2054,45-54,Женский,Красноярск,2024-07-18
C2055,18-24,Мужской,Ростов-на-Дону,2021-04-04
C2056,18-24,Женский,Новосибирск,2022-09-08
C2057,18-24,Мужской,Махачкала,2021-10-14
C2058,35-44,Мужской,Оренбург,2023-06-04
C2059,18-24,Женский,Владивосток,2022-10-14
C2060,45-54,Мужской,Барнаул,2022-06-20
C2061,55+,Мужской,Омск,2022-05-19
C2062,35-44,Женский,Челябинск,2023-07-31
C2063,55+,Женский,Кемерово,2021-10-01
C2064,35-44,Женский,Краснодар,2021-01-09
C2065,45-54,Мужской,Пермь,2024-02-13
C2066,45-54,Мужской,Ярославль,2023-03-16
C2067,25-34,Мужской,Барнаул,2024-08-26
C2068,18-24,Женский,Махачкала,2024-10-07
C2069,25-34,Женский,Махачкала,2023-02-10
C2070,45-54,Женский,Нижний Новгород,2021-01-18
C2071,18-24,Женский,Челябинск,2023-06-30
C2072,18-24,Мужской,Ярославль,2022-07-30
C2073,35-44,Мужской,Челябинск,2021-07-04
C2074,45-54,Мужской,Владивосток,2022-03-29
C2075,18-24,Женский,Красноярск,2021-03-17
C2076,25-34,Мужской,Иркутск,2024-05-26
C2077,18-24,Женский,Махачкала,2024-07-31
C2078,25-34,Мужской,Тольятти,2023-10-22
C2079,25-34,Женский,Ульяновск,2024-03-04
C2080,35-44,Женский,Нижний Новгород,2021-05-14
C2081,25-34,Мужской,Казань,2022-06-16
C2082,45-54,Мужской,Оренбург,2023-12-08
C2083,35-44,Женский,Томск,2024-10-20
C2084,18-24,Мужской,Ульяновск,2023-12-28
C2085,35-44,Мужской,Оренбург,2023-07-19
C2086,18-24,Женский,Ульяновск,2024-08-24
C2087,18-24,Мужской,Пермь,2023-04-14
C2088,25-34,Мужской,Волгоград,2023-10-12
C2089,25-34,Мужской,Оренбург,2022-04-05
C2090,18-24,Мужской,Тюмень,2023-07-09
C2091,25-34,Женский,Уфа,2021-06-17
C2092,45-54,Мужской,Хабаровск,2022-04-08
C2093,55+,Женский,Новосибирск,2022-05-27
C2094,18-24,Женский,Новосибирск,2024-07-06
C2095,35-44,Женский,Пермь,2021-02-19
C2096,25-34,Мужской,Уфа,2022-05-28
C2097,18-24,Женский,Уфа,2021-04-22
C2098,45-54,Женский,Самара,2021-05-30
C2099,35-44,Женский,Ярославль,2021-07-15
C2100,35-44,Женский,Новосибирск,2021-05-05
C2101,45-54,Женский,Оренбург,2021-05-14
C2102,35-44,Женский,Владивосток,2023-06-25
C2103,18-24,Женский,Пермь,2021-05-15
C2104,18-24,Женский,Санкт-Петербург,2022-08-27
C2105,45-54,Женский,Ижевск,2023-04-22
C2106,18-24,Женский,Ульяновск,2024-07-01
C2107,18-24,Женский,Владивосток,2023-05-27
C2108,45-54,Женский,Уфа,2024-08-26
C2109,45-54,Мужской,Волгоград,2023-11-26
C2110,25-34,Женский,Екатеринбург,2021-01-26
C2111,25-34,Женский,Владивосток,2022-02-01
C2112,45-54,Женский,Саратов,2022-06-09
C2113,25-34,Женский,Ижевск,2023-06-30
C2114,18-24,Женский,Санкт-Петербург,2021-05-04
C2115,18-24,Женский,Саратов,2024-08-27
C2116,35-44,Женский,Оренбург,2024-01-14
C2117,35-44,Женский,Ростов-на-Дону,2024-05-20
C2118,25-34,Женский,Москва,2023-11-27
C2119,25-34,Мужской,Санкт-Петербург,2022-05-02
C2120,25-34,Мужской,Томск,2021-04-22
C2121,25-34,Женский,Челябинск,2024-08-04
C2122,45-54,Мужской,Уфа,2022-01-23
C2123,35-44,Мужской,Волгоград,2024-05-13
C2124,35-44,Мужской,Тольятти,2022-11-19
C2125,35-44,Женский,Нижний Новгород,2021-08-03
C2126,25-34,Мужской,Санкт-Петербург,2023-10-13
C2127,18-24,Женский,Самара,2022-04-17
C2128,25-34,Женский,Краснодар,2022-11-10
C2129,45-54,Женский,Воронеж,2022-01-13
C2130,45-54,Женский,Москва,2021-06-01
C2131,25-34,Женский,Казань,2022-08-19
C2132,25-34,Мужской,Кемерово,2023-01-08
C2133,18-24,Женский,Челябинск,2022-08-05
C2134,18-24,Мужской,Хабаровск,2021-12-23
C2135,25-34,Женский,Нижний Новгород,2022-02-06
C2136,18-24,Мужской,Кемерово,2021-07-27
C2137,18-24,Мужской,Воронеж,2024-09-03
C2138,35-44,Женский,Кемерово,2022-03-07
C2139,25-34,Женский,Владивосток,2023-02-02
C2140,35-44,Мужской,Владивосток,2024-06-30
C2141,45-54,Мужской,Новосибирск,2021-08-31
C2142,18-24,Мужской,Владивосток,2022-01-24
C2143,18-24,Женский,Красноярск,2022-10-14
C2144,25-34,Мужской,Самара,2021-04-05
C2145,35-44,Женский,Томск,2024-01-02
C2146,25-34,Женский,Самара,2021-04-20
C2147,35-44,Женский,Казань,2023-11-07
C2148,55+,Мужской,Челябинск,2021-06-16
C2149,35-44,Мужской,Ижевск,2021-05-13
C2150,18-24,Женский,Оренбург,2024-08-14
C2151,35-44,Женский,Саратов,2023-08-09
C2152,18-24,Мужской,Саратов,2023-09-17
C2153,35-44,Женский,Омск,2024-04-05
C2154,25-34,Мужской,Тольятти,2024-08-23
C2155,18-24,Женский,Челябинск,2023-07-15
C2156,45-54,Женский,Ростов-на-Дону,2023-05-21
C2157,45-54,Женский,Кемерово,2023-02-06
C2158,25-34,Женский,Ярославль,2021-06-22
C2159,25-34,Женский,Самара,2024-04-10
C2160,18-24,Женский,Уфа,2023-05-23
C2161,25-34,Женский,Красноярск,2023-10-16
C2162,25-34,Женский,Нижний Новгород,2023-06-24
C2163,18-24,Мужской,Красноярск,2021-06-18
C2164,25-34,Женский,Тюмень,2024-08-11
C2165,18-24,Женский,Самара,2021-07-21
C2166,18-24,Женский,Тюмень,2022-02-15
C2167,25-34,Мужской,Омск,2022-09-12
C2168,35-44,Мужской,Томск,2022-07-17
C2169,18-24,Женский,Казань,2024-01-18
C2170,45-54,Женский,Ростов-на-Дону,2022-08-01
C2171,45-54,Мужской,Воронеж,2023-04-11
C2172,45-54,Мужской,Москва,2023-08-25
C2173,35-44,Мужской,Казань,2023-03-26
C2174,18-24,Мужской,Челябинск,2023-08-30
C2175,18-24,Женский,Тюмень,2023-08-18
C2176,35-44,Женский,Владивосток,2021-06-25
C2177,25-34,Женский,Ярославль,2023-05-06
C2178,18-24,Женский,Тюмень,2021-03-03
C2179,25-34,Женский,Казань,2022-09-18
C2180,45-54,Женский,Владивосток,2024-09-11
C2181,45-54,Женский,Пермь,2023-05-22
C2182,35-44,Женский,Ярославль,2024-01-07
C2183,25-34,Женский,Тольятти,2021-03-07
C2184,45-54,Женский,Уфа,2024-03-09
C2185,35-44,Женский,Ижевск,2024-03-21
C2186,45-54,Мужской,Челябинск,2023-03-12
C2187,18-24,Женский,Краснодар,2021-08-11
C2188,25-34,Мужской,Барнаул,2022-09-16
C2189,18-24,Женский,Тюмень,2021-12-30
C2190,18-24,Мужской,Краснодар,2021-02-24
C2191,18-24,Женский,Воронеж,2022-08-05
C2192,18-24,Женский,Саратов,2021-05-24
C2193,25-34,Женский,Москва,2021-12-18
C2194,25-34,Мужской,Воронеж,2021-11-18
C2195,55+,Женский,Пермь,2023-09-07
C2196,35-44,Женский,Оренбург,2022-02-27
C2197,18-24,Женский,Пермь,2024-09-23
C2198,25-34,Женский,Ростов-на-Дону,2024-04-18
C2199,18-24,Мужской,Волгоград,2022-07-19
C2200,18-24,Мужской,Волгоград,2021-05-12
C2201,45-54,Женский,Самара,2023-12-13
C2202,25-34,Женский,Краснодар,2023-08-01
C2203,25-34,Женский,Новосибирск,2022-08-13
C2204,35-44,Мужской,Красноярск,2022-09-02
C2205,25-34,Мужской,Томск,2021-12-25
C2206,25-34,Женский,Ижевск,2023-06-04
C2207,25-34,Мужской,Нижний Новгород,2024-03-10
C2208,18-24,Мужской,Санкт-Петербург,2022-05-06
C2209,45-54,Женский,Оренбург,2024-07-10
C2210,25-34,Мужской,Новосибирск,2022-03-21
C2211,45-54,Женский,Ярославль,2024-02-07
C2212,18-24,Женский,Ярославль,2021-08-04
C2213,25-34,Мужской,Пермь,2023-07-13
C2214,18-24,Женский,Санкт-Петербург,2023-08-05
C2215,18-24,Мужской,Ульяновск,2023-08-04
C2216,25-34,Мужской,Томск,2022-02-03
C2217,25-34,Женский,Екатеринбург,2021-10-07
C2218,25-34,Мужской,Краснодар,2023-08-03
C2219,18-24,Женский,Самара,2023-06-16
C2220,18-24,Мужской,Махачкала,2021-11-27
C2221,18-24,Женский,Екатеринбург,2021-12-29
C2222,25-34,Женский,Воронеж,2021-12-11
C2223,18-24,Мужской,Ульяновск,2022-07-14
C2224,18-24,Женский,Челябинск,2021-03-12
C2225,45-54,Женский,Волгоград,2021-04-08
C2226,45-54,Мужской,Барнаул,2024-09-18
C2227,35-44,Мужской,Воронеж,2022-09-24
C2228,25-34,Женский,Санкт-Петербург,2023-02-12
C2229,35-44,Мужской,Красноярск,2022-05-04
C2230,18-24,Женский,Москва,2021-01-30
C2231,25-34,Женский,Ульяновск,2021-05-10
C2232,18-24,Мужской,Владивосток,2024-09-22
C2233,18-24,Женский,Пермь,2023-11-16
C2234,18-24,Женский,Тюмень,2024-07-07
C2235,18-24,Женский,Тюмень,2023-03-21
C2236,45-54,Женский,Челябинск,2021-08-05
C2237,25-34,Женский,Воронеж,2024-09-01
C2238,25-34,Женский,Волгоград,2022-03-27
C2239,18-24,Мужской,Барнаул,2024-07-01
C2240,25-34,Женский,Челябинск,2023-04-22
C2241,25-34,Женский,Екатеринбург,2024-01-04
C2242,35-44,Мужской,Тольятти,2021-12-18
C2243,25-34,Женский,Уфа,2024-07-16
C2244,35-44,Мужской,Ярославль,2021-09-30
C2245,25-34,Мужской,Оренбург,2022-10-14
C2246,55+,Мужской,Новосибирск,2022-11-18
C2247,18-24,Мужской,Волгоград,2023-02-23
C2248,25-34,Мужской,Саратов,2024-04-18
C2249,35-44,Женский,Москва,2024-06-16
C2250,35-44,Женский,Самара,2023-05-28
C2251,35-44,Женский,Санкт-Петербург,2021-10-09
C2252,25-34,Женский,Казань,2023-02-09
C2253,18-24,Женский,Кемерово,2024-05-09
C2254,55+,Женский,Оренбург,2022-11-05
C2255,18-24,Женский,Владивосток,2021-03-23
C2256,25-34,Мужской,Барнаул,2022-08-14
C2257,35-44,Женский,Хабаровск,2022-11-10
C2258,25-34,Женский,Санкт-Петербург,2024-09-23
C2259,55+,Мужской,Иркутск,2022-04-01
C2260,35-44,Женский,Уфа,2022-01-11
C2261,25-34,Женский,Томск,2023-10-04
C2262,18-24,Женский,Барнаул,2021-10-17
C2263,45-54,Женский,Нижний Новгород,2024-04-28
C2264,25-34,Мужской,Челябинск,2022-04-29
C2265,25-34,Женский,Волгоград,2022-09-30
C2266,18-24,Женский,Пермь,2021-12-28
C2267,35-44,Женский,Тольятти,2023-07-08
C2268,55+,Женский,Томск,2023-09-13
C2269,18-24,Мужской,Воронеж,2023-02-13
C2270,18-24,Женский,Саратов,2024-06-02
C2271,35-44,Мужской,Махачкала,2023-09-15
C2272,18-24,Женский,Томск,2021-06-20
C2273,35-44,Мужской,Ижевск,2024-01-06
C2274,18-24,Мужской,Омск,2023-02-19
C2275,25-34,Женский,Воронеж,2024-02-26
C2276,35-44,Женский,Казань,2023-08-20
C2277,18-24,Мужской,Москва,2021-01-27
C2278,45-54,Мужской,Красноярск,2023-10-04
C2279,25-34,Женский,Воронеж,2023-02-04
C2280,25-34,Женский,Тольятти,2021-05-26
C2281,25-34,Женский,Кемерово,2021-09-12
C2282,25-34,Женский,Челябинск,2023-06-13
C2283,55+,Мужской,Ярославль,2022-12-15
C2284,25-34,Женский,Иркутск,2023-01-25
C2285,35-44,Мужской,Кемерово,2023-05-19
C2286,35-44,Женский,Санкт-Петербург,2023-01-11
C2287,35-44,Мужской,Иркутск,2024-09-25
C2288,35-44,Женский,Волгоград,2024-10-26
C2289,18-24,Женский,Тольятти,2024-09-19
C2290,45-54,Женский,Ярославль,2021-07-09
C2291,35-44,Мужской,Воронеж,2024-04-15
C2292,55+,Женский,Кемерово,2022-01-22
C2293,45-54,Женский,Пермь,2022-06-02
C2294,35-44,Женский,Тюмень,2024-09-10
C2295,45-54,Женский,Хабаровск,2023-04-23
C2296,35-44,Мужской,Томск,2021-07-02
C2297,18-24,Женский,Владивосток,2022-12-07
C2298,45-54,Женский,Челябинск,2023-03-27
C2299,35-44,Женский,Нижний Новгород,2023-10-05
C2300,18-24,Женский,Иркутск,2023-05-06
C2301,25-34,Мужской,Хабаровск,2023-06-02
C2302,18-24,Женский,Иркутск,2021-10-03
C2303,18-24,Женский,Екатеринбург,2023-07-12
C2304,25-34,Женский,Челябинск,2021-05-01
C2305,35-44,Мужской,Челябинск,2022-06-16
C2306,55+,Мужской,Волгоград,2024-07-07
C2307,45-54,Женский,Барнаул,2021-12-07
C2308,18-24,Женский,Екатеринбург,2022-07-21
C2309,18-24,Женский,Самара,2023-09-06
C2310,25-34,Мужской,Москва,2021-05-06
C2311,25-34,Мужской,Ульяновск,2024-04-07
C2312,35-44,Женский,Челябинск,2023-12-06
C2313,35-44,Женский,Саратов,2022-06-29
C2314,45-54,Женский,Уфа,2024-05-22
C2315,25-34,Женский,Оренбург,2022-12-04
C2316,55+,Мужской,Красноярск,2024-09-24
C2317,25-34,Женский,Красноярск,2022-11-08
C2318,45-54,Женский,Томск,2023-04-03
C2319,35-44,Мужской,Казань,2021-02-22
C2320,35-44,Мужской,Омск,2022-05-25
C2321,25-34,Женский,Ульяновск,2023-09-01
C2322,25-34,Мужской,Москва,2024-07-30
C2323,55+,Мужской,Москва,2024-07-21
C2324,25-34,Женский,Владивосток,2022-10-29
C2325,35-44,Женский,Краснодар,2023-03-31
C2326,35-44,Мужской,Красноярск,2023-05-27
C2327,45-54,Мужской,Краснодар,2024-09-10
C2328,45-54,Мужской,Хабаровск,2023-02-28
C2329,25-34,Женский,Казань,2023-12-02
C2330,45-54,Мужской,Иркутск,2023-10-31
C2331,18-24,Женский,Новосибирск,2022-09-10
C2332,45-54,Мужской,Томск,2023-08-15
C2333,18-24,Женский,Екатеринбург,2023-09-15
C2334,35-44,Женский,Челябинск,2021-12-16
C2335,35-44,Мужской,Новосибирск,2021-08-05
C2336,25-34,Мужской,Нижний Новгород,2022-10-31
C2337,45-54,Мужской,Самара,2022-06-12
C2338,35-44,Мужской,Ульяновск,2021-09-10
C2339,35-44,Мужской,Барнаул,2023-10-05
C2340,18-24,Мужской,Томск,2022-04-04
C2341,45-54,Мужской,Ижевск,2021-05-13
C2342,35-44,Женский,Иркутск,2023-02-21
C2343,35-44,Мужской,Томск,2023-06-14
C2344,45-54,Женский,Екатеринбург,2022-08-19
C2345,18-24,Женский,Хабаровск,2024-04-27
C2346,45-54,Мужской,Екатеринбург,2024-03-19
C2347,25-34,Мужской,Воронеж,2024-03-27
C2348,35-44,Женский,Тольятти,2024-01-02
C2349,18-24,Женский,Пермь,2022-10-17
C2350,35-44,Мужской,Кемерово,2021-09-16
C2351,25-34,Женский,Самара,2021-08-07
C2352,25-34,Женский,Волгоград,2022-10-10
C2353,18-24,Мужской,Махачкала,2022-03-25
C2354,25-34,Женский,Ижевск,2022-08-04
C2355,18-24,Мужской,Владивосток,2021-03-12
C2356,25-34,Женский,Иркутск,2021-09-10
C2357,25-34,Мужской,Тольятти,2023-09-07
C2358,35-44,Женский,Ростов-на-Дону,2023-02-11
C2359,18-24,Мужской,Казань,2022-03-08
C2360,45-54,Мужской,Самара,2021-04-18
C2361,45-54,Мужской,Томск,2023-09-26
C2362,35-44,Женский,Махачкала,2024-09-12
C2363,45-54,Женский,Москва,2024-01-28
C2364,25-34,Женский,Краснодар,2022-12-15
C2365,35-44,Женский,Саратов,2022-08-03
C2366,25-34,Мужской,Иркутск,2024-01-28
C2367,25-34,Женский,Ярославль,2024-04-03
C2368,45-54,Женский,Кемерово,2022-09-15
C2369,25-34,Женский,Казань,2023-06-24
C2370,35-44,Женский,Казань,2022-03-06
C2371,18-24,Мужской,Хабаровск,2024-08-26
C2372,18-24,Мужской,Тольятти,2021-07-28
C2373,35-44,Мужской,Казань,2023-02-11
C2374,55+,Женский,Махачкала,2021-12-11
C2375,45-54,Женский,Краснодар,2022-01-03
C2376,45-54,Женский,Саратов,2024-08-24
C2377,25-34,Женский,Казань,2024-07-08
C2378,35-44,Женский,Екатеринбург,2022-05-09
C2379,25-34,Женский,Ижевск,2021-12-20
C2380,35-44,Женский,Иркутск,2024-10-05
C2381,35-44,Мужской,Томск,2024-08-24
C2382,25-34,Мужской,Волгоград,2023-01-23
C2383,18-24,Женский,Екатеринбург,2023-09-29
C2384,35-44,Мужской,Самара,2021-02-17
C2385,25-34,Мужской,Краснодар,2022-07-15
C2386,35-44,Женский,Тольятти,2022-01-06
C2387,25-34,Мужской,Иркутск,2023-06-08
C2388,25-34,Женский,Уфа,2021-05-11
C2389,35-44,Мужской,Тюмень,2022-01-14
C2390,25-34,Мужской,Воронеж,2024-02-13
C2391,45-54,Мужской,Саратов,2023-09-28
C2392,18-24,Мужской,Тюмень,2024-08-27
C2393,18-24,Мужской,Ульяновск,2021-08-29
C2394,18-24,Женский,Нижний Новгород,2021-01-11
C2395,25-34,Мужской,Екатеринбург,2021-03-22
C2396,18-24,Женский,Нижний Новгород,2021-06-29
C2397,25-34,Мужской,Санкт-Петербург,2021-06-23
C2398,55+,Женский,Красноярск,2024-01-20
C2399,18-24,Мужской,Ульяновск,2021-01-01
C2400,18-24,Женский,Саратов,2022-08-24
C2401,35-44,Женский,Тольятти,2023-10-02
C2402,35-44,Женский,Красноярск,2024-05-26
C2403,25-34,Женский,Екатеринбург,2024-09-19
C2404,45-54,Женский,Челябинск,2021-10-18
C2405,25-34,Мужской,Казань,2024-05-18
C2406,25-34,Женский,Омск,2021-09-21
C2407,35-44,Женский,Тюмень,2022-06-07
C2408,25-34,Мужской,Нижний Новгород,2023-03-31
C2409,25-34,Мужской,Ульяновск,2023-05-22
C2410,45-54,Женский,Челябинск,2021-05-25
C2411,35-44,Женский,Барнаул,2024-08-15
C2412,18-24,Женский,Ульяновск,2024-08-19
C2413,45-54,Женский,Пермь,2021-11-11
C2414,25-34,Мужской,Воронеж,2021-02-23
C2415,55+,Женский,Омск,2021-09-13
C2416,25-34,Мужской,Пермь,2021-05-16
C2417,25-34,Женский,Кемерово,2022-11-15
C2418,35-44,Женский,Владивосток,2022-04-08
C2419,25-34,Женский,Самара,2023-02-15
C2420,55+,Мужской,Екатеринбург,2021-12-26
C2421,25-34,Мужской,Тольятти,2023-09-30
C2422,18-24,Женский,Тольятти,2022-08-01
C2423,25-34,Женский,Оренбург,2021-04-09
C2424,18-24,Мужской,Воронеж,2022-01-06
C2425,25-34,Мужской,Владивосток,2023-12-25
C2426,25-34,Мужской,Воронеж,2023-09-04
C2427,25-34,Женский,Ульяновск,2023-11-18
C2428,35-44,Мужской,Казань,2023-02-15
C2429,25-34,Женский,Кемерово,2024-08-02
C2430,55+,Мужской,Самара,2024-10-20
C2431,35-44,Мужской,Нижний Новгород,2023-06-18
C2432,55+,Мужской,Саратов,2022-08-11
C2433,25-34,Женский,Иркутск,2022-04-14
C2434,25-34,Мужской,Ростов-на-Дону,2023-04-13
C2435,35-44,Мужской,Барнаул,2021-06-12
C2436,18-24,Женский,Новосибирск,2021-12-05
C2437,25-34,Женский,Ростов-на-Дону,2024-02-09
C2438,45-54,Мужской,Москва,2023-05-19
C2439,35-44,Мужской,Казань,2023-09-10
C2440,25-34,Мужской,Ульяновск,2023-12-27
C2441,35-44,Женский,Ижевск,2022-01-25
C2442,45-54,Мужской,Иркутск,2023-05-21
C2443,35-44,Мужской,Самара,2024-09-16
C2444,55+,Мужской,Оренбург,2023-12-18
C2445,35-44,Женский,Волгоград,2021-12-12
C2446,35-44,Мужской,Саратов,2022-04-06
C2447,18-24,Женский,Казань,2023-11-19
C2448,25-34,Женский,Краснодар,2023-02-16
C2449,18-24,Мужской,Уфа,2024-10-22
C2450,18-24,Женский,Ярославль,2021-08-30
C2451,25-34,Женский,Омск,2022-03-13
C2452,18-24,Мужской,Воронеж,2022-03-22
C2453,45-54,Мужской,Барнаул,2023-11-22
C2454,45-54,Женский,Волгоград,2024-06-19
C2455,45-54,Женский,Москва,2024-06-14
C2456,25-34,Женский,Екатеринбург,2021-01-11
C2457,25-34,Мужской,Воронеж,2022-12-28
C2458,18-24,Женский,Челябинск,2021-06-23
C2459,25-34,Мужской,Пермь,2021-09-11
C2460,45-54,Женский,Ярославль,2024-09-06
C2461,25-34,Женский,Красноярск,2022-09-05
C2462,25-34,Мужской,Тюмень,2022-07-06
C2463,18-24,Женский,Махачкала,2023-06-19
C2464,18-24,Женский,Пермь,2021-01-12
C2465,25-34,Мужской,Челябинск,2021-08-15
C2466,18-24,Женский,Воронеж,2023-05-13
C2467,35-44,Мужской,Нижний Новгород,2024-09-26
C2468,18-24,Женский,Ульяновск,2022-06-29
C2469,18-24,Женский,Краснодар,2024-10-28
C2470,35-44,Женский,Ярославль,2023-03-30
C2471,25-34,Мужской,Махачкала,2023-03-08
C2472,18-24,Мужской,Владивосток,2021-02-13
C2473,18-24,Женский,Москва,2022-04-30
C2474,18-24,Мужской,Пермь,2024-05-07
C2475,35-44,Женский,Ростов-на-Дону,2022-08-01
C2476,25-34,Мужской,Самара,2024-06-18
C2477,18-24,Женский,Самара,2022-07-30
C2478,35-44,Мужской,Иркутск,2022-05-22
C2479,35-44,Женский,Краснодар,2021-07-31
C2480,35-44,Женский,Нижний Новгород,2022-01-22
C2481,55+,Женский,Барнаул,2021-11-01
C2482,18-24,Женский,Санкт-Петербург,2022-07-15
C2483,55+,Мужской,Пермь,2021-02-06
C2484,35-44,Женский,Санкт-Петербург,2023-02-18
C2485,25-34,Женский,Барнаул,2022-04-19
C2486,18-24,Женский,Санкт-Петербург,2023-11-11
C2487,25-34,Женский,Екатеринбург,2022-07-06
C2488,25-34,Мужской,Иркутск,2023-05-07
C2489,18-24,Мужской,Нижний Новгород,2021-03-25
C2490,18-24,Мужской,Уфа,2022-03-11
C2491,25-34,Женский,Ижевск,2021-07-26
C2492,25-34,Женский,Краснодар,2023-01-15
C2493,25-34,Женский,Ульяновск,2021-01-28
C2494,35-44,Мужской,Казань,2022-11-10
C2495,25-34,Мужской,Хабаровск,2024-04-21
C2496,25-34,Женский,Барнаул,2022-07-20
C2497,18-24,Женский,Оренбург,2021-08-06
C2498,18-24,Мужской,Екатеринбург,2021-03-26
C2499,25-34,Мужской,Барнаул,2022-01-26
C2500,18-24,Женский,Екатеринбург,2021-06-03
C2501,45-54,Женский,Ростов-на-Дону,2023-08-30
C2502,55+,Женский,Хабаровск,2021-11-11
C2503,18-24,Женский,Тюмень,2022-06-02
C2504,45-54,Мужской,Томск,2024-02-22
C2505,55+,Мужской,Волгоград,2024-07-13
C2506,35-44,Мужской,Новосибирск,2023-09-16
C2507,25-34,Мужской,Саратов,2021-02-14
C2508,18-24,Женский,Казань,2022-08-17
C2509,18-24,Женский,Владивосток,2022-01-25
C2510,35-44,Женский,Ульяновск,2023-12-27
C2511,45-54,Мужской,Нижний Новгород,2023-06-16
C2512,35-44,Женский,Ярославль,2023-03-11
C2513,25-34,Женский,Нижний Новгород,2021-01-08
C2514,18-24,Женский,Иркутск,2021-01-19
C2515,45-54,Мужской,Волгоград,2023-10-29
C2516,35-44,Женский,Ростов-на-Дону,2022-03-28
C2517,25-34,Женский,Екатеринбург,2021-12-17
C2518,18-24,Женский,Ростов-на-Дону,2021-03-22
C2519,35-44,Мужской,Омск,2021-09-30
C2520,25-34,Мужской,Барнаул,2022-05-25
C2521,55+,Женский,Екатеринбург,2021-01-03
C2522,35-44,Мужской,Красноярск,2022-10-27
C2523,18-24,Мужской,Тюмень,2022-06-25
C2524,35-44,Женский,Ижевск,2022-08-27
C2525,25-34,Женский,Махачкала,2021-01-22
C2526,45-54,Женский,Омск,2021-12-28
C2527,25-34,Женский,Ульяновск,2024-04-09
C2528,18-24,Мужской,Воронеж,2024-09-01
C2529,25-34,Мужской,Ижевск,2024-02-03
C2530,18-24,Женский,Уфа,2022-07-05
C2531,18-24,Мужской,Томск,2023-03-21
C2532,18-24,Женский,Хабаровск,2023-06-08
C2533,25-34,Мужской,Новосибирск,2023-10-13
C2534,18-24,Женский,Томск,2021-12-27
C2535,18-24,Женский,Хабаровск,2022-01-05
C2536,35-44,Женский,Нижний Новгород,2021-12-30
C2537,45-54,Мужской,Челябинск,2021-05-23
C2538,18-24,Женский,Волгоград,2024-08-14
C2539,55+,Женский,Саратов,2021-10-09
C2540,35-44,Мужской,Ижевск,2021-07-24
C2541,25-34,Женский,Махачкала,2021-01-28
C2542,35-44,Мужской,Санкт-Петербург,2021-09-28
C2543,18-24,Женский,Казань,2024-07-08
C2544,25-34,Мужской,Москва,2021-08-06
C2545,25-34,Мужской,Томск,2021-06-24
C2546,18-24,Женский,Тольятти,2023-06-29
C2547,45-54,Женский,Краснодар,2021-11-13
C2548,18-24,Женский,Омск,2024-07-09
C2549,25-34,Женский,Санкт-Петербург,2021-07-30
C2550,25-34,Женский,Оренбург,2023-05-01
C2551,18-24,Мужской,Москва,2022-04-10
C2552,25-34,Женский,Барнаул,2022-08-11
C2553,18-24,Мужской,Воронеж,2021-08-19
C2554,25-34,Мужской,Самара,2021-07-28
C2555,55+,Женский,Новосибирск,2024-06-14
C2556,25-34,Женский,Кемерово,2021-06-23
C2557,45-54,Женский,Нижний Новгород,2023-05-28
C2558,25-34,Женский,Ульяновск,2023-05-21
C2559,18-24,Мужской,Ростов-на-Дону,2024-07-03
C2560,45-54,Женский,Екатеринбург,2022-07-10
C2561,45-54,Мужской,Кемерово,2022-06-28
C2562,45-54,Мужской,Новосибирск,2021-01-05
C2563,45-54,Мужской,Ярославль,2024-09-05
C2564,18-24,Женский,Волгоград,2023-09-07
C2565,45-54,Женский,Пермь,2022-07-25
C2566,18-24,Женский,Казань,2022-01-08
C2567,35-44,Женский,Краснодар,2023-05-19
C2568,25-34,Мужской,Ижевск,2024-07-27
C2569,25-34,Мужской,Барнаул,2022-05-19
C2570,25-34,Женский,Тюмень,2023-12-30
C2571,25-34,Женский,Самара,2023-02-27
C2572,18-24,Мужской,Саратов,2024-03-29
C2573,35-44,Мужской,Самара,2021-06-28
C2574,18-24,Женский,Томск,2021-02-05
C2575,25-34,Женский,Казань,2021-08-14
C2576,18-24,Женский,Томск,2021-10-13
C2577,25-34,Женский,Томск,2024-02-04
C2578,55+,Мужской,Самара,2022-03-08
C2579,45-54,Женский,Казань,2021-08-29
C2580,55+,Мужской,Воронеж,2021-02-23
C2581,35-44,Женский,Санкт-Петербург,2021-08-06
C2582,35-44,Женский,Махачкала,2024-05-01
C2583,45-54,Женский,Красноярск,2021-10-17
C2584,18-24,Женский,Тольятти,2023-05-03
C2585,18-24,Женский,Хабаровск,2021-10-14
C2586,35-44,Мужской,Ростов-на-Дону,2023-08-21
C2587,25-34,Женский,Владивосток,2024-08-13
C2588,35-44,Женский,Казань,2021-05-03
C2589,45-54,Женский,Ярославль,2021-12-22
C2590,25-34,Женский,Махачкала,2023-05-18
C2591,35-44,Мужской,Тюмень,2022-06-13
C2592,45-54,Женский,Иркутск,2022-04-11
C2593,25-34,Женский,Новосибирск,2023-12-05
C2594,25-34,Мужской,Хабаровск,2022-03-10
C2595,25-34,Женский,Воронеж,2022-01-12
C2596,45-54,Мужской,Ижевск,2021-06-08
C2597,45-54,Женский,Уфа,2024-08-29
C2598,35-44,Мужской,Нижний Новгород,2021-04-22
C2599,45-54,Мужской,Челябинск,2022-07-07
C2600,18-24,Женский,Ижевск,2022-11-19
C2601,18-24,Женский,Тюмень,2021-08-07
C2602,18-24,Женский,Ярославль,2022-09-26
C2603,18-24,Женский,Кемерово,2021-03-08
C2604,18-24,Женский,Тольятти,2024-03-02
C2605,18-24,Мужской,Краснодар,2021-04-04
C2606,18-24,Женский,Ростов-на-Дону,2021-01-18
C2607,55+,Мужской,Воронеж,2023-10-22
C2608,18-24,Мужской,Хабаровск,2022-12-30
C2609,55+,Мужской,Екатеринбург,2022-11-10
C2610,25-34,Мужской,Екатеринбург,2023-10-26
C2611,45-54,Женский,Тольятти,2023-02-22
C2612,25-34,Мужской,Санкт-Петербург,2022-08-18
C2613,18-24,Мужской,Новосибирск,2024-07-05
C2614,18-24,Мужской,Оренбург,2022-03-18
C2615,45-54,Мужской,Ярославль,2021-11-26
C2616,55+,Женский,Хабаровск,2024-05-31
C2617,35-44,Мужской,Уфа,2023-07-06
C2618,35-44,Женский,Красноярск,2024-06-30
C2619,45-54,Женский,Оренбург,2024-10-30
C2620,25-34,Женский,Ижевск,2024-05-27
C2621,18-24,Женский,Барнаул,2023-10-16
C2622,18-24,Женский,Ярославль,2022-09-26
C2623,25-34,Мужской,Владивосток,2021-06-28
C2624,25-34,Женский,Нижний Новгород,2022-08-29
C2625,18-24,Женский,Красноярск,2022-12-25
C2626,18-24,Женский,Ярославль,2023-08-02
C2627,25-34,Женский,Омск,2023-06-25
C2628,35-44,Женский,Екатеринбург,2024-03-10
C2629,25-34,Женский,Ростов-на-Дону,2023-04-02
C2630,25-34,Женский,Ульяновск,2021-09-22
C2631,25-34,Женский,Ижевск,2022-10-05
C2632,25-34,Мужской,Саратов,2023-07-11
C2633,25-34,Мужской,Ульяновск,2021-03-29
C2634,35-44,Мужской,Хабаровск,2022-05-17
C2635,35-44,Женский,Казань,2021-08-04
C2636,25-34,Женский,Воронеж,2021-05-30
C2637,18-24,Мужской,Ульяновск,2021-07-11
C2638,25-34,Женский,Тюмень,2023-08-11
C2639,18-24,Женский,Екатеринбург,2023-03-24
C2640,35-44,Женский,Уфа,2021-05-13
C2641,25-34,Мужской,Краснодар,2022-03-12
C2642,35-44,Женский,Омск,2023-07-20
C2643,18-24,Женский,Краснодар,2021-10-26
C2644,35-44,Женский,Санкт-Петербург,2024-05-16
C2645,35-44,Женский,Владивосток,2023-01-11
C2646,35-44,Мужской,Челябинск,2021-04-21
C2647,18-24,Женский,Ярославль,2024-11-01
C2648,25-34,Женский,Нижний Новгород,2021-06-21
C2649,18-24,Женский,Новосибирск,2022-09-03
C2650,45-54,Женский,Пермь,2023-12-11
C2651,18-24,Мужской,Нижний Новгород,2021-04-21
C2652,18-24,Мужской,Уфа,2022-09-01
C2653,18-24,Женский,Пермь,2023-09-14
C2654,25-34,Мужской,Нижний Новгород,2023-06-14
C2655,25-34,Мужской,Воронеж,2021-01-21
C2656,25-34,Мужской,Челябинск,2021-06-09
C2657,35-44,Женский,Казань,2022-10-26
C2658,35-44,Мужской,Хабаровск,2022-10-11
C2659,18-24,Мужской,Кемерово,2021-10-30
C2660,25-34,Женский,Владивосток,2024-10-12
C2661,25-34,Женский,Москва,2023-07-12
C2662,45-54,Мужской,Барнаул,2023-07-10
C2663,35-44,Женский,Санкт-Петербург,2022-03-24
C2664,35-44,Женский,Иркутск,2024-01-24
C2665,35-44,Женский,Челябинск,2022-12-14
C2666,18-24,Женский,Ульяновск,2024-03-27
C2667,55+,Женский,Красноярск,2021-02-03
C2668,25-34,Женский,Махачкала,2021-09-13
C2669,35-44,Мужской,Волгоград,2023-04-28
C2670,25-34,Женский,Тюмень,2023-05-23
C2671,25-34,Мужской,Екатеринбург,2021-12-27
C2672,25-34,Женский,Тюмень,2024-05-03
C2673,18-24,Женский,Ростов-на-Дону,2024-09-12
C2674,35-44,Женский,Ростов-на-Дону,2024-06-24
C2675,45-54,Мужской,Екатеринбург,2021-06-29
C2676,45-54,Женский,Барнаул,2021-02-03
C2677,35-44,Женский,Краснодар,2024-07-01
C2678,45-54,Женский,Волгоград,2023-10-28
C2679,25-34,Женский,Ростов-на-Дону,2023-05-12
C2680,18-24,Мужской,Тюмень,2023-02-20
C2681,18-24,Мужской,Екатеринбург,2022-12-20
C2682,55+,Мужской,Пермь,2024-08-13
C2683,35-44,Мужской,Москва,2023-02-07
C2684,35-44,Женский,Омск,2024-09-10
C2685,25-34,Мужской,Владивосток,2023-04-30
C2686,35-44,Женский,Кемерово,2023-04-30
C2687,18-24,Женский,Владивосток,2023-02-06
C2688,45-54,Женский,Хабаровск,2024-05-13
C2689,25-34,Женский,Тольятти,2023-05-31
C2690,18-24,Мужской,Челябинск,2024-06-16
C2691,35-44,Мужской,Владивосток,2024-03-29
C2692,25-34,Мужской,Воронеж,2021-12-22
C2693,25-34,Женский,Нижний Новгород,2023-06-15
C2694,18-24,Мужской,Казань,2023-10-30
C2695,18-24,Женский,Воронеж,2024-07-08
C2696,45-54,Мужской,Нижний Новгород,2022-10-23
C2697,18-24,Женский,Пермь,2021-01-24
C2698,35-44,Женский,Москва,2024-06-19
C2699,35-44,Мужской,Новосибирск,2024-03-17
C2700,25-34,Мужской,Казань,2023-07-19
C2701,35-44,Мужской,Нижний Новгород,2022-05-06
C2702,35-44,Женский,Челябинск,2024-01-02
C2703,45-54,Мужской,Владивосток,2023-02-14
C2704,35-44,Мужской,Омск,2021-06-19
C2705,45-54,Мужской,Барнаул,2024-04-01
C2706,45-54,Женский,Кемерово,2024-05-05
C2707,18-24,Женский,Омск,2022-01-05
C2708,18-24,Женский,Красноярск,2022-03-02
C2709,25-34,Женский,Москва,2023-04-28
C2710,18-24,Мужской,Новосибирск,2022-03-07
C2711,35-44,Женский,Уфа,2024-07-21
C2712,45-54,Мужской,Нижний Новгород,2022-09-04
C2713,18-24,Женский,Тольятти,2024-07-16
C2714,35-44,Женский,Уфа,2022-12-12
C2715,25-34,Женский,Тюмень,2021-01-11
C2716,18-24,Мужской,Кемерово,2021-09-07
C2717,18-24,Женский,Москва,2023-11-27
C2718,25-34,Женский,Томск,2023-01-18
C2719,18-24,Женский,Уфа,2021-10-11
C2720,18-24,Мужской,Казань,2022-07-03
C2721,25-34,Женский,Новосибирск,2022-12-15
C2722,35-44,Мужской,Волгоград,2023-10-13
C2723,25-34,Мужской,Кемерово,2022-01-31
C2724,25-34,Женский,Томск,2022-07-30
C2725,55+,Женский,Владивосток,2024-04-18
C2726,25-34,Мужской,Хабаровск,2023-09-27
C2727,25-34,Женский,Ижевск,2022-07-11
C2728,45-54,Мужской,Ижевск,2023-02-24
C2729,25-34,Женский,Красноярск,2024-07-19
C2730,45-54,Женский,Оренбург,2021-03-11
C2731,55+,Женский,Пермь,2022-08-25
C2732,35-44,Мужской,Саратов,2022-12-23
C2733,25-34,Женский,Владивосток,2022-10-23
C2734,25-34,Женский,Самара,2021-05-29
C2735,18-24,Женский,Казань,2022-10-06
C2736,18-24,Женский,Москва,2022-11-05
C2737,18-24,Женский,Уфа,2022-04-22
C2738,25-34,Женский,Ижевск,2022-03-11
C2739,25-34,Женский,Омск,2024-05-29
C2740,45-54,Мужской,Ульяновск,2021-06-03
C2741,25-34,Мужской,Ульяновск,2023-06-11
C2742,25-34,Женский,Челябинск,2021-04-12
C2743,45-54,Женский,Омск,2023-05-13
C2744,18-24,Женский,Ижевск,2022-11-01
C2745,25-34,Женский,Москва,2022-08-07
C2746,18-24,Мужской,Тольятти,2021-01-10
C2747,45-54,Женский,Махачкала,2023-04-05
C2748,18-24,Женский,Саратов,2021-03-22
C2749,25-34,Женский,Краснодар,2021-07-14
C2750,45-54,Женский,Ростов-на-Дону,2022-07-17
C2751,25-34,Женский,Новосибирск,2024-02-14
C2752,35-44,Женский,Санкт-Петербург,2023-03-17
C2753,25-34,Мужской,Краснодар,2024-08-05
C2754,55+,Женский,Красноярск,2024-06-19
C2755,18-24,Женский,Махачкала,2021-01-22
C2756,18-24,Мужской,Томск,2023-06-12
C2757,18-24,Женский,Хабаровск,2023-01-26
C2758,45-54,Женский,Москва,2021-04-18
C2759,25-34,Мужской,Екатеринбург,2021-04-09
C2760,45-54,Женский,Уфа,2024-06-08
C2761,35-44,Женский,Иркутск,2021-12-15
C2762,45-54,Женский,Екатеринбург,2021-09-16
C2763,25-34,Женский,Тольятти,2023-04-27
C2764,35-44,Мужской,Саратов,2023-12-17
C2765,18-24,Женский,Краснодар,2022-07-29
C2766,25-34,Мужской,Самара,2021-07-08
C2767,25-34,Женский,Новосибирск,2022-12-24
C2768,25-34,Мужской,Ульяновск,2024-08-18
C2769,35-44,Женский,Новосибирск,2021-06-03
C2770,55+,Женский,Москва,2024-10-05
C2771,18-24,Мужской,Челябинск,2023-09-26
C2772,18-24,Женский,Тольятти,2023-12-17
C2773,25-34,Женский,Ростов-на-Дону,2023-07-19
C2774,35-44,Мужской,Екатеринбург,2021-09-24
C2775,18-24,Женский,Волгоград,2024-06-24
C2776,25-34,Мужской,Челябинск,2021-05-21
C2777,25-34,Женский,Ростов-на-Дону,2024-03-28
C2778,35-44,Женский,Оренбург,2021-08-08
C2779,35-44,Женский,Оренбург,2023-08-02
C2780,18-24,Женский,Ульяновск,2023-12-24
C2781,25-34,Женский,Кемерово,2024-02-02
C2782,18-24,Женский,Казань,2023-03-24
C2783,25-34,Женский,Санкт-Петербург,2023-06-23
C2784,25-34,Женский,Барнаул,2023-02-23
C2785,35-44,Женский,Ростов-на-Дону,2022-01-23
C2786,25-34,Женский,Саратов,2024-05-29
C2787,25-34,Женский,Ульяновск,2021-04-13
C2788,35-44,Мужской,Самара,2021-08-24
C2789,18-24,Женский,Омск,2022-05-04
C2790,18-24,Женский,Самара,2024-06-24
C2791,35-44,Женский,Воронеж,2021-07-27
C2792,18-24,Мужской,Иркутск,2022-07-04
C2793,25-34,Женский,Челябинск,2022-12-13
C2794,35-44,Мужской,Ростов-на-Дону,2021-01-07
C2795,18-24,Женский,Иркутск,2024-06-28
C2796,25-34,Женский,Кемерово,2022-05-04
C2797,18-24,Мужской,Нижний Новгород,2022-01-19
C2798,25-34,Женский,Москва,2024-09-26
C2799,25-34,Женский,Нижний Новгород,2022-06-25
C2800,45-54,Женский,Ярославль,2021-01-20
C2801,25-34,Мужской,Тольятти,2021-01-03
C2802,25-34,Женский,Екатеринбург,2021-04-03
C2803,45-54,Женский,Ростов-на-Дону,2022-04-13
C2804,25-34,Женский,Казань,2021-07-12
C2805,18-24,Мужской,Уфа,2023-07-16
C2806,25-34,Женский,Тюмень,2022-06-12
C2807,35-44,Женский,Волгоград,2021-01-28
C2808,45-54,Женский,Уфа,2023-11-27
C2809,35-44,Мужской,Оренбург,2024-05-05
C2810,25-34,Женский,Саратов,2024-08-03
C2811,18-24,Мужской,Томск,2022-03-28
C2812,35-44,Женский,Краснодар,2021-03-05
C2813,18-24,Мужской,Пермь,2023-01-07
C2814,18-24,Женский,Кемерово,2023-02-13
C2815,35-44,Мужской,Оренбург,2024-07-07
C2816,35-44,Мужской,Волгоград,2023-12-16
C2817,18-24,Мужской,Красноярск,2022-11-10
C2818,25-34,Женский,Омск,2022-09-26
C2819,18-24,Женский,Иркутск,2022-12-05
C2820,45-54,Женский,Владивосток,2023-07-21
C2821,25-34,Мужской,Красноярск,2022-08-14
C2822,18-24,Женский,Кемерово,2021-10-29
C2823,25-34,Женский,Ростов-на-Дону,2024-07-01
C2824,25-34,Женский,Краснодар,2022-08-14
C2825,18-24,Женский,Волгоград,2021-03-25
C2826,18-24,Мужской,Екатеринбург,2021-04-19
C2827,25-34,Женский,Красноярск,2024-09-14
C2828,45-54,Женский,Казань,2022-12-19
C2829,45-54,Мужской,Саратов,2024-09-24
C2830,55+,Женский,Новосибирск,2022-07-09
C2831,18-24,Мужской,Пермь,2024-04-13
C2832,45-54,Женский,Санкт-Петербург,2023-08-28
C2833,45-54,Женский,Ульяновск,2024-07-28
C2834,25-34,Женский,Оренбург,2021-07-20
C2835,45-54,Мужской,Ижевск,2022-09-29
C2836,18-24,Женский,Оренбург,2022-10-23
C2837,45-54,Женский,Ярославль,2022-02-13
C2838,25-34,Женский,Челябинск,2022-09-09
C2839,25-34,Женский,Кемерово,2024-07-10
C2840,25-34,Женский,Владивосток,2023-06-14
C2841,18-24,Женский,Иркутск,2022-10-04
C2842,25-34,Мужской,Красноярск,2023-08-18
C2843,25-34,Женский,Пермь,2023-08-03
C2844,18-24,Женский,Ярославль,2023-05-13
C2845,18-24,Женский,Кемерово,2022-09-12
C2846,35-44,Женский,Красноярск,2021-09-18
C2847,35-44,Мужской,Оренбург,2022-08-24
C2848,18-24,Мужской,Казань,2023-04-06
C2849,35-44,Женский,Ярославль,2023-11-27
C2850,25-34,Женский,Санкт-Петербург,2022-07-08
C2851,45-54,Мужской,Уфа,2024-05-02
C2852,18-24,Женский,Краснодар,2022-11-10
C2853,45-54,Женский,Тольятти,2024-10-13
C2854,25-34,Мужской,Иркутск,2022-02-24
C2855,25-34,Женский,Краснодар,2021-10-07
C2856,18-24,Мужской,Томск,2021-11-13
C2857,25-34,Женский,Кемерово,2021-01-14
C2858,45-54,Мужской,Челябинск,2021-08-23
C2859,18-24,Женский,Оренбург,2021-09-05
C2860,25-34,Женский,Екатеринбург,2023-08-29
C2861,18-24,Женский,Воронеж,2021-04-24
C2862,45-54,Женский,Краснодар,2022-01-12
C2863,45-54,Мужской,Тюмень,2022-06-18
C2864,45-54,Мужской,Томск,2024-09-09
C2865,35-44,Женский,Барнаул,2021-02-14
C2866,18-24,Мужской,Ульяновск,2022-05-08
C2867,18-24,Мужской,Тюмень,2022-02-15
C2868,25-34,Женский,Ульяновск,2021-07-24
C2869,55+,Женский,Ульяновск,2022-07-18
C2870,25-34,Мужской,Екатеринбург,2023-08-09
C2871,25-34,Женский,Москва,2022-08-04
C2872,25-34,Женский,Москва,2024-04-03
C2873,25-34,Мужской,Оренбург,2024-09-07
C2874,35-44,Женский,Кемерово,2022-12-28
C2875,55+,Женский,Хабаровск,2023-07-28
C2876,25-34,Мужской,Красноярск,2023-10-23
C2877,45-54,Женский,Красноярск,2023-12-12
C2878,25-34,Женский,Барнаул,2021-11-07
C2879,25-34,Мужской,Уфа,2023-07-31
C2880,35-44,Мужской,Омск,2024-09-10
C2881,25-34,Женский,Кемерово,2024-08-14
C2882,25-34,Мужской,Ижевск,2024-09-11
C2883,18-24,Мужской,Саратов,2024-09-11
C2884,25-34,Женский,Уфа,2024-04-20
C2885,55+,Женский,Ижевск,2023-04-07
C2886,18-24,Женский,Хабаровск,2021-11-22
C2887,18-24,Мужской,Краснодар,2024-10-23
C2888,25-34,Мужской,Ярославль,2022-04-30
C2889,18-24,Мужской,Хабаровск,2023-02-26
C2890,35-44,Женский,Новосибирск,2021-05-07
C2891,35-44,Женский,Томск,2021-05-30
C2892,25-34,Женский,Барнаул,2021-03-02
C2893,45-54,Женский,Иркутск,2023-07-10
C2894,25-34,Мужской,Тольятти,2024-02-14
C2895,18-24,Женский,Волгоград,2024-10-22
C2896,25-34,Женский,Нижний Новгород,2023-06-08
C2897,45-54,Мужской,Челябинск,2021-06-26
C2898,25-34,Мужской,Ульяновск,2021-07-17
C2899,18-24,Мужской,Оренбург,2021-01-11
C2900,25-34,Женский,Тюмень,2021-05-28
C2901,25-34,Мужской,Кемерово,2024-08-08
C2902,25-34,Женский,Челябинск,2024-03-14
C2903,45-54,Женский,Красноярск,2024-06-20
C2904,45-54,Мужской,Владивосток,2021-05-18
C2905,25-34,Мужской,Томск,2021-05-26
C2906,25-34,Женский,Саратов,2022-09-03
C2907,18-24,Женский,Санкт-Петербург,2024-05-16
C2908,25-34,Женский,Махачкала,2022-08-17
C2909,45-54,Женский,Иркутск,2023-01-03
C2910,18-24,Мужской,Ростов-на-Дону,2021-06-03
C2911,25-34,Женский,Саратов,2024-06-05
C2912,25-34,Женский,Санкт-Петербург,2024-01-24
C2913,35-44,Женский,Краснодар,2022-06-23
C2914,35-44,Женский,Пермь,2022-06-19
C2915,18-24,Мужской,Санкт-Петербург,2021-10-13
C2916,18-24,Мужской,Уфа,2024-09-20
C2917,45-54,Женский,Краснодар,2021-05-30
C2918,45-54,Женский,Ижевск,2021-03-14
C2919,25-34,Женский,Пермь,2024-05-10
C2920,35-44,Мужской,Оренбург,2024-02-04
C2921,25-34,Женский,Хабаровск,2021-03-27
C2922,18-24,Женский,Самара,2024-08-24
C2923,25-34,Женский,Владивосток,2022-04-12
C2924,18-24,Женский,Ярославль,2022-02-06
C2925,25-34,Мужской,Ульяновск,2024-11-01
C2926,35-44,Женский,Санкт-Петербург,2023-03-04
C2927,35-44,Мужской,Пермь,2023-05-25
C2928,25-34,Женский,Екатеринбург,2024-06-14
C2929,55+,Женский,Челябинск,2022-12-04
C2930,25-34,Женский,Самара,2021-07-08
C2931,25-34,Женский,Хабаровск,2024-01-04
C2932,25-34,Мужской,Москва,2022-05-27
C2933,45-54,Женский,Казань,2023-06-18
C2934,18-24,Женский,Красноярск,2024-05-18
C2935,35-44,Женский,Ростов-на-Дону,2021-09-23
C2936,35-44,Женский,Екатеринбург,2024-09-06
C2937,18-24,Женский,Тюмень,2022-02-26
C2938,25-34,Мужской,Красноярск,2022-03-28
C2939,25-34,Женский,Красноярск,2024-02-04
C2940,25-34,Мужской,Саратов,2022-07-02
C2941,25-34,Женский,Екатеринбург,2021-04-21
C2942,25-34,Женский,Ижевск,2023-09-23
C2943,25-34,Женский,Казань,2023-12-03
C2944,18-24,Мужской,Челябинск,2021-09-09
C2945,25-34,Мужской,Казань,2021-03-15
C2946,55+,Мужской,Барнаул,2023-07-19
C2947,55+,Женский,Махачкала,2021-03-11
C2948,25-34,Женский,Ростов-на-Дону,2021-06-23
C2949,18-24,Мужской,Воронеж,2023-10-12
C2950,18-24,Женский,Волгоград,2021-04-01
C2951,18-24,Женский,Ульяновск,2023-06-02
C2952,25-34,Мужской,Санкт-Петербург,2024-01-15
C2953,35-44,Мужской,Кемерово,2024-05-31
C2954,35-44,Женский,Махачкала,2022-06-22
C2955,45-54,Женский,Ярославль,2021-02-26
C2956,25-34,Мужской,Пермь,2023-05-26
C2957,35-44,Мужской,Ярославль,2021-04-27
C2958,45-54,Женский,Хабаровск,2024-10-20
C2959,25-34,Мужской,Тюмень,2023-08-08
C2960,25-34,Мужской,Ярославль,2023-11-29
C2961,25-34,Мужской,Волгоград,2022-05-03
C2962,18-24,Женский,Владивосток,2024-10-29
C2963,55+,Женский,Самара,2024-01-17
C2964,25-34,Женский,Санкт-Петербург,2024-06-14
C2965,25-34,Женский,Омск,2024-08-30
C2966,45-54,Женский,Екатеринбург,2022-09-21
C2967,25-34,Женский,Омск,2022-01-02
C2968,25-34,Женский,Москва,2023-08-14
C2969,18-24,Женский,Барнаул,2024-02-14
C2970,18-24,Женский,Новосибирск,2022-07-21
C2971,45-54,Женский,Новосибирск,2023-06-22
C2972,18-24,Мужской,Омск,2022-06-16
C2973,45-54,Женский,Барнаул,2021-12-24
C2974,18-24,Женский,Санкт-Петербург,2022-04-22
C2975,18-24,Женский,Ульяновск,2023-11-04
C2976,45-54,Женский,Санкт-Петербург,2024-02-08
C2977,35-44,Женский,Иркутск,2022-06-15
C2978,55+,Женский,Томск,2022-12-25
C2979,25-34,Женский,Самара,2022-12-18
C2980,18-24,Женский,Екатеринбург,2023-11-13
C2981,18-24,Женский,Тольятти,2023-01-31
C2982,45-54,Мужской,Новосибирск,2024-08-07
C2983,25-34,Женский,Москва,2022-10-31
C2984,35-44,Женский,Пермь,2024-08-28
C2985,25-34,Мужской,Ростов-на-Дону,2024-06-27
C2986,18-24,Женский,Ростов-на-Дону,2021-11-04
C2987,45-54,Женский,Ижевск,2022-03-10
C2988,45-54,Женский,Ярославль,2023-11-07
C2989,35-44,Мужской,Челябинск,2023-02-15
C2990,45-54,Женский,Хабаровск,2021-11-04
C2991,25-34,Мужской,Новосибирск,2021-06-08
C2992,55+,Мужской,Тольятти,2023-10-29
C2993,55+,Мужской,Хабаровск,2023-05-07
C2994,25-34,Женский,Оренбург,2023-12-17
C2995,35-44,Женский,Ульяновск,2023-12-11
C2996,25-34,Женский,Челябинск,2024-03-24
C2997,25-34,Женский,Самара,2023-01-12
C2998,18-24,Женский,Екатеринбург,2022-05-09
C2999,25-34,Мужской,Пермь,2023-01-12
C3000,18-24,Женский,Новосибирск,2023-01-12
C3001,35-44,Женский,Волгоград,2023-05-08
C3002,18-24,Мужской,Казань,2024-01-07
C3003,18-24,Мужской,Ульяновск,2024-04-12
C3004,35-44,Женский,Владивосток,2022-08-11
C3005,25-34,Женский,Пермь,2023-05-13
C3006,25-34,Женский,Краснодар,2024-07-19
C3007,45-54,Женский,Нижний Новгород,2023-07-19
C3008,18-24,Женский,Омск,2024-02-10
C3009,35-44,Женский,Екатеринбург,2021-09-16
C3010,45-54,Мужской,Москва,2021-12-08
C3011,55+,Женский,Томск,2023-12-21
C3012,45-54,Мужской,Красноярск,2021-09-19
C3013,25-34,Женский,Иркутск,2022-08-24
C3014,18-24,Мужской,Оренбург,2022-11-21
C3015,25-34,Женский,Хабаровск,2021-04-03
C3016,18-24,Мужской,Волгоград,2023-04-18
C3017,35-44,Мужской,Пермь,2022-08-16
C3018,35-44,Мужской,Хабаровск,2022-01-11
C3019,35-44,Женский,Махачкала,2023-11-10
C3020,18-24,Мужской,Тольятти,2024-04-29
C3021,25-34,Мужской,Воронеж,2022-10-19
C3022,25-34,Женский,Тольятти,2022-07-27
C3023,45-54,Женский,Ростов-на-Дону,2023-10-08
C3024,25-34,Женский,Оренбург,2023-12-12
C3025,25-34,Мужской,Пермь,2022-08-08
C3026,25-34,Женский,Нижний Новгород,2021-10-21
C3027,18-24,Мужской,Оренбург,2022-03-08
C3028,25-34,Женский,Оренбург,2024-06-14
C3029,25-34,Женский,Нижний Новгород,2021-08-31
C3030,25-34,Женский,Самара,2021-12-13
C3031,25-34,Мужской,Ижевск,2021-08-06
C3032,45-54,Мужской,Казань,2021-07-16
C3033,18-24,Мужской,Ярославль,2021-12-12
C3034,18-24,Мужской,Оренбург,2024-01-11
C3035,25-34,Женский,Краснодар,2021-02-22
C3036,25-34,Женский,Тольятти,2023-05-24
C3037,35-44,Женский,Махачкала,2023-07-19
C3038,25-34,Женский,Иркутск,2021-09-03
C3039,25-34,Женский,Омск,2021-06-27
C3040,45-54,Мужской,Хабаровск,2024-10-01
C3041,18-24,Женский,Новосибирск,2022-04-01
C3042,35-44,Женский,Саратов,2022-11-18
C3043,25-34,Мужской,Саратов,2024-10-08
C3044,35-44,Мужской,Уфа,2021-03-20
C3045,25-34,Мужской,Владивосток,2023-12-04
C3046,25-34,Мужской,Ульяновск,2024-07-06
C3047,18-24,Мужской,Москва,2022-05-19
C3048,18-24,Женский,Самара,2024-10-11
C3049,18-24,Женский,Краснодар,2022-01-19
C3050,35-44,Женский,Челябинск,2024-07-24
C3051,45-54,Мужской,Томск,2022-03-15
C3052,18-24,Женский,Тюмень,2024-06-05
C3053,18-24,Женский,Пермь,2022-06-23
C3054,35-44,Мужской,Самара,2024-07-30
C3055,25-34,Женский,Нижний Новгород,2022-09-07
C3056,45-54,Мужской,Ульяновск,2023-09-21
C3057,25-34,Мужской,Ижевск,2023-01-02
C3058,25-34,Женский,Самара,2021-08-19
C3059,55+,Мужской,Ярославль,2022-08-12
C3060,25-34,Женский,Самара,2024-09-18
C3061,25-34,Женский,Уфа,2024-09-14
C3062,18-24,Мужской,Иркутск,2021-09-20
C3063,35-44,Женский,Владивосток,2023-09-29
C3064,35-44,Мужской,Москва,2022-08-19
C3065,25-34,Женский,Томск,2023-04-18
C3066,18-24,Мужской,Омск,2024-10-14
C3067,25-34,Женский,Волгоград,2023-05-21
C3068,25-34,Мужской,Омск,2023-09-22
C3069,35-44,Женский,Махачкала,2021-04-04
C3070,25-34,Женский,Тольятти,2021-12-08
C3071,25-34,Мужской,Екатеринбург,2024-06-10
C3072,35-44,Женский,Тюмень,2021-02-10
C3073,55+,Женский,Воронеж,2021-07-04
C3074,35-44,Женский,Красноярск,2024-02-07
C3075,18-24,Женский,Челябинск,2023-01-12
C3076,25-34,Мужской,Махачкала,2024-01-03
C3077,25-34,Мужской,Ростов-на-Дону,2021-11-27
C3078,45-54,Женский,Челябинск,2024-02-07
C3079,35-44,Мужской,Санкт-Петербург,2021-02-11
C3080,35-44,Женский,Саратов,2023-03-26
C3081,35-44,Женский,Ростов-на-Дону,2022-09-10
C3082,18-24,Мужской,Иркутск,2022-05-22
C3083,18-24,Мужской,Махачкала,2023-02-13
C3084,35-44,Женский,Хабаровск,2022-07-07
C3085,45-54,Женский,Саратов,2023-05-01
C3086,18-24,Мужской,Тюмень,2024-05-23
C3087,45-54,Женский,Тольятти,2023-03-13
C3088,18-24,Женский,Ростов-на-Дону,2022-10-25
C3089,25-34,Мужской,Ростов-на-Дону,2022-07-16
C3090,25-34,Женский,Барнаул,2024-03-26
C3091,25-34,Женский,Новосибирск,2022-04-01
C3092,55+,Женский,Краснодар,2022-08-06
C3093,45-54,Женский,Самара,2023-02-23
C3094,18-24,Женский,Воронеж,2023-02-03
C3095,35-44,Мужской,Волгоград,2022-04-04
C3096,25-34,Женский,Ярославль,2022-04-21
C3097,25-34,Женский,Екатеринбург,2024-08-09
C3098,25-34,Женский,Барнаул,2021-06-21
C3099,18-24,Женский,Томск,2023-10-01
C3100,25-34,Женский,Воронеж,2024-06-16
C3101,45-54,Женский,Махачкала,2024-03-06
C3102,35-44,Женский,Краснодар,2022-06-01
C3103,25-34,Мужской,Махачкала,2021-11-05
C3104,18-24,Мужской,Ижевск,2023-04-13
C3105,45-54,Женский,Челябинск,2024-02-26
C3106,35-44,Женский,Уфа,2024-08-28
C3107,18-24,Женский,Краснодар,2023-11-20
C3108,25-34,Мужской,Хабаровск,2021-06-16
C3109,45-54,Женский,Новосибирск,2023-02-09
C3110,18-24,Женский,Саратов,2021-09-06
C3111,18-24,Женский,Екатеринбург,2021-03-21
C3112,45-54,Женский,Барнаул,2023-12-11
C3113,25-34,Мужской,Тюмень,2023-05-07
C3114,25-34,Женский,Пермь,2022-08-26
C3115,35-44,Мужской,Омск,2023-12-07
C3116,25-34,Мужской,Тольятти,2024-08-24
C3117,18-24,Женский,Ульяновск,2022-02-23
C3118,45-54,Мужской,Красноярск,2023-11-30
C3119,35-44,Женский,Челябинск,2022-11-08
C3120,45-54,Мужской,Томск,2021-10-05
C3121,18-24,Мужской,Краснодар,2021-01-21
C3122,25-34,Женский,Краснодар,2021-05-18
C3123,55+,Женский,Иркутск,2022-01-20
C3124,18-24,Женский,Волгоград,2022-11-09
C3125,18-24,Мужской,Ижевск,2021-11-17
C3126,18-24,Мужской,Оренбург,2022-04-08
C3127,25-34,Женский,Челябинск,2022-07-17
C3128,25-34,Мужской,Пермь,2024-04-11
C3129,35-44,Женский,Ярославль,2023-04-06
C3130,45-54,Женский,Барнаул,2024-09-12
C3131,18-24,Женский,Екатеринбург,2022-03-20
C3132,25-34,Женский,Екатеринбург,2021-09-17
C3133,35-44,Женский,Ярославль,2023-02-24
C3134,25-34,Мужской,Тольятти,2024-05-23
C3135,25-34,Мужской,Томск,2024-06-15
C3136,35-44,Женский,Нижний Новгород,2021-01-06
C3137,35-44,Мужской,Новосибирск,2024-06-13
C3138,18-24,Женский,Томск,2021-01-01
C3139,25-34,Мужской,Санкт-Петербург,2021-10-08
C3140,25-34,Женский,Ульяновск,2023-08-25
C3141,25-34,Женский,Екатеринбург,2022-05-09
C3142,25-34,Женский,Воронеж,2023-08-30
C3143,25-34,Мужской,Уфа,2023-12-23
C3144,18-24,Женский,Челябинск,2021-12-07
C3145,45-54,Мужской,Иркутск,2021-10-20
C3146,45-54,Женский,Краснодар,2022-05-29
C3147,35-44,Женский,Пермь,2024-08-28
C3148,25-34,Женский,Красноярск,2023-08-13
C3149,35-44,Женский,Пермь,2022-03-14
C3150,35-44,Мужской,Кемерово,2022-01-27
C3151,25-34,Женский,Хабаровск,2021-01-22
C3152,18-24,Женский,Челябинск,2021-01-12
C3153,25-34,Женский,Кемерово,2023-01-26
C3154,45-54,Женский,Москва,2024-05-27
C3155,25-34,Мужской,Барнаул,2023-09-08
C3156,25-34,Мужской,Иркутск,2022-06-03
C3157,25-34,Женский,Тольятти,2021-03-04
C3158,45-54,Мужской,Ижевск,2024-07-18
C3159,25-34,Женский,Хабаровск,2024-08-19
C3160,35-44,Мужской,Санкт-Петербург,2023-01-27
C3161,18-24,Мужской,Казань,2021-12-29
C3162,45-54,Женский,Пермь,2021-09-02
C3163,18-24,Мужской,Санкт-Петербург,2022-10-06
C3164,18-24,Женский,Томск,2022-02-02
C3165,35-44,Мужской,Уфа,2024-10-08
C3166,45-54,Женский,Иркутск,2021-12-13
C3167,45-54,Женский,Красноярск,2023-11-24
C3168,18-24,Мужской,Пермь,2024-09-29
C3169,35-44,Женский,Махачкала,2023-10-25
C3170,18-24,Женский,Нижний Новгород,2023-06-28
C3171,18-24,Женский,Иркутск,2023-11-02
C3172,25-34,Мужской,Махачкала,2021-01-07
C3173,25-34,Женский,Екатеринбург,2022-12-01
C3174,25-34,Мужской,Новосибирск,2024-03-05
C3175,45-54,Женский,Кемерово,2021-07-05
C3176,18-24,Женский,Уфа,2024-04-25
C3177,35-44,Женский,Нижний Новгород,2021-01-22
C3178,18-24,Женский,Новосибирск,2022-05-21
C3179,25-34,Мужской,Оренбург,2022-01-27
C3180,35-44,Мужской,Ростов-на-Дону,2021-04-20
C3181,25-34,Женский,Омск,2021-10-15
C3182,25-34,Женский,Махачкала,2022-01-21
C3183,25-34,Женский,Ростов-на-Дону,2022-06-16
C3184,35-44,Женский,Краснодар,2022-12-29
C3185,25-34,Женский,Барнаул,2023-12-08
C3186,25-34,Мужской,Махачкала,2021-12-16
C3187,18-24,Мужской,Воронеж,2021-11-15
C3188,25-34,Женский,Иркутск,2023-06-08
C3189,25-34,Мужской,Владивосток,2022-08-15
C3190,18-24,Мужской,Саратов,2024-02-04
C3191,45-54,Мужской,Новосибирск,2023-11-18
C3192,35-44,Женский,Волгоград,2022-06-19
C3193,18-24,Женский,Ульяновск,2024-07-16
C3194,18-24,Женский,Тольятти,2022-10-24
C3195,25-34,Женский,Тольятти,2021-03-11
C3196,25-34,Женский,Красноярск,2021-01-17
C3197,18-24,Женский,Уфа,2024-08-19
C3198,45-54,Женский,Красноярск,2022-09-20
C3199,18-24,Женский,Ярославль,2021-02-14
C3200,25-34,Женский,Тольятти,2024-03-25
C3201,35-44,Мужской,Краснодар,2022-05-14
C3202,25-34,Женский,Уфа,2023-09-16
C3203,35-44,Женский,Кемерово,2022-04-25
C3204,35-44,Мужской,Саратов,2021-08-09
C3205,25-34,Мужской,Тольятти,2023-04-01
C3206,25-34,Женский,Нижний Новгород,2022-09-08
C3207,45-54,Мужской,Саратов,2022-02-11
C3208,55+,Женский,Казань,2021-09-24
C3209,35-44,Мужской,Санкт-Петербург,2021-07-05
C3210,25-34,Мужской,Владивосток,2022-12-10
C3211,25-34,Женский,Москва,2024-09-10
C3212,18-24,Мужской,Ростов-на-Дону,2022-09-22
C3213,18-24,Женский,Челябинск,2023-06-14
C3214,18-24,Женский,Ульяновск,2024-02-12
C3215,45-54,Женский,Краснодар,2021-11-23
C3216,25-34,Женский,Ульяновск,2023-03-19
C3217,35-44,Мужской,Ульяновск,2023-02-10
C3218,45-54,Мужской,Ярославль,2021-07-16
C3219,25-34,Женский,Кемерово,2021-10-01
C3220,25-34,Женский,Ростов-на-Дону,2024-10-13
C3221,35-44,Женский,Воронеж,2023-12-30
C3222,18-24,Женский,Хабаровск,2024-04-16
C3223,18-24,Мужской,Нижний Новгород,2022-04-27
C3224,25-34,Женский,Махачкала,2021-01-04
C3225,35-44,Мужской,Кемерово,2021-06-08
C3226,35-44,Женский,Челябинск,2021-04-01
C3227,18-24,Женский,Уфа,2023-02-26
C3228,35-44,Женский,Ростов-на-Дону,2022-09-30
C3229,25-34,Мужской,Санкт-Петербург,2022-06-19
C3230,55+,Женский,Нижний Новгород,2023-03-27
C3231,35-44,Мужской,Волгоград,2021-06-19
C3232,25-34,Мужской,Барнаул,2023-04-09
C3233,45-54,Женский,Уфа,2021-09-21
C3234,25-34,Женский,Волгоград,2021-01-24
C3235,25-34,Мужской,Воронеж,2023-05-16
C3236,35-44,Женский,Омск,2024-07-22
C3237,18-24,Мужской,Кемерово,2023-07-12
C3238,25-34,Мужской,Иркутск,2022-11-18
C3239,45-54,Мужской,Екатеринбург,2022-01-02
C3240,55+,Женский,Воронеж,2024-10-13
C3241,18-24,Женский,Кемерово,2024-04-23
C3242,25-34,Женский,Ижевск,2023-07-21
C3243,25-34,Женский,Санкт-Петербург,2021-09-06
C3244,45-54,Женский,Санкт-Петербург,2024-05-12
C3245,35-44,Женский,Уфа,2024-10-14
C3246,25-34,Мужской,Тюмень,2022-07-02
C3247,18-24,Женский,Москва,2023-07-04
C3248,25-34,Мужской,Ижевск,2021-08-17
C3249,25-34,Женский,Хабаровск,2023-03-23
C3250,18-24,Женский,Екатеринбург,2021-09-16
C3251,35-44,Мужской,Пермь,2022-07-17
C3252,25-34,Женский,Ижевск,2022-05-15
C3253,45-54,Мужской,Кемерово,2023-12-09
C3254,25-34,Женский,Уфа,2023-02-03
C3255,18-24,Женский,Хабаровск,2024-07-30
C3256,45-54,Женский,Саратов,2021-06-11
C3257,25-34,Мужской,Ростов-на-Дону,2023-05-16
C3258,25-34,Женский,Хабаровск,2022-06-11
C3259,35-44,Мужской,Новосибирск,2023-06-07
C3260,55+,Мужской,Тольятти,2022-06-19
C3261,55+,Женский,Тюмень,2022-05-15
C3262,35-44,Женский,Тольятти,2023-08-27
C3263,18-24,Мужской,Омск,2022-01-16
C3264,25-34,Мужской,Ижевск,2023-03-28
C3265,45-54,Мужской,Омск,2021-01-11
C3266,25-34,Женский,Пермь,2024-09-07
C3267,18-24,Женский,Ижевск,2024-07-24
C3268,25-34,Женский,Москва,2022-10-27
C3269,18-24,Женский,Хабаровск,2024-06-01
C3270,45-54,Женский,Барнаул,2024-05-04
C3271,25-34,Женский,Кемерово,2024-02-17
C3272,18-24,Женский,Красноярск,2023-06-30
C3273,18-24,Мужской,Краснодар,2022-03-08
C3274,25-34,Женский,Воронеж,2022-06-08
C3275,25-34,Мужской,Тольятти,2021-06-10
C3276,35-44,Женский,Красноярск,2021-06-20
C3277,18-24,Мужской,Красноярск,2022-09-15
C3278,25-34,Женский,Ульяновск,2023-08-16
C3279,18-24,Мужской,Нижний Новгород,2024-07-02
C3280,25-34,Женский,Ярославль,2021-02-17
C3281,35-44,Женский,Хабаровск,2023-10-03
C3282,55+,Женский,Тюмень,2021-09-27
C3283,25-34,Мужской,Екатеринбург,2021-07-18
C3284,25-34,Женский,Екатеринбург,2024-03-14
C3285,25-34,Мужской,Ярославль,2023-04-02
C3286,25-34,Женский,Челябинск,2023-05-07
C3287,45-54,Женский,Ярославль,2023-01-14
C3288,35-44,Мужской,Ульяновск,2024-07-20
C3289,35-44,Женский,Тюмень,2023-12-27
C3290,25-34,Мужской,Краснодар,2023-08-09
C3291,25-34,Мужской,Нижний Новгород,2021-12-30
C3292,25-34,Женский,Махачкала,2022-11-16
C3293,35-44,Мужской,Ульяновск,2021-07-21
C3294,25-34,Мужской,Пермь,2023-04-21
C3295,18-24,Женский,Самара,2021-10-11
C3296,35-44,Женский,Новосибирск,2024-05-12
C3297,25-34,Женский,Москва,2022-10-28
C3298,35-44,Женский,Барнаул,2023-08-25
C3299,35-44,Мужской,Москва,2024-05-16
C3300,45-54,Мужской,Тюмень,2023-11-14
C3301,45-54,Мужской,Нижний Новгород,2023-07-27
C3302,25-34,Мужской,Нижний Новгород,2023-08-26
C3303,45-54,Мужской,Уфа,2021-09-29
C3304,25-34,Мужской,Челябинск,2024-03-28
C3305,25-34,Женский,Ижевск,2023-06-28
C3306,55+,Мужской,Волгоград,2023-10-22
C3307,35-44,Мужской,Махачкала,2022-11-10
C3308,45-54,Мужской,Самара,2023-08-05
C3309,35-44,Женский,Хабаровск,2021-03-08
C3310,35-44,Женский,Саратов,2023-08-21
C3311,45-54,Женский,Пермь,2022-06-17
C3312,45-54,Женский,Иркутск,2024-05-28
C3313,35-44,Женский,Москва,2023-06-18
C3314,25-34,Мужской,Ростов-на-Дону,2023-03-27
C3315,45-54,Мужской,Санкт-Петербург,2023-01-15
C3316,25-34,Мужской,Барнаул,2024-08-23
C3317,25-34,Мужской,Екатеринбург,2021-10-26
C3318,45-54,Мужской,Тольятти,2021-08-17
C3319,35-44,Женский,Ульяновск,2022-11-27
C3320,18-24,Женский,Краснодар,2022-03-07
C3321,25-34,Женский,Иркутск,2021-06-01
C3322,25-34,Мужской,Ярославль,2022-05-17
C3323,35-44,Женский,Иркутск,2023-06-30
C3324,25-34,Женский,Омск,2024-03-09
C3325,25-34,Женский,Казань,2021-10-31
C3326,25-34,Женский,Оренбург,2023-01-30
C3327,25-34,Мужской,Ростов-на-Дону,2021-11-21
C3328,25-34,Женский,Иркутск,2023-06-20
C3329,35-44,Женский,Владивосток,2021-09-21
C3330,18-24,Женский,Воронеж,2022-06-11
C3331,35-44,Женский,Челябинск,2024-04-09
C3332,25-34,Женский,Омск,2023-01-16
C3333,35-44,Мужской,Саратов,2023-04-12
C3334,25-34,Мужской,Красноярск,2024-08-11
C3335,18-24,Мужской,Уфа,2023-12-08
C3336,25-34,Мужской,Краснодар,2024-08-20
C3337,18-24,Женский,Нижний Новгород,2023-09-19
C3338,45-54,Женский,Новосибирск,2022-12-03
C3339,18-24,Женский,Казань,2022-07-24
C3340,35-44,Мужской,Екатеринбург,2024-08-24
C3341,18-24,Женский,Тольятти,2024-07-31
C3342,45-54,Мужской,Томск,2023-12-10
C3343,45-54,Мужской,Красноярск,2024-09-22
C3344,18-24,Мужской,Уфа,2023-11-06
C3345,18-24,Женский,Тюмень,2024-01-07
C3346,45-54,Мужской,Санкт-Петербург,2023-07-04
C3347,25-34,Женский,Омск,2022-01-10
C3348,35-44,Мужской,Самара,2022-04-13
C3349,35-44,Женский,Санкт-Петербург,2024-06-01
C3350,25-34,Женский,Хабаровск,2022-01-25
C3351,35-44,Мужской,Оренбург,2021-09-29
C3352,25-34,Женский,Самара,2022-05-15
C3353,25-34,Женский,Волгоград,2021-07-21
C3354,25-34,Мужской,Уфа,2024-07-22
C3355,18-24,Женский,Волгоград,2021-06-20
C3356,25-34,Женский,Тольятти,2022-03-17
C3357,25-34,Женский,Москва,2024-04-06
C3358,25-34,Мужской,Хабаровск,2023-06-26
C3359,35-44,Женский,Владивосток,2024-07-24
C3360,35-44,Женский,Москва,2022-05-31
C3361,35-44,Женский,Краснодар,2024-07-16
C3362,18-24,Женский,Саратов,2022-08-05
C3363,55+,Женский,Томск,2023-12-26
C3364,18-24,Женский,Тюмень,2023-10-28
C3365,25-34,Женский,Ярославль,2022-01-09
C3366,25-34,Женский,Саратов,2023-08-22
C3367,25-34,Женский,Ярославль,2023-06-04
C3368,35-44,Женский,Томск,2023-06-27
C3369,25-34,Мужской,Махачкала,2022-01-10
C3370,18-24,Женский,Самара,2022-03-13
C3371,25-34,Женский,Ярославль,2023-12-23
C3372,25-34,Мужской,Кемерово,2024-06-02
C3373,18-24,Мужской,Уфа,2021-11-17
C3374,18-24,Женский,Нижний Новгород,2021-11-20
C3375,35-44,Женский,Саратов,2023-08-29
C3376,35-44,Мужской,Ярославль,2022-07-06
C3377,18-24,Женский,Кемерово,2022-09-14
C3378,25-34,Женский,Хабаровск,2022-12-26
C3379,45-54,Женский,Ростов-на-Дону,2023-05-22
C3380,25-34,Мужской,Москва,2023-04-08
C3381,18-24,Женский,Барнаул,2021-10-14
C3382,55+,Мужской,Москва,2022-02-19
C3383,18-24,Мужской,Ростов-на-Дону,2023-02-04
C3384,18-24,Женский,Воронеж,2022-10-30
C3385,25-34,Мужской,Владивосток,2022-03-17
C3386,35-44,Женский,Омск,2021-08-07
C3387,18-24,Женский,Хабаровск,2023-09-10
C3388,45-54,Женский,Санкт-Петербург,2024-09-12
C3389,25-34,Мужской,Иркутск,2023-09-25
C3390,18-24,Мужской,Тольятти,2023-02-08
C3391,18-24,Женский,Уфа,2022-07-20
C3392,25-34,Женский,Ростов-на-Дону,2021-08-16
C3393,25-34,Мужской,Новосибирск,2022-10-27
C3394,55+,Мужской,Махачкала,2021-11-07
C3395,45-54,Женский,Тольятти,2022-02-14
C3396,25-34,Женский,Уфа,2024-03-18
C3397,25-34,Мужской,Тюмень,2023-12-24
C3398,45-54,Мужской,Казань,2021-05-20
C3399,45-54,Мужской,Хабаровск,2022-10-05
C3400,55+,Женский,Ярославль,2023-07-03
C3401,35-44,Женский,Уфа,2023-08-18
C3402,18-24,Женский,Челябинск,2024-10-19
C3403,55+,Женский,Ижевск,2021-02-17
C3404,18-24,Мужской,Пермь,2023-03-23
C3405,45-54,Мужской,Махачкала,2023-12-19
C3406,18-24,Мужской,Красноярск,2021-02-03
C3407,25-34,Мужской,Саратов,2022-11-01
C3408,35-44,Женский,Тольятти,2022-11-15
C3409,35-44,Мужской,Тольятти,2021-07-08
C3410,55+,Мужской,Тюмень,2021-11-21
C3411,35-44,Мужской,Новосибирск,2024-03-21
C3412,45-54,Женский,Челябинск,2021-05-30
C3413,35-44,Женский,Омск,2023-08-12
C3414,25-34,Мужской,Хабаровск,2021-11-08
C3415,35-44,Женский,Барнаул,2024-03-24
C3416,25-34,Женский,Иркутск,2023-06-05
C3417,45-54,Женский,Ростов-на-Дону,2021-01-14
C3418,35-44,Женский,Москва,2022-04-07
C3419,25-34,Женский,Томск,2022-04-02
C3420,25-34,Мужской,Тюмень,2023-07-27
C3421,35-44,Женский,Махачкала,2024-03-22
C3422,45-54,Мужской,Иркутск,2024-03-27
C3423,18-24,Мужской,Челябинск,2022-09-24
C3424,18-24,Женский,Ижевск,2021-03-22
C3425,35-44,Женский,Новосибирск,2022-11-02
C3426,45-54,Мужской,Ульяновск,2022-03-04
C3427,18-24,Женский,Омск,2022-04-23
C3428,45-54,Женский,Красноярск,2021-02-25
C3429,18-24,Мужской,Волгоград,2021-09-10
C3430,45-54,Женский,Волгоград,2022-03-04
C3431,25-34,Женский,Воронеж,2022-02-11
C3432,18-24,Женский,Махачкала,2021-09-13
C3433,18-24,Женский,Кемерово,2024-03-30
C3434,35-44,Женский,Ярославль,2022-03-06
C3435,18-24,Женский,Ижевск,2023-01-04
C3436,35-44,Женский,Челябинск,2022-03-07
C3437,55+,Мужской,Красноярск,2023-09-06
C3438,25-34,Женский,Волгоград,2021-02-03
C3439,18-24,Мужской,Воронеж,2021-07-24
C3440,25-34,Мужской,Махачкала,2021-05-14
C3441,25-34,Мужской,Ростов-на-Дону,2022-04-15
C3442,55+,Женский,Барнаул,2023-03-10
C3443,45-54,Женский,Омск,2024-08-18
C3444,45-54,Женский,Томск,2022-05-25
C3445,18-24,Женский,Саратов,2021-11-15
C3446,18-24,Женский,Санкт-Петербург,2021-05-06
C3447,25-34,Женский,Хабаровск,2024-09-15
C3448,25-34,Женский,Махачкала,2021-11-19
C3449,25-34,Женский,Саратов,2021-11-07
C3450,35-44,Мужской,Нижний Новгород,2023-01-18
C3451,45-54,Женский,Нижний Новгород,2021-03-03
C3452,25-34,Женский,Барнаул,2023-02-04
C3453,45-54,Женский,Уфа,2021-02-28
C3454,35-44,Женский,Оренбург,2023-08-22
C3455,18-24,Мужской,Кемерово,2023-04-15
C3456,18-24,Женский,Ижевск,2023-12-12
C3457,18-24,Женский,Красноярск,2022-04-02
C3458,18-24,Мужской,Екатеринбург,2023-09-02
C3459,25-34,Женский,Оренбург,2024-01-05
C3460,25-34,Мужской,Владивосток,2024-07-28
C3461,18-24,Женский,Оренбург,2022-06-11
C3462,18-24,Мужской,Красноярск,2024-06-10
C3463,35-44,Женский,Краснодар,2024-03-15
C3464,18-24,Женский,Казань,2021-10-20
C3465,18-24,Женский,Екатеринбург,2023-04-08
C3466,25-34,Женский,Самара,2022-04-09
C3467,25-34,Мужской,Ростов-на-Дону,2022-11-05
C3468,35-44,Женский,Тольятти,2023-12-01
C3469,25-34,Мужской,Омск,2021-09-27
C3470,25-34,Женский,Казань,2024-04-01
C3471,35-44,Мужской,Хабаровск,2023-02-28
C3472,35-44,Мужской,Нижний Новгород,2021-01-30
C3473,18-24,Женский,Владивосток,2022-05-03
C3474,18-24,Женский,Тольятти,2023-09-12
C3475,25-34,Женский,Барнаул,2024-03-28
C3476,25-34,Мужской,Волгоград,2024-06-26
C3477,25-34,Женский,Хабаровск,2022-07-27
C3478,35-44,Женский,Уфа,2022-11-22
C3479,55+,Женский,Уфа,2023-09-26
C3480,35-44,Женский,Екатеринбург,2024-09-30
C3481,45-54,Мужской,Омск,2021-05-10
C3482,35-44,Женский,Москва,2024-01-18
C3483,18-24,Женский,Волгоград,2021-08-16
C3484,18-24,Мужской,Казань,2022-12-13
C3485,25-34,Женский,Новосибирск,2023-10-31
C3486,18-24,Мужской,Оренбург,2023-11-13
C3487,18-24,Мужской,Самара,2021-02-04
C3488,18-24,Мужской,Саратов,2024-05-15
C3489,35-44,Женский,Саратов,2023-12-12
C3490,18-24,Женский,Тюмень,2022-04-17
C3491,35-44,Мужской,Нижний Новгород,2023-02-06
C3492,18-24,Мужской,Барнаул,2024-07-23
C3493,45-54,Женский,Кемерово,2021-11-08
C3494,25-34,Мужской,Пермь,2022-02-19
C3495,25-34,Мужской,Воронеж,2022-08-31
C3496,25-34,Женский,Пермь,2023-09-03
C3497,25-34,Женский,Ростов-на-Дону,2021-01-01
C3498,18-24,Мужской,Ульяновск,2022-10-01
C3499,18-24,Мужской,Ижевск,2021-05-17
C3500,18-24,Женский,Казань,2023-09-12
C3501,45-54,Мужской,Владивосток,2022-05-12
C3502,25-34,Женский,Пермь,2023-03-12
C3503,25-34,Женский,Красноярск,2021-05-25
C3504,18-24,Мужской,Казань,2023-04-03
C3505,18-24,Мужской,Ульяновск,2021-11-07
C3506,18-24,Женский,Омск,2022-11-02
C3507,18-24,Женский,Ростов-на-Дону,2023-12-10
C3508,18-24,Мужской,Краснодар,2022-04-21
C3509,35-44,Женский,Екатеринбург,2024-01-14
C3510,35-44,Женский,Новосибирск,2022-12-01
C3511,45-54,Мужской,Санкт-Петербург,2023-02-21
C3512,45-54,Женский,Барнаул,2023-08-14
C3513,25-34,Женский,Иркутск,2023-09-25
C3514,35-44,Женский,Екатеринбург,2021-07-01
C3515,55+,Женский,Ижевск,2023-01-13
C3516,18-24,Мужской,Краснодар,2023-06-05
C3517,25-34,Мужской,Томск,2022-07-28
C3518,45-54,Мужской,Оренбург,2022-05-31
C3519,35-44,Женский,Ульяновск,2022-05-30
C3520,55+,Женский,Екатеринбург,2023-09-22
C3521,18-24,Женский,Тольятти,2023-06-08
C3522,35-44,Женский,Ярославль,2023-09-27
C3523,25-34,Мужской,Воронеж,2024-05-27
C3524,25-34,Мужской,Воронеж,2021-03-28
C3525,35-44,Женский,Владивосток,2024-08-09
C3526,55+,Женский,Екатеринбург,2022-05-04
C3527,25-34,Мужской,Оренбург,2024-05-21
C3528,25-34,Женский,Хабаровск,2021-03-23
C3529,25-34,Мужской,Томск,2023-08-02
C3530,25-34,Женский,Воронеж,2024-07-10
C3531,35-44,Женский,Кемерово,2021-02-22
C3532,18-24,Женский,Барнаул,2022-11-05
C3533,18-24,Мужской,Владивосток,2021-02-28
C3534,35-44,Мужской,Омск,2023-01-05
C3535,45-54,Женский,Самара,2022-07-21
C3536,25-34,Женский,Волгоград,2024-07-24
C3537,25-34,Мужской,Челябинск,2024-02-18
C3538,35-44,Женский,Уфа,2023-04-02
C3539,35-44,Мужской,Нижний Новгород,2023-10-21
C3540,45-54,Женский,Ижевск,2024-01-08
C3541,35-44,Мужской,Самара,2022-10-11
C3542,45-54,Женский,Хабаровск,2021-07-05
C3543,35-44,Женский,Краснодар,2024-08-02
C3544,18-24,Женский,Омск,2023-09-22
C3545,25-34,Мужской,Оренбург,2023-01-11
C3546,35-44,Мужской,Уфа,2021-02-02
C3547,18-24,Женский,Кемерово,2023-11-03
C3548,35-44,Женский,Ярославль,2024-02-21
C3549,25-34,Женский,Иркутск,2021-06-05
C3550,18-24,Женский,Ижевск,2024-09-20
C3551,25-34,Женский,Иркутск,2022-11-28
C3552,25-34,Женский,Кемерово,2023-02-28
C3553,18-24,Мужской,Махачкала,2022-08-25
C3554,35-44,Мужской,Уфа,2022-04-06
C3555,25-34,Женский,Тюмень,2021-11-14
C3556,35-44,Женский,Краснодар,2022-04-05
C3557,45-54,Мужской,Самара,2022-04-08
C3558,25-34,Мужской,Казань,2021-01-26
C3559,25-34,Мужской,Томск,2024-06-07
C3560,25-34,Женский,Тюмень,2024-02-03
C3561,55+,Женский,Нижний Новгород,2023-11-29
C3562,25-34,Мужской,Оренбург,2023-03-04
C3563,35-44,Мужской,Красноярск,2022-06-24
C3564,25-34,Женский,Кемерово,2022-04-26
C3565,25-34,Женский,Иркутск,2021-10-03
C3566,25-34,Мужской,Иркутск,2022-05-21
C3567,35-44,Женский,Екатеринбург,2023-11-06
C3568,35-44,Женский,Екатеринбург,2024-05-22
C3569,18-24,Женский,Иркутск,2024-08-13
C3570,55+,Мужской,Самара,2023-08-11
C3571,25-34,Мужской,Волгоград,2024-06-21
C3572,25-34,Женский,Новосибирск,2021-12-17
C3573,18-24,Женский,Барнаул,2021-04-28
C3574,45-54,Женский,Иркутск,2021-10-30
C3575,18-24,Женский,Хабаровск,2022-07-20
C3576,25-34,Мужской,Хабаровск,2021-02-26
C3577,35-44,Женский,Иркутск,2021-10-01
C3578,55+,Женский,Волгоград,2022-09-27
C3579,25-34,Мужской,Уфа,2022-04-22
C3580,25-34,Мужской,Пермь,2021-10-23
C3581,35-44,Мужской,Тольятти,2022-10-07
C3582,45-54,Мужской,Санкт-Петербург,2023-01-04
C3583,25-34,Мужской,Новосибирск,2024-06-11
C3584,18-24,Женский,Нижний Новгород,2022-02-03
C3585,18-24,Женский,Ярославль,2022-01-03
C3586,45-54,Женский,Кемерово,2023-10-11
C3587,35-44,Женский,Екатеринбург,2023-04-07
C3588,25-34,Мужской,Воронеж,2023-04-15
C3589,25-34,Женский,Томск,2022-12-05
C3590,18-24,Женский,Нижний Новгород,2023-06-01
C3591,45-54,Женский,Нижний Новгород,2022-06-18
C3592,25-34,Женский,Барнаул,2024-07-20
C3593,18-24,Женский,Екатеринбург,2023-12-09
C3594,25-34,Мужской,Санкт-Петербург,2024-02-15
C3595,18-24,Женский,Нижний Новгород,2021-01-04
C3596,55+,Женский,Москва,2022-11-01
C3597,25-34,Женский,Оренбург,2024-03-09
C3598,25-34,Мужской,Нижний Новгород,2022-01-22
C3599,35-44,Женский,Тюмень,2022-03-24
C3600,55+,Женский,Ульяновск,2021-11-13
C3601,25-34,Женский,Оренбург,2023-06-22
C3602,35-44,Мужской,Нижний Новгород,2023-11-06
C3603,18-24,Мужской,Москва,2024-06-28
C3604,18-24,Женский,Владивосток,2021-09-04
C3605,45-54,Женский,Ростов-на-Дону,2021-08-09
C3606,25-34,Женский,Саратов,2021-12-09
C3607,45-54,Женский,Ижевск,2021-11-14
C3608,55+,Мужской,Волгоград,2024-09-10
C3609,25-34,Женский,Волгоград,2021-08-27
C3610,35-44,Женский,Самара,2023-01-19
C3611,18-24,Мужской,Краснодар,2022-01-21
C3612,35-44,Женский,Санкт-Петербург,2023-09-11
C3613,45-54,Мужской,Иркутск,2024-04-25
C3614,18-24,Женский,Ульяновск,2024-09-03
C3615,25-34,Женский,Тольятти,2023-12-26
C3616,25-34,Мужской,Барнаул,2022-02-16
C3617,25-34,Женский,Ярославль,2022-02-10
C3618,25-34,Мужской,Воронеж,2023-06-11
C3619,25-34,Женский,Краснодар,2021-08-02
C3620,25-34,Женский,Воронеж,2022-09-19
C3621,25-34,Мужской,Ростов-на-Дону,2024-11-01
C3622,35-44,Женский,Санкт-Петербург,2022-01-21
C3623,45-54,Женский,Тольятти,2024-03-15
C3624,25-34,Мужской,Хабаровск,2021-04-09
C3625,25-34,Женский,Ростов-на-Дону,2023-02-28
C3626,18-24,Мужской,Санкт-Петербург,2023-06-08
C3627,35-44,Женский,Нижний Новгород,2023-11-08
C3628,25-34,Мужской,Кемерово,2022-03-16
C3629,18-24,Мужской,Оренбург,2022-03-30
C3630,35-44,Женский,Челябинск,2023-10-12
C3631,18-24,Мужской,Москва,2021-04-03
C3632,45-54,Женский,Иркутск,2021-08-27
C3633,45-54,Женский,Самара,2024-09-12
C3634,45-54,Мужской,Нижний Новгород,2023-03-10
C3635,45-54,Женский,Махачкала,2023-04-04
C3636,18-24,Женский,Самара,2024-06-27
C3637,35-44,Мужской,Пермь,2024-10-25
C3638,25-34,Мужской,Барнаул,2022-09-27
C3639,18-24,Мужской,Хабаровск,2022-07-13
C3640,25-34,Женский,Махачкала,2023-04-28
C3641,25-34,Мужской,Челябинск,2023-09-27
C3642,25-34,Женский,Иркутск,2023-03-21
C3643,18-24,Мужской,Казань,2024-09-19
C3644,35-44,Женский,Екатеринбург,2021-08-25
C3645,18-24,Мужской,Новосибирск,2022-01-11
C3646,25-34,Женский,Хабаровск,2022-06-10
C3647,55+,Мужской,Иркутск,2023-03-27
C3648,25-34,Женский,Томск,2024-03-13
C3649,25-34,Мужской,Воронеж,2022-02-18
C3650,55+,Женский,Краснодар,2022-02-16
C3651,18-24,Мужской,Краснодар,2023-09-08
C3652,18-24,Женский,Махачкала,2023-03-06
C3653,18-24,Мужской,Владивосток,2021-05-19
C3654,18-24,Женский,Волгоград,2021-10-20
C3655,25-34,Мужской,Ульяновск,2023-10-29
C3656,35-44,Женский,Челябинск,2022-10-14
C3657,18-24,Женский,Казань,2022-12-01
C3658,45-54,Женский,Нижний Новгород,2022-12-19
C3659,25-34,Мужской,Санкт-Петербург,2023-03-13
C3660,25-34,Мужской,Саратов,2021-05-11
C3661,18-24,Мужской,Уфа,2024-09-09
C3662,35-44,Женский,Волгоград,2021-05-23
C3663,45-54,Женский,Ростов-на-Дону,2024-02-15
C3664,18-24,Женский,Уфа,2021-04-27
C3665,18-24,Женский,Саратов,2023-12-31
C3666,18-24,Мужской,Хабаровск,2022-10-21
C3667,25-34,Женский,Екатеринбург,2022-04-24
C3668,18-24,Женский,Санкт-Петербург,2023-03-05
C3669,35-44,Женский,Самара,2024-07-10
C3670,18-24,Женский,Москва,2024-08-21
C3671,45-54,Женский,Тольятти,2024-08-13
C3672,25-34,Мужской,Воронеж,2023-07-10
C3673,45-54,Женский,Краснодар,2024-06-08
C3674,25-34,Мужской,Барнаул,2023-07-21
C3675,25-34,Мужской,Волгоград,2024-01-04
C3676,45-54,Женский,Ростов-на-Дону,2024-07-28
C3677,35-44,Мужской,Воронеж,2022-06-11
C3678,45-54,Женский,Москва,2023-06-04
C3679,45-54,Женский,Волгоград,2023-04-21
C3680,35-44,Женский,Самара,2023-04-04
C3681,18-24,Мужской,Челябинск,2023-04-12
C3682,25-34,Женский,Хабаровск,2023-07-16
C3683,25-34,Женский,Красноярск,2022-11-23
C3684,25-34,Женский,Хабаровск,2023-12-22
C3685,18-24,Женский,Челябинск,2024-03-10
C3686,18-24,Мужской,Ульяновск,2024-06-21
C3687,25-34,Женский,Томск,2023-04-17
C3688,25-34,Женский,Воронеж,2021-10-17
C3689,25-34,Женский,Волгоград,2022-09-08
C3690,45-54,Мужской,Томск,2024-07-01
C3691,25-34,Женский,Уфа,2024-02-04
C3692,45-54,Мужской,Кемерово,2023-11-26
C3693,25-34,Мужской,Москва,2022-02-27
C3694,25-34,Мужской,Омск,2024-10-25
C3695,25-34,Женский,Воронеж,2024-03-23
C3696,35-44,Женский,Пермь,2022-10-11
C3697,25-34,Мужской,Казань,2023-09-24
C3698,25-34,Мужской,Ижевск,2023-12-23
C3699,35-44,Мужской,Ульяновск,2021-07-18
C3700,35-44,Женский,Москва,2021-04-19
C3701,25-34,Женский,Кемерово,2023-01-01
C3702,18-24,Женский,Челябинск,2022-09-22
C3703,45-54,Женский,Кемерово,2022-10-09
C3704,25-34,Мужской,Краснодар,2022-11-25
C3705,35-44,Женский,Екатеринбург,2024-02-25
C3706,18-24,Мужской,Нижний Новгород,2023-05-01
C3707,18-24,Мужской,Пермь,2021-11-21
C3708,25-34,Мужской,Иркутск,2022-07-30
C3709,35-44,Мужской,Екатеринбург,2024-09-21
C3710,45-54,Мужской,Екатеринбург,2021-03-22
C3711,18-24,Женский,Воронеж,2023-09-04
C3712,18-24,Женский,Иркутск,2023-01-13
C3713,45-54,Женский,Нижний Новгород,2023-07-06
C3714,45-54,Мужской,Ульяновск,2024-03-06
C3715,25-34,Женский,Новосибирск,2023-01-28
C3716,18-24,Женский,Ростов-на-Дону,2024-10-19
C3717,25-34,Женский,Кемерово,2024-10-01
C3718,18-24,Мужской,Ростов-на-Дону,2021-06-20
C3719,25-34,Мужской,Краснодар,2021-02-02
C3720,35-44,Женский,Нижний Новгород,2023-01-18
C3721,45-54,Женский,Омск,2023-12-02
C3722,45-54,Женский,Уфа,2021-12-08
C3723,18-24,Женский,Ростов-на-Дону,2022-06-23
C3724,25-34,Женский,Санкт-Петербург,2022-07-13
C3725,35-44,Мужской,Волгоград,2024-09-12
C3726,18-24,Женский,Казань,2024-07-02
C3727,18-24,Женский,Ростов-на-Дону,2023-02-19
C3728,18-24,Женский,Воронеж,2021-03-15
C3729,35-44,Женский,Воронеж,2022-11-19
C3730,25-34,Женский,Владивосток,2023-05-20
C3731,25-34,Женский,Красноярск,2022-06-20
C3732,25-34,Женский,Омск,2021-06-20
C3733,45-54,Мужской,Новосибирск,2024-09-26
C3734,45-54,Мужской,Оренбург,2021-08-21
C3735,18-24,Женский,Ярославль,2021-08-08
C3736,18-24,Женский,Новосибирск,2021-11-12
C3737,25-34,Женский,Новосибирск,2021-06-04
C3738,18-24,Женский,Владивосток,2022-11-30
C3739,45-54,Женский,Казань,2024-04-08
C3740,35-44,Мужской,Волгоград,2024-07-16
C3741,45-54,Мужской,Екатеринбург,2024-06-08
C3742,18-24,Мужской,Челябинск,2021-06-16
C3743,18-24,Мужской,Новосибирск,2021-01-08
C3744,25-34,Мужской,Челябинск,2021-04-13
C3745,35-44,Женский,Барнаул,2023-12-21
C3746,18-24,Мужской,Иркутск,2023-10-12
C3747,35-44,Женский,Ростов-на-Дону,2024-10-16
C3748,25-34,Мужской,Волгоград,2022-01-14
C3749,25-34,Женский,Челябинск,2022-06-24
C3750,18-24,Женский,Челябинск,2021-09-11
C3751,35-44,Женский,Нижний Новгород,2022-10-21
C3752,35-44,Женский,Воронеж,2024-07-25
C3753,45-54,Женский,Пермь,2023-11-04
C3754,35-44,Женский,Омск,2022-12-08
C3755,35-44,Женский,Барнаул,2024-10-31
C3756,25-34,Мужской,Новосибирск,2021-05-07
C3757,18-24,Женский,Хабаровск,2021-05-04
C3758,35-44,Мужской,Новосибирск,2024-10-12
C3759,35-44,Мужской,Москва,2024-10-13
C3760,18-24,Женский,Кемерово,2023-01-11
C3761,35-44,Женский,Новосибирск,2024-03-11
C3762,25-34,Мужской,Волгоград,2023-01-04
C3763,35-44,Женский,Краснодар,2022-09-07
C3764,35-44,Женский,Хабаровск,2022-01-25
C3765,18-24,Женский,Иркутск,2022-12-24
C3766,25-34,Мужской,Уфа,2023-04-06
C3767,25-34,Мужской,Волгоград,2021-11-09
C3768,18-24,Мужской,Пермь,2021-02-20
C3769,45-54,Мужской,Воронеж,2024-07-18
C3770,18-24,Женский,Пермь,2024-09-17
C3771,45-54,Женский,Нижний Новгород,2022-03-21
C3772,18-24,Женский,Казань,2022-07-09
C3773,25-34,Женский,Воронеж,2021-11-21
C3774,25-34,Мужской,Тюмень,2022-07-23
C3775,18-24,Женский,Хабаровск,2023-10-20
C3776,25-34,Мужской,Нижний Новгород,2023-09-26
C3777,55+,Женский,Екатеринбург,2021-05-18
C3778,55+,Мужской,Ижевск,2022-08-16
C3779,18-24,Женский,Краснодар,2022-03-20
C3780,25-34,Женский,Ростов-на-Дону,2024-07-17
C3781,18-24,Мужской,Ульяновск,2024-06-20
C3782,25-34,Женский,Казань,2023-12-21
C3783,25-34,Мужской,Владивосток,2021-09-20
C3784,25-34,Мужской,Новосибирск,2021-02-06
C3785,25-34,Женский,Челябинск,2022-10-31
C3786,35-44,Мужской,Оренбург,2022-10-03
C3787,35-44,Мужской,Краснодар,2022-07-29
C3788,25-34,Женский,Уфа,2022-02-03
C3789,45-54,Мужской,Владивосток,2024-07-19
C3790,25-34,Мужской,Иркутск,2024-04-29
C3791,35-44,Мужской,Самара,2023-09-28
C3792,25-34,Мужской,Уфа,2023-11-13
C3793,45-54,Женский,Казань,2024-07-01
C3794,25-34,Женский,Волгоград,2024-05-19
C3795,45-54,Мужской,Хабаровск,2022-06-29
C3796,18-24,Женский,Челябинск,2022-07-20
C3797,35-44,Женский,Ярославль,2021-05-01
C3798,25-34,Женский,Москва,2022-11-02
C3799,25-34,Мужской,Тюмень,2021-10-27
C3800,35-44,Мужской,Краснодар,2022-10-06
C3801,35-44,Женский,Махачкала,2024-08-15
C3802,18-24,Мужской,Ижевск,2021-09-04
C3803,25-34,Женский,Оренбург,2022-02-04
C3804,25-34,Женский,Самара,2023-02-10
C3805,25-34,Мужской,Москва,2022-09-03
C3806,25-34,Женский,Москва,2021-03-01
C3807,35-44,Мужской,Новосибирск,2023-01-25
C3808,25-34,Мужской,Казань,2023-07-04
C3809,35-44,Женский,Ижевск,2023-06-29
C3810,35-44,Женский,Омск,2023-07-23
C3811,25-34,Мужской,Волгоград,2022-08-07
C3812,18-24,Женский,Москва,2021-09-11
C3813,18-24,Женский,Краснодар,2023-01-26
C3814,18-24,Мужской,Воронеж,2024-02-01
C3815,18-24,Женский,Уфа,2023-03-22
C3816,18-24,Женский,Ярославль,2021-03-12
C3817,35-44,Женский,Ярославль,2024-03-10
C3818,18-24,Женский,Хабаровск,2021-09-28
C3819,25-34,Мужской,Казань,2021-11-07
C3820,18-24,Женский,Иркутск,2022-04-27
C3821,18-24,Женский,Красноярск,2022-11-24
C3822,18-24,Женский,Новосибирск,2023-10-06
C3823,25-34,Женский,Пермь,2024-08-07
C3824,35-44,Мужской,Тюмень,2021-07-03
C3825,45-54,Женский,Екатеринбург,2022-06-19
C3826,18-24,Женский,Ульяновск,2024-02-17
C3827,18-24,Мужской,Иркутск,2022-04-07
C3828,25-34,Женский,Ярославль,2022-04-22
C3829,45-54,Мужской,Казань,2023-10-23
C3830,25-34,Женский,Барнаул,2024-10-04
C3831,25-34,Женский,Ростов-на-Дону,2023-10-06
C3832,18-24,Мужской,Пермь,2024-02-01
C3833,18-24,Женский,Санкт-Петербург,2022-03-04
C3834,18-24,Женский,Красноярск,2021-06-15
C3835,25-34,Женский,Оренбург,2021-12-03
C3836,25-34,Женский,Москва,2024-07-09
C3837,35-44,Женский,Тюмень,2023-02-06
C3838,25-34,Женский,Челябинск,2024-05-29
C3839,25-34,Женский,Оренбург,2022-06-18
C3840,25-34,Мужской,Волгоград,2021-03-01
C3841,25-34,Мужской,Ульяновск,2023-11-15
C3842,35-44,Женский,Екатеринбург,2021-03-27
C3843,25-34,Женский,Кемерово,2022-02-26
C3844,18-24,Женский,Хабаровск,2022-09-04
C3845,45-54,Мужской,Оренбург,2024-04-29
C3846,45-54,Женский,Санкт-Петербург,2024-08-19
C3847,35-44,Женский,Оренбург,2022-06-01
C3848,18-24,Женский,Москва,2022-03-20
C3849,45-54,Мужской,Челябинск,2023-10-21
C3850,45-54,Женский,Уфа,2023-07-27
C3851,55+,Женский,Нижний Новгород,2023-10-04
C3852,25-34,Женский,Владивосток,2024-09-28
C3853,45-54,Женский,Ижевск,2021-08-08
C3854,45-54,Мужской,Ижевск,2021-04-13
C3855,45-54,Мужской,Кемерово,2021-01-01
C3856,25-34,Женский,Тольятти,2021-11-23
C3857,18-24,Женский,Барнаул,2022-01-26
C3858,55+,Мужской,Красноярск,2021-06-05
C3859,25-34,Мужской,Ростов-на-Дону,2021-03-13
C3860,45-54,Женский,Омск,2023-07-25
C3861,45-54,Мужской,Владивосток,2022-02-24
C3862,18-24,Мужской,Ульяновск,2021-03-04
C3863,45-54,Мужской,Нижний Новгород,2021-01-30
C3864,18-24,Мужской,Волгоград,2024-04-02
C3865,35-44,Женский,Москва,2024-02-28
C3866,25-34,Мужской,Казань,2022-03-18
C3867,18-24,Мужской,Москва,2021-03-18
C3868,25-34,Мужской,Пермь,2021-12-25
C3869,55+,Женский,Санкт-Петербург,2024-09-06
C3870,18-24,Мужской,Омск,2022-07-31
C3871,35-44,Женский,Омск,2021-02-19
C3872,35-44,Мужской,Челябинск,2022-04-26
C3873,35-44,Мужской,Барнаул,2021-04-01
C3874,45-54,Мужской,Пермь,2024-02-19
C3875,55+,Женский,Самара,2021-04-07
C3876,25-34,Женский,Красноярск,2023-07-24
C3877,45-54,Женский,Красноярск,2024-09-10
C3878,45-54,Мужской,Тюмень,2021-10-26
C3879,25-34,Мужской,Пермь,2021-12-23
C3880,25-34,Женский,Красноярск,2022-08-22
C3881,18-24,Мужской,Оренбург,2023-10-10
C3882,35-44,Женский,Пермь,2021-06-27
C3883,35-44,Мужской,Уфа,2023-01-05
C3884,35-44,Женский,Тюмень,2024-10-25
C3885,18-24,Женский,Саратов,2024-07-04
C3886,18-24,Женский,Барнаул,2021-11-23
C3887,45-54,Женский,Махачкала,2022-02-26
C3888,45-54,Женский,Махачкала,2023-05-09
C3889,45-54,Мужской,Тюмень,2021-03-27
C3890,25-34,Женский,Омск,2024-02-02
C3891,35-44,Женский,Самара,2024-11-01
C3892,35-44,Женский,Екатеринбург,2022-10-29
C3893,35-44,Мужской,Тюмень,2023-03-20
C3894,25-34,Мужской,Самара,2024-03-27
C3895,25-34,Женский,Ярославль,2021-08-06
C3896,18-24,Мужской,Казань,2022-01-21
C3897,35-44,Мужской,Саратов,2021-08-09
C3898,25-34,Мужской,Иркутск,2022-09-20
C3899,18-24,Женский,Махачкала,2022-03-05
C3900,25-34,Женский,Махачкала,2022-01-27
C3901,18-24,Женский,Екатеринбург,2022-03-01
C3902,18-24,Мужской,Новосибирск,2021-05-18
C3903,25-34,Мужской,Пермь,2023-01-03
C3904,35-44,Женский,Ижевск,2022-09-07
C3905,25-34,Женский,Ростов-на-Дону,2023-05-28
C3906,35-44,Мужской,Барнаул,2024-06-13
C3907,25-34,Мужской,Санкт-Петербург,2023-10-21
C3908,25-34,Женский,Иркутск,2023-08-28
C3909,45-54,Женский,Тюмень,2021-07-20
C3910,25-34,Женский,Оренбург,2022-12-20
C3911,45-54,Мужской,Москва,2023-02-18
C3912,18-24,Женский,Оренбург,2021-06-27
C3913,25-34,Женский,Новосибирск,2022-05-18
C3914,35-44,Мужской,Кемерово,2021-07-12
C3915,25-34,Мужской,Самара,2024-05-21
C3916,55+,Женский,Ростов-на-Дону,2024-02-06
C3917,35-44,Мужской,Челябинск,2024-06-10
C3918,25-34,Женский,Казань,2024-04-30
C3919,45-54,Мужской,Кемерово,2023-11-03
C3920,25-34,Женский,Волгоград,2022-07-17
C3921,35-44,Женский,Кемерово,2024-01-03
C3922,35-44,Женский,Тольятти,2021-08-29
C3923,35-44,Женский,Оренбург,2023-07-15
C3924,25-34,Женский,Ростов-на-Дону,2024-05-16
C3925,25-34,Женский,Казань,2021-06-07
C3926,18-24,Женский,Москва,2023-03-05
C3927,35-44,Мужской,Оренбург,2021-12-28
C3928,35-44,Женский,Нижний Новгород,2022-04-03
C3929,25-34,Мужской,Томск,2023-10-08
C3930,18-24,Женский,Иркутск,2021-08-26
C3931,18-24,Женский,Хабаровск,2024-05-24
C3932,25-34,Женский,Красноярск,2023-05-31
C3933,18-24,Женский,Иркутск,2023-01-25
C3934,35-44,Женский,Краснодар,2021-03-10
C3935,25-34,Женский,Пермь,2021-05-18
C3936,18-24,Женский,Ульяновск,2023-01-03
C3937,25-34,Женский,Самара,2021-10-09
C3938,18-24,Женский,Тольятти,2022-01-18
C3939,35-44,Женский,Тюмень,2023-02-04
C3940,25-34,Женский,Владивосток,2024-09-06
C3941,18-24,Женский,Тюмень,2021-03-23
C3942,18-24,Женский,Казань,2023-03-12
C3943,18-24,Женский,Владивосток,2021-01-25
C3944,18-24,Мужской,Тольятти,2023-12-23
C3945,18-24,Мужской,Казань,2022-10-17
C3946,45-54,Мужской,Владивосток,2022-03-14
C3947,18-24,Женский,Краснодар,2022-03-15
C3948,18-24,Женский,Барнаул,2024-07-08
C3949,25-34,Мужской,Казань,2024-09-28
C3950,18-24,Женский,Томск,2021-05-20
C3951,25-34,Мужской,Новосибирск,2024-03-05
C3952,18-24,Мужской,Пермь,2024-07-05
C3953,25-34,Женский,Омск,2023-04-13
C3954,18-24,Женский,Томск,2022-10-19
C3955,35-44,Женский,Ульяновск,2023-02-05
C3956,25-34,Женский,Томск,2022-04-06
C3957,35-44,Женский,Ижевск,2023-11-10
C3958,45-54,Мужской,Ярославль,2024-07-25
C3959,18-24,Женский,Ростов-на-Дону,2023-10-16
C3960,35-44,Женский,Москва,2023-05-05
C3961,18-24,Женский,Оренбург,2021-10-26
C3962,35-44,Женский,Омск,2023-03-17
C3963,25-34,Мужской,Кемерово,2022-12-01
C3964,25-34,Женский,Уфа,2022-09-24
C3965,45-54,Женский,Краснодар,2023-03-02
C3966,35-44,Мужской,Тольятти,2024-02-22
C3967,45-54,Женский,Ульяновск,2024-03-21
C3968,18-24,Женский,Иркутск,2023-09-30
C3969,55+,Женский,Ижевск,2024-07-17
C3970,18-24,Мужской,Кемерово,2022-07-10
C3971,45-54,Женский,Самара,2022-10-04
C3972,45-54,Женский,Самара,2024-03-05
C3973,18-24,Мужской,Челябинск,2022-11-18
C3974,25-34,Женский,Омск,2024-05-09
C3975,25-34,Мужской,Ярославль,2024-06-09
C3976,45-54,Женский,Ярославль,2022-08-28
C3977,18-24,Мужской,Иркутск,2024-01-17
C3978,25-34,Женский,Волгоград,2024-04-06
C3979,25-34,Женский,Хабаровск,2022-08-20
C3980,35-44,Женский,Владивосток,2024-07-21
C3981,45-54,Женский,Барнаул,2023-10-15
C3982,25-34,Женский,Иркутск,2022-07-09
C3983,45-54,Женский,Уфа,2021-10-27
C3984,25-34,Женский,Екатеринбург,2023-02-11
C3985,45-54,Мужской,Москва,2021-05-17
C3986,18-24,Мужской,Кемерово,2023-10-11
C3987,25-34,Мужской,Тольятти,2022-07-22
C3988,25-34,Женский,Омск,2021-04-15
C3989,55+,Мужской,Краснодар,2024-05-04
C3990,18-24,Женский,Уфа,2021-09-02
C3991,18-24,Женский,Ярославль,2021-04-22
C3992,18-24,Женский,Екатеринбург,2024-01-29
C3993,25-34,Женский,Екатеринбург,2023-05-17
C3994,18-24,Мужской,Тольятти,2021-05-03
C3995,18-24,Женский,Ижевск,2022-07-22
C3996,25-34,Женский,Самара,2024-06-20
C3997,35-44,Мужской,Кемерово,2024-02-06
C3998,25-34,Женский,Москва,2024-02-08
C3999,25-34,Мужской,Нижний Новгород,2023-02-24
C4000,18-24,Женский,Нижний Новгород,2021-07-06
C4001,25-34,Женский,Омск,2023-09-23
C4002,18-24,Женский,Пермь,2022-03-29
C4003,18-24,Женский,Оренбург,2021-12-22
C4004,45-54,Женский,Москва,2022-05-05
C4005,35-44,Женский,Томск,2024-05-13
C4006,45-54,Женский,Самара,2021-07-25
C4007,45-54,Женский,Волгоград,2023-06-26
C4008,18-24,Мужской,Томск,2024-06-13
C4009,35-44,Женский,Ярославль,2022-07-11
C4010,18-24,Мужской,Пермь,2023-12-10
C4011,25-34,Женский,Саратов,2024-06-14
C4012,25-34,Женский,Челябинск,2023-02-03
C4013,18-24,Женский,Махачкала,2024-10-31
C4014,25-34,Мужской,Челябинск,2022-03-23
C4015,25-34,Женский,Самара,2022-08-19
C4016,45-54,Женский,Оренбург,2023-08-20
C4017,55+,Мужской,Тольятти,2022-05-15
C4018,35-44,Женский,Иркутск,2021-02-14
C4019,25-34,Женский,Воронеж,2021-02-11
C4020,25-34,Мужской,Кемерово,2023-05-19
C4021,18-24,Женский,Самара,2022-07-06
C4022,25-34,Мужской,Краснодар,2021-11-20
C4023,18-24,Мужской,Барнаул,2023-11-26
C4024,25-34,Мужской,Томск,2021-03-16
C4025,55+,Женский,Ярославль,2022-04-14
C4026,18-24,Мужской,Новосибирск,2024-06-14
C4027,35-44,Женский,Новосибирск,2023-12-12
C4028,45-54,Женский,Ростов-на-Дону,2021-10-18
C4029,45-54,Женский,Кемерово,2022-01-16
C4030,18-24,Женский,Саратов,2021-05-17
C4031,18-24,Женский,Санкт-Петербург,2024-03-18
C4032,35-44,Мужской,Томск,2021-12-27
C4033,25-34,Женский,Пермь,2021-12-10
C4034,18-24,Мужской,Челябинск,2024-05-19
C4035,35-44,Женский,Екатеринбург,2022-07-06
C4036,45-54,Женский,Екатеринбург,2023-08-06
C4037,25-34,Женский,Нижний Новгород,2021-11-09
C4038,25-34,Женский,Владивосток,2021-01-18
C4039,25-34,Женский,Омск,2023-11-18
C4040,45-54,Женский,Оренбург,2021-04-27
C4041,25-34,Женский,Краснодар,2021-11-16
C4042,45-54,Женский,Ижевск,2023-01-23
C4043,25-34,Женский,Самара,2023-07-21
C4044,18-24,Женский,Самара,2021-11-28
C4045,35-44,Мужской,Новосибирск,2023-02-12
C4046,18-24,Женский,Саратов,2023-10-01
C4047,35-44,Женский,Тюмень,2023-04-08
C4048,45-54,Женский,Барнаул,2023-12-01
C4049,25-34,Женский,Иркутск,2023-04-10
C4050,35-44,Женский,Пермь,2021-12-08
C4051,25-34,Женский,Владивосток,2021-03-16
C4052,18-24,Женский,Красноярск,2022-09-04
C4053,18-24,Мужской,Воронеж,2023-02-09
C4054,25-34,Женский,Краснодар,2022-02-11
C4055,35-44,Женский,Ярославль,2024-07-31
C4056,35-44,Женский,Тольятти,2021-10-14
C4057,35-44,Женский,Самара,2021-10-19
C4058,18-24,Женский,Волгоград,2022-06-02
C4059,25-34,Женский,Волгоград,2023-01-31
C4060,45-54,Женский,Пермь,2021-04-16
C4061,18-24,Женский,Барнаул,2021-07-27
C4062,25-34,Женский,Волгоград,2023-03-03
C4063,45-54,Мужской,Новосибирск,2024-05-10
C4064,25-34,Мужской,Тюмень,2023-09-05
C4065,18-24,Мужской,Томск,2023-09-09
C4066,18-24,Женский,Ростов-на-Дону,2023-11-04
C4067,18-24,Мужской,Казань,2024-02-25
C4068,25-34,Женский,Челябинск,2024-07-15
C4069,25-34,Женский,Воронеж,2022-11-16
C4070,35-44,Женский,Ижевск,2022-10-31
C4071,25-34,Женский,Саратов,2024-04-14
C4072,18-24,Женский,Краснодар,2023-06-07
C4073,35-44,Женский,Ярославль,2024-01-28
C4074,35-44,Женский,Новосибирск,2021-11-11
C4075,45-54,Женский,Ульяновск,2023-06-20
C4076,35-44,Мужской,Казань,2021-10-19
C4077,35-44,Женский,Ижевск,2023-02-26
C4078,25-34,Женский,Санкт-Петербург,2022-09-13
C4079,18-24,Женский,Пермь,2024-03-11
C4080,18-24,Мужской,Оренбург,2021-11-07
C4081,25-34,Женский,Кемерово,2022-03-08
C4082,18-24,Женский,Томск,2021-03-18
C4083,25-34,Женский,Новосибирск,2022-03-25
C4084,25-34,Мужской,Кемерово,2024-10-09
C4085,25-34,Женский,Волгоград,2022-12-03
C4086,35-44,Мужской,Томск,2023-08-19
C4087,55+,Женский,Тюмень,2024-01-28
C4088,45-54,Мужской,Уфа,2024-07-17
C4089,35-44,Женский,Ульяновск,2024-10-28
C4090,45-54,Женский,Ульяновск,2022-07-26
C4091,45-54,Мужской,Самара,2022-04-09
C4092,45-54,Женский,Омск,2022-11-04
C4093,45-54,Женский,Хабаровск,2023-04-09
C4094,18-24,Женский,Владивосток,2022-06-12
C4095,18-24,Женский,Самара,2022-03-25
C4096,45-54,Женский,Оренбург,2021-11-10
C4097,45-54,Мужской,Саратов,2023-01-14
C4098,25-34,Женский,Тольятти,2022-11-10
C4099,25-34,Женский,Ижевск,2023-09-13
C4100,45-54,Мужской,Ярославль,2022-10-05
C4101,45-54,Женский,Воронеж,2023-06-05
C4102,18-24,Женский,Москва,2022-11-15
C4103,45-54,Женский,Самара,2023-09-24
C4104,45-54,Женский,Воронеж,2024-04-20
C4105,18-24,Женский,Самара,2022-08-10
C4106,18-24,Мужской,Уфа,2021-11-23
C4107,25-34,Женский,Томск,2021-06-19
C4108,18-24,Женский,Хабаровск,2021-01-18
C4109,18-24,Женский,Оренбург,2021-07-09
C4110,45-54,Мужской,Иркутск,2024-08-20
C4111,18-24,Женский,Краснодар,2021-12-30
C4112,18-24,Женский,Махачкала,2023-01-22
C4113,35-44,Мужской,Иркутск,2023-01-02
C4114,35-44,Женский,Нижний Новгород,2022-09-27
C4115,25-34,Женский,Тольятти,2021-06-18
C4116,55+,Женский,Махачкала,2022-01-29
C4117,35-44,Мужской,Махачкала,2023-10-02
C4118,18-24,Женский,Ижевск,2023-12-14
C4119,18-24,Женский,Казань,2021-05-14
C4120,25-34,Мужской,Нижний Новгород,2024-08-10
C4121,35-44,Женский,Краснодар,2024-05-27
C4122,18-24,Женский,Воронеж,2022-11-25
C4123,35-44,Мужской,Владивосток,2023-07-16
C4124,25-34,Женский,Ростов-на-Дону,2024-08-31
C4125,35-44,Женский,Владивосток,2022-04-27
C4126,35-44,Мужской,Ульяновск,2022-10-31
C4127,18-24,Женский,Иркутск,2021-11-14
C4128,18-24,Женский,Оренбург,2021-08-30
C4129,18-24,Мужской,Казань,2021-11-02
C4130,35-44,Женский,Уфа,2022-10-18
C4131,25-34,Мужской,Пермь,2023-04-20
C4132,18-24,Мужской,Ульяновск,2024-02-05
C4133,35-44,Женский,Иркутск,2022-03-06
C4134,45-54,Мужской,Красноярск,2021-11-17
C4135,25-34,Женский,Санкт-Петербург,2021-03-06
C4136,45-54,Мужской,Воронеж,2022-01-18
C4137,45-54,Женский,Воронеж,2022-10-25
C4138,25-34,Мужской,Хабаровск,2023-05-15
C4139,35-44,Мужской,Ярославль,2024-03-06
C4140,45-54,Женский,Томск,2021-12-03
C4141,55+,Женский,Краснодар,2022-11-17
C4142,18-24,Мужской,Самара,2023-11-17
C4143,35-44,Мужской,Кемерово,2022-02-19
C4144,35-44,Женский,Ярославль,2021-01-19
C4145,35-44,Мужской,Владивосток,2024-06-13
C4146,25-34,Женский,Краснодар,2023-10-24
C4147,18-24,Женский,Ульяновск,2024-09-10
C4148,45-54,Мужской,Омск,2023-12-24
C4149,25-34,Женский,Тольятти,2024-06-08
C4150,45-54,Женский,Ярославль,2021-03-22
C4151,25-34,Мужской,Тюмень,2022-08-18
C4152,25-34,Мужской,Санкт-Петербург,2022-08-06
C4153,25-34,Женский,Барнаул,2021-05-09
C4154,25-34,Мужской,Кемерово,2023-08-08
C4155,45-54,Женский,Самара,2022-10-08
C4156,45-54,Женский,Омск,2022-09-07
C4157,45-54,Мужской,Махачкала,2022-04-15
C4158,35-44,Женский,Воронеж,2022-06-28
C4159,18-24,Женский,Самара,2023-07-10
C4160,18-24,Женский,Санкт-Петербург,2021-06-05
C4161,45-54,Женский,Махачкала,2024-01-25
C4162,45-54,Женский,Томск,2024-08-03
C4163,35-44,Мужской,Ульяновск,2021-04-15
C4164,25-34,Женский,Тюмень,2024-09-16
C4165,25-34,Мужской,Томск,2022-04-26
C4166,45-54,Женский,Хабаровск,2022-11-04
C4167,18-24,Мужской,Москва,2023-05-30
C4168,18-24,Мужской,Краснодар,2021-02-12
C4169,18-24,Мужской,Хабаровск,2022-06-13
C4170,18-24,Женский,Омск,2023-05-02
C4171,18-24,Женский,Хабаровск,2021-12-02
C4172,25-34,Мужской,Ростов-на-Дону,2022-09-26
C4173,55+,Мужской,Барнаул,2021-05-21
C4174,18-24,Женский,Екатеринбург,2021-01-07
C4175,55+,Женский,Ярославль,2022-07-08
C4176,55+,Женский,Волгоград,2022-11-23
C4177,18-24,Мужской,Ярославль,2023-12-31
C4178,25-34,Женский,Ульяновск,2024-06-12
C4179,25-34,Женский,Владивосток,2021-07-08
C4180,25-34,Женский,Челябинск,2024-01-22
C4181,45-54,Мужской,Кемерово,2024-06-24
C4182,45-54,Мужской,Новосибирск,2021-05-10
C4183,18-24,Женский,Саратов,2024-01-01
C4184,18-24,Мужской,Ярославль,2024-07-17
C4185,25-34,Женский,Воронеж,2023-06-05
C4186,18-24,Женский,Владивосток,2023-04-05
C4187,18-24,Женский,Барнаул,2023-09-18
C4188,35-44,Мужской,Новосибирск,2022-04-10
C4189,45-54,Мужской,Ярославль,2023-10-10
C4190,25-34,Женский,Уфа,2024-08-08
C4191,25-34,Мужской,Санкт-Петербург,2023-07-17
C4192,18-24,Женский,Москва,2024-09-23
C4193,45-54,Мужской,Пермь,2021-01-16
C4194,55+,Мужской,Новосибирск,2021-10-02
C4195,45-54,Женский,Тюмень,2021-08-27
C4196,25-34,Женский,Тюмень,2024-02-04
C4197,35-44,Женский,Ижевск,2021-03-08
C4198,35-44,Мужской,Самара,2022-10-02
C4199,25-34,Женский,Санкт-Петербург,2021-08-07
C4200,18-24,Женский,Казань,2022-06-13
C4201,45-54,Мужской,Омск,2022-11-28
C4202,45-54,Мужской,Саратов,2023-01-16
C4203,18-24,Женский,Ростов-на-Дону,2023-04-14
C4204,18-24,Мужской,Уфа,2022-01-14
C4205,35-44,Мужской,Кемерово,2023-12-12
C4206,35-44,Мужской,Красноярск,2021-08-21
C4207,18-24,Женский,Уфа,2022-10-14
C4208,45-54,Женский,Челябинск,2024-04-07
C4209,45-54,Женский,Омск,2022-09-30
C4210,45-54,Женский,Тюмень,2021-06-13
C4211,45-54,Женский,Тольятти,2024-01-24
C4212,25-34,Женский,Ростов-на-Дону,2021-07-25
C4213,45-54,Мужской,Санкт-Петербург,2022-10-01
C4214,45-54,Женский,Ульяновск,2022-11-14
C4215,25-34,Женский,Новосибирск,2021-07-13
C4216,45-54,Женский,Екатеринбург,2023-09-04
C4217,18-24,Мужской,Воронеж,2024-01-15
C4218,18-24,Женский,Тюмень,2022-05-23
C4219,18-24,Женский,Барнаул,2024-03-11
C4220,35-44,Женский,Владивосток,2021-02-04
C4221,25-34,Мужской,Казань,2021-12-13
C4222,35-44,Мужской,Ульяновск,2023-11-10
C4223,18-24,Женский,Ульяновск,2023-12-08
C4224,45-54,Женский,Хабаровск,2022-01-20
C4225,25-34,Женский,Пермь,2022-03-09
C4226,35-44,Женский,Махачкала,2023-12-17
C4227,25-34,Женский,Тольятти,2023-04-23
C4228,45-54,Женский,Самара,2024-06-16
C4229,45-54,Женский,Пермь,2022-06-07
C4230,35-44,Женский,Екатеринбург,2023-04-11
C4231,25-34,Мужской,Иркутск,2021-09-20
C4232,25-34,Мужской,Тольятти,2021-09-03
C4233,55+,Женский,Иркутск,2021-03-24
C4234,18-24,Женский,Санкт-Петербург,2021-05-28
C4235,35-44,Женский,Челябинск,2022-07-21
C4236,55+,Женский,Барнаул,2022-03-07
C4237,35-44,Мужской,Москва,2023-04-27
C4238,18-24,Женский,Казань,2021-10-29
C4239,35-44,Мужской,Томск,2023-01-26
C4240,25-34,Женский,Ульяновск,2023-11-29
C4241,35-44,Женский,Челябинск,2024-07-24
C4242,18-24,Женский,Челябинск,2024-09-25
C4243,45-54,Мужской,Краснодар,2023-09-29
C4244,45-54,Женский,Омск,2021-01-07
C4245,25-34,Женский,Владивосток,2021-05-03
C4246,35-44,Женский,Челябинск,2023-04-27
C4247,18-24,Женский,Ростов-на-Дону,2022-07-27
C4248,18-24,Мужской,Краснодар,2023-12-21
C4249,18-24,Женский,Ростов-на-Дону,2024-08-12
C4250,18-24,Женский,Томск,2022-07-19
C4251,45-54,Мужской,Омск,2021-11-25
C4252,25-34,Женский,Казань,2021-02-05
C4253,35-44,Мужской,Воронеж,2022-03-25
C4254,55+,Женский,Барнаул,2021-10-24
C4255,18-24,Мужской,Саратов,2022-06-06
C4256,35-44,Женский,Ульяновск,2023-11-24
C4257,35-44,Мужской,Москва,2021-05-09
C4258,25-34,Мужской,Самара,2022-08-03
C4259,25-34,Женский,Ульяновск,2024-02-13
C4260,45-54,Женский,Кемерово,2023-12-22
C4261,45-54,Мужской,Саратов,2021-01-07
C4262,18-24,Женский,Ярославль,2024-02-09
C4263,25-34,Женский,Краснодар,2022-02-01
C4264,18-24,Мужской,Хабаровск,2023-05-21
C4265,25-34,Мужской,Тольятти,2022-02-13
C4266,35-44,Мужской,Ижевск,2024-03-03
C4267,25-34,Женский,Краснодар,2024-07-03
C4268,18-24,Женский,Санкт-Петербург,2022-11-20
C4269,25-34,Мужской,Тюмень,2022-11-14
C4270,25-34,Женский,Тюмень,2021-02-03
C4271,35-44,Женский,Оренбург,2021-10-08
C4272,18-24,Мужской,Челябинск,2023-08-15
C4273,25-34,Мужской,Новосибирск,2021-07-30
C4274,35-44,Мужской,Волгоград,2021-10-05
C4275,18-24,Женский,Красноярск,2021-07-18
C4276,18-24,Женский,Тольятти,2023-04-18
C4277,18-24,Женский,Тольятти,2023-07-11
C4278,45-54,Женский,Кемерово,2022-04-30
C4279,35-44,Женский,Омск,2024-05-10
C4280,25-34,Мужской,Ярославль,2022-05-09
C4281,18-24,Мужской,Тюмень,2021-12-09
C4282,35-44,Мужской,Москва,2023-09-30
C4283,45-54,Женский,Пермь,2022-11-09
C4284,18-24,Женский,Самара,2024-03-24
C4285,25-34,Женский,Красноярск,2023-01-01
C4286,35-44,Женский,Нижний Новгород,2021-02-25
C4287,35-44,Мужской,Тольятти,2021-02-13
C4288,35-44,Женский,Махачкала,2021-11-18
C4289,18-24,Женский,Нижний Новгород,2022-02-06
C4290,45-54,Женский,Ростов-на-Дону,2023-08-02
C4291,18-24,Женский,Ижевск,2021-10-03
C4292,18-24,Мужской,Хабаровск,2022-02-23
C4293,25-34,Мужской,Ярославль,2022-09-06
C4294,45-54,Женский,Иркутск,2021-05-10
C4295,45-54,Женский,Воронеж,2021-01-16
C4296,18-24,Женский,Нижний Новгород,2023-05-11
C4297,18-24,Мужской,Челябинск,2021-05-30
C4298,18-24,Женский,Самара,2021-12-07
C4299,25-34,Женский,Тюмень,2024-10-18
C4300,25-34,Мужской,Тольятти,2024-04-14
C4301,55+,Мужской,Нижний Новгород,2024-05-02
C4302,25-34,Женский,Волгоград,2023-05-21
C4303,18-24,Мужской,Волгоград,2022-07-26
C4304,25-34,Женский,Кемерово,2021-02-11
C4305,18-24,Женский,Ярославль,2024-01-02
C4306,25-34,Женский,Тольятти,2021-08-25
C4307,35-44,Женский,Санкт-Петербург,2022-04-16
C4308,35-44,Женский,Томск,2021-08-20
C4309,25-34,Женский,Барнаул,2024-04-04
C4310,35-44,Мужской,Санкт-Петербург,2023-11-27
C4311,18-24,Мужской,Владивосток,2021-09-16
C4312,18-24,Женский,Томск,2024-05-27
C4313,25-34,Женский,Тюмень,2024-02-06
C4314,18-24,Женский,Новосибирск,2022-06-16
C4315,25-34,Женский,Махачкала,2022-01-01
C4316,18-24,Женский,Махачкала,2022-02-25
C4317,18-24,Мужской,Иркутск,2024-07-27
C4318,18-24,Женский,Волгоград,2021-05-27
C4319,25-34,Мужской,Новосибирск,2022-10-22
C4320,25-34,Мужской,Томск,2022-11-23
C4321,18-24,Мужской,Ярославль,2021-02-25
C4322,35-44,Мужской,Томск,2021-03-04
C4323,18-24,Женский,Хабаровск,2024-07-28
C4324,25-34,Женский,Челябинск,2023-09-12
C4325,55+,Женский,Владивосток,2024-01-09
C4326,35-44,Женский,Барнаул,2024-05-23
C4327,18-24,Женский,Красноярск,2022-10-03
C4328,25-34,Женский,Кемерово,2023-10-30
C4329,35-44,Мужской,Омск,2021-11-23
C4330,18-24,Мужской,Ижевск,2024-09-30
C4331,25-34,Женский,Краснодар,2023-12-06
C4332,45-54,Женский,Нижний Новгород,2022-08-15
C4333,25-34,Мужской,Уфа,2023-02-17
C4334,25-34,Женский,Волгоград,2021-02-23
C4335,18-24,Женский,Ульяновск,2022-06-20
C4336,45-54,Женский,Барнаул,2022-12-01
C4337,18-24,Мужской,Омск,2023-12-22
C4338,18-24,Женский,Екатеринбург,2022-04-28
C4339,25-34,Мужской,Саратов,2022-04-12
C4340,55+,Женский,Санкт-Петербург,2023-01-20
C4341,25-34,Женский,Тольятти,2023-02-08
C4342,35-44,Женский,Санкт-Петербург,2024-07-04
C4343,25-34,Женский,Самара,2023-04-21
C4344,35-44,Женский,Волгоград,2024-06-19
C4345,25-34,Мужской,Ярославль,2024-07-02
C4346,35-44,Мужской,Томск,2023-12-13
C4347,18-24,Женский,Омск,2021-04-07
C4348,45-54,Мужской,Омск,2023-12-19
C4349,18-24,Женский,Саратов,2021-01-11
C4350,25-34,Мужской,Томск,2024-08-11
C4351,18-24,Мужской,Краснодар,2022-05-25
C4352,25-34,Женский,Ярославль,2022-01-20
C4353,25-34,Женский,Омск,2022-05-12
C4354,18-24,Женский,Иркутск,2023-03-31
C4355,35-44,Женский,Нижний Новгород,2023-12-05
C4356,25-34,Мужской,Хабаровск,2022-09-22
C4357,25-34,Женский,Самара,2023-05-10
C4358,35-44,Женский,Хабаровск,2023-12-19
C4359,25-34,Женский,Ярославль,2022-05-31
C4360,18-24,Мужской,Махачкала,2023-03-11
C4361,25-34,Мужской,Воронеж,2021-11-17
C4362,25-34,Мужской,Ярославль,2022-08-19
C4363,45-54,Женский,Воронеж,2022-04-15
C4364,35-44,Женский,Тюмень,2024-10-31
C4365,18-24,Женский,Томск,2021-02-17
C4366,35-44,Женский,Ростов-на-Дону,2023-04-23
C4367,35-44,Мужской,Саратов,2024-03-25
C4368,55+,Женский,Кемерово,2021-02-16
C4369,35-44,Мужской,Красноярск,2022-05-10
C4370,25-34,Женский,Нижний Новгород,2022-07-19
C4371,25-34,Мужской,Волгоград,2024-06-03
C4372,45-54,Женский,Иркутск,2022-11-28
C4373,18-24,Мужской,Санкт-Петербург,2022-08-20
C4374,18-24,Мужской,Челябинск,2022-12-29
C4375,18-24,Женский,Тольятти,2022-10-08
C4376,45-54,Женский,Хабаровск,2022-03-31
C4377,45-54,Мужской,Новосибирск,2021-07-13
C4378,35-44,Женский,Волгоград,2021-09-11
C4379,25-34,Женский,Челябинск,2022-05-09
C4380,25-34,Мужской,Челябинск,2023-10-06
C4381,18-24,Женский,Уфа,2022-04-08
C4382,18-24,Женский,Санкт-Петербург,2021-06-07
C4383,55+,Мужской,Ижевск,2023-11-01
C4384,25-34,Мужской,Воронеж,2021-07-15
C4385,25-34,Женский,Пермь,2024-02-06
C4386,35-44,Женский,Москва,2021-01-22
C4387,45-54,Женский,Москва,2021-03-02
C4388,25-34,Женский,Пермь,2021-08-18
C4389,25-34,Мужской,Саратов,2021-01-27
C4390,18-24,Женский,Краснодар,2024-07-28
C4391,35-44,Женский,Ростов-на-Дону,2024-05-05
C4392,18-24,Мужской,Пермь,2021-01-07
C4393,45-54,Мужской,Воронеж,2023-01-24
C4394,35-44,Женский,Оренбург,2021-04-29
C4395,18-24,Женский,Владивосток,2021-09-10
C4396,45-54,Мужской,Тольятти,2022-08-11
C4397,18-24,Женский,Самара,2023-03-25
C4398,25-34,Женский,Москва,2024-04-16
C4399,18-24,Мужской,Челябинск,2021-12-16
C4400,45-54,Женский,Челябинск,2024-05-27
C4401,35-44,Женский,Самара,2023-07-14
C4402,25-34,Женский,Новосибирск,2021-07-08
C4403,25-34,Женский,Хабаровск,2022-08-26
C4404,18-24,Женский,Хабаровск,2021-03-29
C4405,45-54,Мужской,Ярославль,2022-11-23
C4406,18-24,Мужской,Пермь,2023-06-11
C4407,55+,Мужской,Саратов,2021-07-16
C4408,18-24,Женский,Ярославль,2021-02-06
C4409,45-54,Мужской,Томск,2021-04-24
C4410,25-34,Женский,Воронеж,2023-03-26
C4411,45-54,Женский,Томск,2021-02-25
C4412,25-34,Мужской,Новосибирск,2022-10-19
C4413,45-54,Женский,Нижний Новгород,2022-03-24
C4414,25-34,Женский,Санкт-Петербург,2023-05-31
C4415,25-34,Женский,Тольятти,2021-08-11
C4416,25-34,Мужской,Пермь,2024-02-24
C4417,35-44,Женский,Челябинск,2023-12-11
C4418,45-54,Женский,Санкт-Петербург,2021-08-26
C4419,18-24,Мужской,Москва,2023-12-17
C4420,55+,Мужской,Уфа,2022-09-04
C4421,18-24,Мужской,Кемерово,2024-02-01
C4422,35-44,Женский,Пермь,2021-04-05
C4423,18-24,Мужской,Ижевск,2021-09-12
C4424,18-24,Мужской,Волгоград,2021-02-06
C4425,35-44,Женский,Красноярск,2024-03-02
C4426,25-34,Женский,Ростов-на-Дону,2022-08-09
C4427,25-34,Мужской,Иркутск,2023-07-17
C4428,55+,Женский,Нижний Новгород,2023-04-06
C4429,35-44,Мужской,Ижевск,2024-07-05
C4430,25-34,Мужской,Владивосток,2023-02-09
C4431,45-54,Мужской,Махачкала,2024-02-06
C4432,35-44,Мужской,Хабаровск,2024-10-16
C4433,35-44,Мужской,Волгоград,2021-07-03
C4434,45-54,Женский,Тюмень,2023-01-20
C4435,25-34,Мужской,Тольятти,2022-05-24
C4436,18-24,Женский,Ростов-на-Дону,2021-02-13
C4437,35-44,Мужской,Тольятти,2024-06-21
C4438,35-44,Мужской,Нижний Новгород,2022-01-25
C4439,18-24,Мужской,Владивосток,2022-04-02
C4440,25-34,Женский,Пермь,2023-04-08
C4441,25-34,Мужской,Санкт-Петербург,2023-04-16
C4442,35-44,Женский,Тюмень,2023-08-27
C4443,18-24,Мужской,Волгоград,2023-05-06
C4444,55+,Женский,Волгоград,2021-12-23
C4445,35-44,Женский,Хабаровск,2022-04-13
C4446,25-34,Женский,Ульяновск,2024-09-18
C4447,35-44,Женский,Самара,2023-12-02
C4448,18-24,Мужской,Ярославль,2021-02-05
C4449,45-54,Мужской,Махачкала,2021-01-07
C4450,45-54,Мужской,Оренбург,2024-09-21
C4451,18-24,Женский,Иркутск,2024-03-05
C4452,35-44,Женский,Тюмень,2021-10-29
C4453,25-34,Мужской,Тюмень,2024-10-17
C4454,18-24,Мужской,Новосибирск,2024-02-02
C4455,25-34,Женский,Пермь,2024-07-14
C4456,18-24,Мужской,Москва,2024-02-25
C4457,25-34,Женский,Ульяновск,2021-10-26
C4458,35-44,Мужской,Уфа,2024-03-16
C4459,25-34,Мужской,Екатеринбург,2022-05-31
C4460,45-54,Мужской,Воронеж,2024-01-14
C4461,18-24,Женский,Ярославль,2022-09-29
C4462,45-54,Женский,Оренбург,2021-03-25
C4463,45-54,Мужской,Нижний Новгород,2023-09-07
C4464,35-44,Женский,Ульяновск,2023-11-19
C4465,25-34,Женский,Оренбург,2023-03-09
C4466,18-24,Женский,Махачкала,2023-03-04
C4467,25-34,Женский,Ульяновск,2022-01-31
C4468,45-54,Женский,Махачкала,2021-02-22
C4469,18-24,Женский,Саратов,2021-04-25
C4470,35-44,Женский,Ростов-на-Дону,2024-07-13
C4471,35-44,Мужской,Уфа,2021-04-22
C4472,25-34,Мужской,Томск,2024-07-13
C4473,25-34,Мужской,Волгоград,2024-08-07
C4474,25-34,Женский,Хабаровск,2023-01-25
C4475,18-24,Женский,Москва,2023-10-12
C4476,25-34,Женский,Воронеж,2021-11-29
C4477,18-24,Мужской,Оренбург,2021-10-14
C4478,35-44,Мужской,Пермь,2024-10-07
C4479,18-24,Женский,Москва,2024-02-12
C4480,35-44,Мужской,Краснодар,2024-07-04
C4481,45-54,Мужской,Кемерово,2021-04-08
C4482,55+,Женский,Кемерово,2024-05-17
C4483,18-24,Мужской,Москва,2023-03-25
C4484,45-54,Мужской,Омск,2021-05-18
C4485,55+,Женский,Волгоград,2022-04-21
C4486,18-24,Женский,Кемерово,2022-10-06
C4487,25-34,Мужской,Челябинск,2022-12-08
C4488,45-54,Женский,Волгоград,2024-01-21
C4489,45-54,Женский,Челябинск,2021-12-03
C4490,35-44,Женский,Нижний Новгород,2021-01-01
C4491,25-34,Женский,Пермь,2022-05-03
C4492,45-54,Мужской,Уфа,2021-09-29
C4493,25-34,Женский,Красноярск,2023-02-10
C4494,18-24,Женский,Новосибирск,2024-09-29
C4495,25-34,Женский,Тольятти,2021-04-11
C4496,35-44,Женский,Тольятти,2022-10-24
C4497,18-24,Мужской,Ростов-на-Дону,2023-11-12
C4498,18-24,Мужской,Пермь,2022-07-19
C4499,25-34,Женский,Волгоград,2022-02-24
C4500,35-44,Мужской,Воронеж,2023-08-22
C4501,25-34,Мужской,Оренбург,2023-08-07
C4502,35-44,Женский,Саратов,2021-12-15
C4503,45-54,Женский,Махачкала,2021-11-27
C4504,35-44,Мужской,Оренбург,2024-04-21
C4505,25-34,Женский,Барнаул,2022-02-01
C4506,25-34,Мужской,Пермь,2021-12-18
C4507,25-34,Женский,Махачкала,2023-10-04
C4508,35-44,Мужской,Волгоград,2022-04-24
C4509,35-44,Мужской,Самара,2024-01-10
C4510,18-24,Женский,Саратов,2021-12-29
C4511,25-34,Мужской,Пермь,2021-03-01
C4512,25-34,Женский,Волгоград,2021-02-16
C4513,25-34,Мужской,Тюмень,2024-07-27
C4514,25-34,Мужской,Екатеринбург,2023-07-18
C4515,25-34,Женский,Томск,2023-10-14
C4516,18-24,Женский,Ярославль,2021-10-28
C4517,45-54,Женский,Ярославль,2021-01-05
C4518,25-34,Женский,Ульяновск,2021-12-17
C4519,18-24,Мужской,Уфа,2024-10-12
C4520,18-24,Мужской,Ульяновск,2024-09-12
C4521,25-34,Мужской,Тюмень,2023-07-06
C4522,45-54,Мужской,Воронеж,2024-03-12
C4523,18-24,Женский,Барнаул,2021-12-23
C4524,18-24,Женский,Уфа,2024-03-08
C4525,25-34,Женский,Ижевск,2021-03-22
C4526,25-34,Женский,Ульяновск,2022-07-04
C4527,18-24,Мужской,Тюмень,2022-08-15
C4528,35-44,Мужской,Нижний Новгород,2021-09-17
C4529,45-54,Женский,Уфа,2021-03-11
C4530,55+,Мужской,Самара,2024-09-18
C4531,45-54,Женский,Хабаровск,2024-05-10
C4532,35-44,Женский,Ростов-на-Дону,2024-08-20
C4533,18-24,Мужской,Уфа,2024-06-02
C4534,25-34,Мужской,Барнаул,2021-06-22
C4535,25-34,Женский,Тюмень,2023-11-06
C4536,25-34,Мужской,Кемерово,2021-03-15
C4537,35-44,Женский,Красноярск,2022-01-02
C4538,18-24,Женский,Волгоград,2023-03-11
C4539,25-34,Женский,Ульяновск,2022-01-18
C4540,18-24,Женский,Омск,2023-02-19
C4541,35-44,Мужской,Новосибирск,2024-07-09
C4542,35-44,Женский,Ижевск,2023-12-26
C4543,25-34,Женский,Томск,2024-07-01
C4544,25-34,Женский,Краснодар,2021-11-12
C4545,45-54,Женский,Саратов,2024-03-27
C4546,18-24,Мужской,Санкт-Петербург,2024-08-10
C4547,25-34,Мужской,Москва,2023-03-28
C4548,35-44,Мужской,Владивосток,2022-05-02
C4549,25-34,Мужской,Оренбург,2021-03-03
C4550,35-44,Мужской,Ярославль,2023-03-11
C4551,25-34,Женский,Ульяновск,2023-07-25
C4552,25-34,Женский,Екатеринбург,2021-12-10
C4553,25-34,Женский,Ярославль,2022-12-03
C4554,45-54,Женский,Нижний Новгород,2023-12-09
C4555,25-34,Женский,Челябинск,2021-10-15
C4556,25-34,Мужской,Ростов-на-Дону,2022-01-16
C4557,35-44,Мужской,Казань,2024-10-31
C4558,25-34,Женский,Омск,2023-03-13
C4559,45-54,Женский,Челябинск,2024-01-24
C4560,55+,Мужской,Кемерово,2021-07-31
C4561,25-34,Женский,Новосибирск,2024-10-25
C4562,45-54,Женский,Ярославль,2022-11-23
C4563,35-44,Мужской,Нижний Новгород,2022-12-05
C4564,25-34,Мужской,Нижний Новгород,2023-04-07
C4565,45-54,Женский,Иркутск,2022-04-01
C4566,25-34,Женский,Ульяновск,2023-01-28
C4567,18-24,Мужской,Саратов,2021-08-06
C4568,25-34,Женский,Красноярск,2021-02-22
C4569,55+,Женский,Омск,2023-03-03
C4570,45-54,Женский,Москва,2024-06-03
C4571,25-34,Женский,Ульяновск,2022-08-12
C4572,45-54,Женский,Челябинск,2022-09-20
C4573,35-44,Женский,Ульяновск,2023-11-16
C4574,45-54,Женский,Махачкала,2021-08-20
C4575,45-54,Женский,Нижний Новгород,2021-04-07
C4576,18-24,Мужской,Уфа,2024-04-06
C4577,18-24,Мужской,Новосибирск,2023-01-16
C4578,18-24,Женский,Уфа,2022-08-25
C4579,25-34,Женский,Уфа,2022-02-19
C4580,18-24,Мужской,Красноярск,2024-06-22
C4581,45-54,Мужской,Краснодар,2023-12-11
C4582,18-24,Мужской,Волгоград,2022-10-12
C4583,18-24,Мужской,Омск,2021-11-03
C4584,35-44,Мужской,Екатеринбург,2022-08-04
C4585,55+,Мужской,Санкт-Петербург,2022-12-26
C4586,18-24,Женский,Саратов,2021-09-07
C4587,35-44,Женский,Тюмень,2021-05-04
C4588,35-44,Мужской,Ярославль,2023-09-06
C4589,18-24,Женский,Самара,2023-11-20
C4590,25-34,Мужской,Красноярск,2023-04-04
C4591,18-24,Женский,Уфа,2024-02-16
C4592,45-54,Мужской,Пермь,2023-05-03
C4593,18-24,Женский,Ярославль,2024-04-10
C4594,25-34,Мужской,Волгоград,2024-01-09
C4595,25-34,Женский,Нижний Новгород,2021-10-11
C4596,25-34,Женский,Уфа,2024-10-02
C4597,25-34,Мужской,Хабаровск,2024-04-19
C4598,25-34,Женский,Томск,2022-10-12
C4599,35-44,Мужской,Ростов-на-Дону,2021-12-31
C4600,25-34,Женский,Ижевск,2021-09-01
C4601,55+,Мужской,Пермь,2022-11-12
C4602,18-24,Мужской,Москва,2021-03-22
C4603,18-24,Мужской,Красноярск,2024-08-02
C4604,18-24,Мужской,Самара,2021-05-29
C4605,55+,Женский,Оренбург,2021-08-26
C4606,35-44,Мужской,Новосибирск,2022-03-03
C4607,18-24,Женский,Санкт-Петербург,2023-12-05
C4608,18-24,Мужской,Тюмень,2022-01-09
C4609,35-44,Женский,Ростов-на-Дону,2023-12-01
C4610,25-34,Женский,Тольятти,2024-06-23
C4611,55+,Женский,Краснодар,2022-03-31
C4612,25-34,Мужской,Владивосток,2023-06-23
C4613,35-44,Женский,Пермь,2021-11-03
C4614,35-44,Женский,Томск,2023-11-22
C4615,55+,Мужской,Кемерово,2023-01-26
C4616,25-34,Мужской,Новосибирск,2023-12-13
C4617,18-24,Мужской,Иркутск,2024-01-18
C4618,45-54,Женский,Казань,2022-01-25
C4619,45-54,Женский,Ижевск,2021-10-21
C4620,45-54,Мужской,Барнаул,2022-09-17
C4621,35-44,Женский,Хабаровск,2021-01-17
C4622,45-54,Женский,Пермь,2022-06-22
C4623,25-34,Женский,Тюмень,2023-08-07
C4624,25-34,Женский,Ярославль,2023-08-24
C4625,25-34,Мужской,Ульяновск,2023-07-23
C4626,18-24,Женский,Красноярск,2023-09-11
C4627,25-34,Женский,Красноярск,2024-02-26
C4628,35-44,Женский,Воронеж,2021-11-13
C4629,45-54,Мужской,Уфа,2021-10-19
C4630,35-44,Женский,Ярославль,2024-10-03
C4631,35-44,Женский,Ульяновск,2024-02-09
C4632,18-24,Женский,Санкт-Петербург,2024-01-31
C4633,45-54,Мужской,Екатеринбург,2024-08-14
C4634,25-34,Женский,Ульяновск,2022-03-17
C4635,18-24,Мужской,Хабаровск,2022-03-21
C4636,45-54,Мужской,Нижний Новгород,2021-03-01
C4637,25-34,Женский,Тольятти,2024-03-06
C4638,45-54,Женский,Пермь,2021-12-17
C4639,55+,Мужской,Владивосток,2022-11-01
C4640,35-44,Женский,Барнаул,2022-09-13
C4641,18-24,Женский,Самара,2021-12-08
C4642,25-34,Женский,Самара,2024-03-28
C4643,45-54,Женский,Уфа,2024-02-13
C4644,45-54,Женский,Екатеринбург,2023-09-29
C4645,35-44,Женский,Хабаровск,2023-10-07
C4646,18-24,Мужской,Ростов-на-Дону,2022-05-22
C4647,45-54,Женский,Омск,2022-06-04
C4648,25-34,Мужской,Краснодар,2024-06-05
C4649,35-44,Женский,Оренбург,2023-07-05
C4650,35-44,Мужской,Тольятти,2023-06-18
C4651,18-24,Женский,Волгоград,2021-05-24
C4652,18-24,Женский,Ульяновск,2024-05-05
C4653,25-34,Женский,Краснодар,2021-08-19
C4654,18-24,Мужской,Махачкала,2022-11-01
C4655,18-24,Мужской,Кемерово,2023-11-29
C4656,18-24,Женский,Владивосток,2024-10-14
C4657,35-44,Женский,Владивосток,2023-01-17
C4658,25-34,Мужской,Томск,2021-04-22
C4659,25-34,Женский,Оренбург,2021-04-02
C4660,25-34,Женский,Ижевск,2023-08-12
C4661,25-34,Женский,Тольятти,2023-06-17
C4662,25-34,Женский,Хабаровск,2023-02-02
C4663,35-44,Женский,Самара,2024-07-29
C4664,25-34,Мужской,Владивосток,2021-03-24
C4665,18-24,Женский,Ростов-на-Дону,2022-04-29
C4666,45-54,Мужской,Махачкала,2024-03-18
C4667,45-54,Женский,Екатеринбург,2023-08-01
C4668,18-24,Мужской,Нижний Новгород,2022-03-07
C4669,45-54,Женский,Кемерово,2021-07-11
C4670,18-24,Женский,Тольятти,2021-12-09
C4671,35-44,Мужской,Тольятти,2022-12-15
C4672,35-44,Женский,Челябинск,2023-09-06
C4673,25-34,Мужской,Саратов,2022-01-30
C4674,18-24,Мужской,Кемерово,2021-01-11
C4675,25-34,Мужской,Новосибирск,2022-03-07
C4676,35-44,Женский,Ижевск,2021-08-24
C4677,18-24,Женский,Казань,2021-11-07
C4678,18-24,Женский,Томск,2023-08-01
C4679,25-34,Мужской,Казань,2021-04-20
C4680,18-24,Мужской,Ульяновск,2021-07-02
C4681,18-24,Женский,Екатеринбург,2021-09-23
C4682,45-54,Женский,Ижевск,2021-03-07
C4683,25-34,Мужской,Ульяновск,2023-12-20
C4684,35-44,Мужской,Челябинск,2024-06-29
C4685,35-44,Женский,Ростов-на-Дону,2024-03-17
C4686,18-24,Женский,Челябинск,2024-01-04
C4687,18-24,Женский,Барнаул,2024-09-24
C4688,45-54,Мужской,Екатеринбург,2021-11-03
C4689,35-44,Женский,Екатеринбург,2021-07-04
C4690,25-34,Мужской,Ульяновск,2023-03-20
C4691,35-44,Женский,Уфа,2021-01-18
C4692,25-34,Женский,Казань,2021-11-04
C4693,25-34,Женский,Москва,2024-04-26
C4694,18-24,Мужской,Красноярск,2023-02-19
C4695,45-54,Женский,Хабаровск,2024-09-03
C4696,18-24,Мужской,Иркутск,2024-09-27
C4697,25-34,Женский,Ярославль,2024-04-09
C4698,25-34,Женский,Екатеринбург,2022-04-14
C4699,55+,Женский,Омск,2022-01-26
C4700,25-34,Женский,Уфа,2024-01-11
C4701,25-34,Женский,Кемерово,2021-09-24
C4702,18-24,Женский,Новосибирск,2021-11-16
C4703,18-24,Мужской,Кемерово,2021-04-21
C4704,25-34,Женский,Нижний Новгород,2023-09-09
C4705,18-24,Женский,Санкт-Петербург,2021-12-07
C4706,25-34,Женский,Хабаровск,2021-06-24
C4707,25-34,Мужской,Москва,2023-04-25
C4708,18-24,Женский,Ростов-на-Дону,2023-12-24
C4709,35-44,Мужской,Уфа,2022-10-17
C4710,25-34,Мужской,Махачкала,2024-07-17
C4711,35-44,Женский,Иркутск,2022-08-08
C4712,18-24,Женский,Москва,2024-06-15
C4713,25-34,Мужской,Краснодар,2024-03-01
C4714,45-54,Мужской,Красноярск,2023-05-17
C4715,45-54,Женский,Новосибирск,2023-01-30
C4716,25-34,Мужской,Красноярск,2023-02-01
C4717,25-34,Мужской,Самара,2022-05-30
C4718,25-34,Женский,Махачкала,2022-05-30
C4719,25-34,Женский,Санкт-Петербург,2024-02-11
C4720,18-24,Женский,Владивосток,2023-11-20
C4721,18-24,Женский,Владивосток,2023-04-25
C4722,25-34,Женский,Воронеж,2022-07-20
C4723,35-44,Женский,Нижний Новгород,2023-05-18
C4724,25-34,Женский,Саратов,2021-07-19
C4725,45-54,Мужской,Волгоград,2021-08-08
C4726,18-24,Женский,Хабаровск,2021-08-10
C4727,55+,Мужской,Волгоград,2021-06-22
C4728,18-24,Женский,Волгоград,2021-07-28
C4729,18-24,Женский,Самара,2022-11-12
C4730,18-24,Женский,Томск,2022-08-13
C4731,25-34,Женский,Омск,2023-10-05
C4732,25-34,Мужской,Нижний Новгород,2021-08-22
C4733,35-44,Женский,Тольятти,2023-06-11
C4734,18-24,Женский,Саратов,2024-10-17
C4735,25-34,Женский,Пермь,2024-05-05
C4736,25-34,Женский,Екатеринбург,2024-02-24
C4737,18-24,Женский,Ульяновск,2022-02-15
C4738,35-44,Женский,Владивосток,2023-06-20
C4739,45-54,Мужской,Оренбург,2023-03-18
C4740,25-34,Женский,Красноярск,2024-04-13
C4741,18-24,Женский,Казань,2023-08-31
C4742,18-24,Женский,Омск,2023-04-06
C4743,25-34,Женский,Уфа,2024-07-07
C4744,25-34,Мужской,Владивосток,2021-08-27
C4745,18-24,Женский,Ульяновск,2023-08-16
C4746,18-24,Женский,Москва,2024-09-03
C4747,25-34,Женский,Ярославль,2024-02-05
C4748,18-24,Мужской,Ярославль,2024-07-16
C4749,35-44,Женский,Уфа,2022-05-26
C4750,35-44,Мужской,Уфа,2021-12-19
C4751,18-24,Женский,Саратов,2021-03-19
C4752,45-54,Женский,Махачкала,2024-05-09
C4753,45-54,Мужской,Воронеж,2024-05-26
C4754,25-34,Женский,Самара,2024-08-20
C4755,18-24,Женский,Волгоград,2021-09-04
C4756,45-54,Женский,Тюмень,2022-08-23
C4757,18-24,Мужской,Екатеринбург,2021-11-01
C4758,18-24,Женский,Санкт-Петербург,2023-09-21
C4759,25-34,Женский,Самара,2021-12-23
C4760,35-44,Женский,Челябинск,2023-11-22
C4761,35-44,Женский,Тольятти,2024-03-10
C4762,45-54,Мужской,Волгоград,2021-01-31
C4763,18-24,Мужской,Омск,2021-12-05
C4764,45-54,Мужской,Ульяновск,2021-10-13
C4765,18-24,Женский,Саратов,2023-08-02
C4766,45-54,Женский,Нижний Новгород,2021-08-05
C4767,18-24,Женский,Нижний Новгород,2024-09-15
C4768,35-44,Женский,Владивосток,2024-09-14
C4769,35-44,Женский,Кемерово,2024-01-23
C4770,45-54,Мужской,Самара,2023-01-27
C4771,35-44,Мужской,Тольятти,2023-11-17
C4772,25-34,Мужской,Ярославль,2024-04-12
C4773,25-34,Женский,Екатеринбург,2021-06-21
C4774,55+,Мужской,Хабаровск,2024-01-06
C4775,25-34,Женский,Ростов-на-Дону,2024-09-16
C4776,25-34,Мужской,Томск,2021-05-25
C4777,55+,Мужской,Оренбург,2022-06-17
C4778,25-34,Женский,Ярославль,2021-09-04
C4779,25-34,Мужской,Красноярск,2023-12-05
C4780,25-34,Мужской,Тольятти,2023-06-21
C4781,55+,Женский,Кемерово,2021-01-24
C4782,25-34,Женский,Москва,2022-06-16
C4783,25-34,Женский,Уфа,2023-08-28
C4784,35-44,Мужской,Нижний Новгород,2022-01-22
C4785,25-34,Женский,Ижевск,2023-04-06
C4786,18-24,Мужской,Новосибирск,2021-11-20
C4787,25-34,Женский,Махачкала,2024-04-24
C4788,25-34,Женский,Ульяновск,2023-05-18
C4789,25-34,Женский,Волгоград,2023-03-15
C4790,25-34,Мужской,Кемерово,2023-09-05
C4791,35-44,Женский,Санкт-Петербург,2024-04-20
C4792,25-34,Мужской,Омск,2021-07-01
C4793,35-44,Женский,Красноярск,2023-05-25
C4794,18-24,Мужской,Барнаул,2022-05-24
C4795,18-24,Женский,Оренбург,2024-02-07
C4796,25-34,Женский,Воронеж,2022-12-27
C4797,18-24,Мужской,Тольятти,2024-09-10
C4798,35-44,Женский,Ростов-на-Дону,2024-08-03
C4799,18-24,Женский,Пермь,2024-08-03
C4800,25-34,Женский,Воронеж,2024-01-25
C4801,18-24,Женский,Ижевск,2023-05-30
C4802,18-24,Женский,Ростов-на-Дону,2021-11-07
C4803,18-24,Женский,Тюмень,2022-11-24
C4804,18-24,Женский,Кемерово,2022-12-30
C4805,25-34,Женский,Барнаул,2023-04-13
C4806,25-34,Женский,Москва,2023-10-27
C4807,55+,Мужской,Ярославль,2022-03-31
C4808,25-34,Женский,Иркутск,2023-10-25
C4809,18-24,Женский,Пермь,2021-10-09
C4810,55+,Женский,Казань,2023-12-16
C4811,25-34,Женский,Пермь,2021-02-15
C4812,35-44,Женский,Ростов-на-Дону,2021-06-01
C4813,18-24,Мужской,Тольятти,2022-05-24
C4814,25-34,Мужской,Ижевск,2024-08-03
C4815,45-54,Мужской,Томск,2022-02-23
C4816,35-44,Женский,Челябинск,2023-09-01
C4817,35-44,Мужской,Уфа,2022-01-18
C4818,55+,Женский,Омск,2022-10-20
C4819,25-34,Женский,Уфа,2021-02-14
C4820,45-54,Женский,Омск,2022-09-11
C4821,25-34,Женский,Ижевск,2021-07-19
C4822,25-34,Мужской,Томск,2022-01-31
C4823,35-44,Женский,Владивосток,2024-03-07
C4824,25-34,Мужской,Краснодар,2023-09-19
C4825,45-54,Мужской,Новосибирск,2023-11-23
C4826,18-24,Женский,Тюмень,2024-03-19
C4827,35-44,Мужской,Тюмень,2024-01-14
C4828,55+,Мужской,Томск,2023-04-01
C4829,25-34,Женский,Екатеринбург,2022-07-11
C4830,18-24,Женский,Саратов,2021-08-03
C4831,35-44,Мужской,Ижевск,2022-01-14
C4832,45-54,Мужской,Омск,2024-01-24
C4833,25-34,Мужской,Ижевск,2022-05-25
C4834,35-44,Женский,Иркутск,2024-06-20
C4835,25-34,Женский,Саратов,2023-02-20
C4836,25-34,Мужской,Томск,2021-07-04
C4837,25-34,Женский,Уфа,2024-09-13
C4838,18-24,Женский,Казань,2024-05-11
C4839,35-44,Женский,Ульяновск,2023-09-06
C4840,55+,Женский,Кемерово,2023-02-21
C4841,45-54,Женский,Екатеринбург,2021-05-25
C4842,25-34,Женский,Хабаровск,2021-05-07
C4843,18-24,Женский,Ярославль,2024-02-12
C4844,45-54,Женский,Уфа,2022-05-25
C4845,25-34,Мужской,Казань,2021-07-24
C4846,25-34,Женский,Красноярск,2024-05-12
C4847,18-24,Женский,Санкт-Петербург,2021-02-20
C4848,25-34,Мужской,Ростов-на-Дону,2021-10-06
C4849,25-34,Мужской,Омск,2022-01-02
C4850,18-24,Мужской,Воронеж,2024-10-29
C4851,45-54,Мужской,Хабаровск,2024-02-15
C4852,35-44,Женский,Пермь,2021-04-13
C4853,25-34,Женский,Нижний Новгород,2021-01-30
C4854,45-54,Мужской,Уфа,2023-05-18
C4855,45-54,Женский,Волгоград,2022-11-28
C4856,25-34,Женский,Волгоград,2022-09-24
C4857,35-44,Мужской,Челябинск,2023-11-04
C4858,45-54,Женский,Казань,2022-05-12
C4859,45-54,Женский,Владивосток,2023-04-09
C4860,45-54,Мужской,Томск,2024-07-21
C4861,18-24,Женский,Иркутск,2022-08-16
C4862,18-24,Женский,Уфа,2024-05-21
C4863,35-44,Женский,Санкт-Петербург,2021-01-19
C4864,35-44,Мужской,Нижний Новгород,2022-01-18
C4865,18-24,Женский,Нижний Новгород,2023-07-15
C4866,25-34,Мужской,Иркутск,2024-09-06
C4867,25-34,Женский,Ярославль,2022-10-10
C4868,35-44,Женский,Екатеринбург,2021-06-11
C4869,18-24,Мужской,Екатеринбург,2021-07-09
C4870,25-34,Мужской,Саратов,2022-05-30
C4871,25-34,Женский,Воронеж,2021-05-03
C4872,18-24,Мужской,Тюмень,2021-01-31
C4873,18-24,Женский,Воронеж,2023-09-13
C4874,35-44,Мужской,Казань,2022-02-06
C4875,45-54,Женский,Ижевск,2023-01-04
C4876,25-34,Мужской,Москва,2022-07-14
C4877,25-34,Мужской,Пермь,2022-06-23
C4878,45-54,Мужской,Пермь,2021-06-05
C4879,18-24,Женский,Нижний Новгород,2021-04-20
C4880,18-24,Женский,Хабаровск,2023-09-08
C4881,25-34,Женский,Иркутск,2024-04-20
C4882,35-44,Мужской,Тюмень,2021-04-09
C4883,25-34,Женский,Махачкала,2024-07-25
C4884,18-24,Мужской,Саратов,2021-12-25
C4885,25-34,Женский,Тюмень,2022-04-22
C4886,25-34,Мужской,Красноярск,2022-07-04
C4887,18-24,Мужской,Пермь,2022-06-06
C4888,25-34,Женский,Барнаул,2023-08-15
C4889,25-34,Женский,Челябинск,2021-06-07
C4890,18-24,Мужской,Казань,2023-07-06
C4891,25-34,Женский,Ярославль,2023-10-04
C4892,35-44,Мужской,Махачкала,2021-06-23
C4893,25-34,Мужской,Воронеж,2022-02-27
C4894,18-24,Женский,Барнаул,2024-10-21
C4895,35-44,Женский,Москва,2022-01-28
C4896,45-54,Женский,Воронеж,2021-12-14
C4897,45-54,Мужской,Красноярск,2021-01-26
C4898,35-44,Женский,Томск,2021-05-18
C4899,35-44,Женский,Самара,2021-03-27
C4900,25-34,Мужской,Челябинск,2021-03-09
C4901,25-34,Мужской,Самара,2022-10-28
C4902,35-44,Женский,Казань,2022-07-01
C4903,35-44,Женский,Томск,2022-04-16
C4904,45-54,Женский,Томск,2024-07-23
C4905,35-44,Женский,Иркутск,2023-03-23
C4906,25-34,Женский,Саратов,2021-05-18
C4907,45-54,Женский,Нижний Новгород,2022-07-26
C4908,25-34,Мужской,Красноярск,2022-06-20
C4909,25-34,Женский,Тюмень,2022-03-07
C4910,45-54,Мужской,Иркутск,2021-05-16
C4911,25-34,Женский,Волгоград,2024-02-06
C4912,18-24,Мужской,Барнаул,2024-10-03
C4913,25-34,Мужской,Екатеринбург,2021-10-29
C4914,25-34,Мужской,Саратов,2024-09-15
C4915,25-34,Женский,Воронеж,2024-06-28
C4916,25-34,Женский,Тольятти,2023-12-17
C4917,25-34,Женский,Оренбург,2024-05-11
C4918,18-24,Мужской,Уфа,2023-09-13
C4919,25-34,Женский,Краснодар,2021-08-03
C4920,25-34,Женский,Казань,2022-06-04
C4921,25-34,Женский,Новосибирск,2024-05-10
C4922,25-34,Мужской,Иркутск,2022-06-02
C4923,18-24,Женский,Челябинск,2024-02-15
C4924,35-44,Женский,Нижний Новгород,2023-12-04
C4925,18-24,Женский,Екатеринбург,2021-11-06
C4926,55+,Мужской,Ульяновск,2024-01-31
C4927,25-34,Женский,Махачкала,2021-11-18
C4928,45-54,Женский,Нижний Новгород,2023-11-25
C4929,45-54,Мужской,Иркутск,2024-03-29
C4930,25-34,Женский,Казань,2021-09-06
C4931,18-24,Женский,Нижний Новгород,2022-04-17
C4932,18-24,Женский,Новосибирск,2023-12-06
C4933,25-34,Женский,Екатеринбург,2021-04-03
C4934,45-54,Женский,Барнаул,2024-05-07
C4935,35-44,Женский,Владивосток,2024-10-17
C4936,25-34,Женский,Москва,2024-01-27
C4937,18-24,Женский,Красноярск,2023-02-25
C4938,35-44,Женский,Кемерово,2022-04-27
C4939,45-54,Женский,Уфа,2024-08-23
C4940,18-24,Мужской,Тольятти,2023-11-12
C4941,35-44,Мужской,Омск,2023-05-13
C4942,35-44,Мужской,Тюмень,2024-08-06
C4943,18-24,Женский,Пермь,2024-04-20
C4944,25-34,Мужской,Екатеринбург,2021-03-13
C4945,18-24,Мужской,Москва,2023-07-26
C4946,45-54,Женский,Нижний Новгород,2021-01-08
C4947,25-34,Мужской,Уфа,2024-04-19
C4948,25-34,Мужской,Уфа,2021-02-10
C4949,45-54,Женский,Пермь,2024-09-30
C4950,25-34,Женский,Новосибирск,2021-01-27
C4951,45-54,Женский,Красноярск,2022-09-05
C4952,45-54,Мужской,Иркутск,2022-04-06
C4953,55+,Женский,Волгоград,2024-01-15
C4954,25-34,Женский,Махачкала,2024-04-26
C4955,25-34,Женский,Санкт-Петербург,2023-12-07
C4956,35-44,Женский,Тюмень,2022-02-03
C4957,25-34,Женский,Ростов-на-Дону,2024-02-09
C4958,18-24,Женский,Тольятти,2024-03-02
C4959,35-44,Женский,Ижевск,2023-07-30
C4960,35-44,Женский,Тюмень,2023-06-07
C4961,25-34,Женский,Барнаул,2024-03-04
C4962,18-24,Женский,Ульяновск,2024-09-14
C4963,35-44,Мужской,Новосибирск,2023-01-16
C4964,18-24,Мужской,Пермь,2022-01-05
C4965,25-34,Мужской,Тольятти,2023-07-20
C4966,45-54,Женский,Ижевск,2022-04-30
C4967,18-24,Мужской,Казань,2023-06-03
C4968,45-54,Мужской,Красноярск,2023-07-20
C4969,45-54,Мужской,Тольятти,2024-02-19
C4970,45-54,Женский,Москва,2022-09-12
C4971,55+,Женский,Москва,2024-03-16
C4972,25-34,Женский,Новосибирск,2023-08-03
C4973,25-34,Женский,Екатеринбург,2023-08-02
C4974,25-34,Женский,Новосибирск,2024-10-06
C4975,35-44,Женский,Воронеж,2024-05-18
C4976,18-24,Женский,Тюмень,2024-10-10
C4977,35-44,Мужской,Казань,2022-07-29
C4978,18-24,Мужской,Воронеж,2021-10-10
C4979,25-34,Женский,Казань,2024-05-20
C4980,45-54,Женский,Тольятти,2021-06-02
C4981,25-34,Мужской,Оренбург,2022-06-26
C4982,35-44,Женский,Кемерово,2021-09-28
C4983,18-24,Женский,Ульяновск,2022-08-25
C4984,25-34,Мужской,Санкт-Петербург,2022-10-16
C4985,25-34,Женский,Москва,2024-03-29
C4986,18-24,Мужской,Красноярск,2023-10-15
C4987,45-54,Мужской,Москва,2021-04-12
C4988,18-24,Женский,Кемерово,2022-12-02
C4989,25-34,Мужской,Волгоград,2021-12-18
C4990,18-24,Женский,Томск,2023-08-21
C4991,55+,Женский,Кемерово,2024-02-21
C4992,35-44,Мужской,Оренбург,2022-07-28
C4993,18-24,Женский,Саратов,2024-08-28
C4994,45-54,Мужской,Нижний Новгород,2021-11-26
C4995,35-44,Мужской,Самара,2021-07-04
C4996,18-24,Женский,Воронеж,2024-01-16
C4997,45-54,Мужской,Красноярск,2021-01-13
C4998,25-34,Женский,Красноярск,2024-02-26
C4999,35-44,Мужской,Санкт-Петербург,2021-07-07
C5000,18-24,Женский,Москва,2024-06-04
C5001,18-24,Женский,Владивосток,2021-08-12
C5002,55+,Мужской,Уфа,2022-01-16
C5003,25-34,Мужской,Санкт-Петербург,2023-01-13
C5004,18-24,Мужской,Владивосток,2023-06-22
C5005,18-24,Женский,Челябинск,2021-03-31
C5006,18-24,Женский,Пермь,2024-04-30
C5007,25-34,Женский,Краснодар,2022-06-10
C5008,45-54,Мужской,Барнаул,2021-06-27
C5009,45-54,Женский,Ростов-на-Дону,2024-02-25
C5010,35-44,Мужской,Самара,2024-08-15
C5011,18-24,Женский,Волгоград,2023-04-27
C5012,25-34,Женский,Томск,2023-04-25
C5013,25-34,Женский,Омск,2023-08-26
C5014,35-44,Женский,Хабаровск,2021-06-30
C5015,55+,Мужской,Саратов,2021-10-17
C5016,55+,Женский,Ростов-на-Дону,2024-01-08
C5017,18-24,Мужской,Хабаровск,2021-05-25
C5018,18-24,Женский,Казань,2022-12-22
C5019,35-44,Мужской,Воронеж,2022-03-31
C5020,35-44,Женский,Оренбург,2022-08-31
C5021,18-24,Мужской,Владивосток,2023-01-08
C5022,25-34,Женский,Оренбург,2022-05-11
C5023,25-34,Мужской,Пермь,2023-12-22
C5024,18-24,Мужской,Тюмень,2023-06-11
C5025,18-24,Женский,Челябинск,2024-04-19
C5026,25-34,Мужской,Омск,2022-09-06
C5027,45-54,Женский,Тюмень,2022-09-14
C5028,55+,Женский,Самара,2023-02-23
C5029,45-54,Мужской,Барнаул,2022-09-03
C5030,25-34,Женский,Санкт-Петербург,2022-11-09
C5031,25-34,Женский,Волгоград,2022-07-21
C5032,35-44,Женский,Волгоград,2024-06-23
C5033,25-34,Женский,Воронеж,2021-11-23
C5034,18-24,Женский,Махачкала,2021-01-20
C5035,25-34,Женский,Уфа,2022-10-27
C5036,18-24,Женский,Иркутск,2022-09-26
C5037,35-44,Мужской,Ижевск,2021-07-28
C5038,45-54,Женский,Новосибирск,2021-07-25
C5039,25-34,Женский,Воронеж,2021-07-14
C5040,35-44,Мужской,Казань,2022-11-04
C5041,45-54,Мужской,Волгоград,2024-10-28
C5042,25-34,Мужской,Нижний Новгород,2021-12-11
C5043,35-44,Женский,Ижевск,2023-01-30
C5044,45-54,Женский,Кемерово,2022-07-03
C5045,35-44,Женский,Нижний Новгород,2021-01-02
C5046,45-54,Мужской,Нижний Новгород,2023-06-16
C5047,45-54,Мужской,Оренбург,2024-03-04
C5048,25-34,Мужской,Москва,2021-11-20
C5049,45-54,Мужской,Иркутск,2021-04-14
C5050,18-24,Женский,Челябинск,2022-01-10
C5051,45-54,Женский,Владивосток,2024-09-02
C5052,35-44,Женский,Волгоград,2024-07-21
C5053,45-54,Женский,Волгоград,2022-08-02
C5054,18-24,Мужской,Екатеринбург,2023-06-27
C5055,35-44,Мужской,Волгоград,2024-05-03
C5056,25-34,Мужской,Иркутск,2024-04-23
C5057,35-44,Мужской,Кемерово,2022-04-18
C5058,35-44,Мужской,Санкт-Петербург,2021-01-20
C5059,55+,Женский,Ульяновск,2024-06-27
C5060,18-24,Женский,Хабаровск,2021-01-25
C5061,18-24,Мужской,Екатеринбург,2021-01-07
C5062,25-34,Женский,Санкт-Петербург,2022-03-16
C5063,25-34,Женский,Иркутск,2022-08-06
C5064,18-24,Женский,Барнаул,2024-06-10
C5065,45-54,Мужской,Барнаул,2022-11-21
C5066,45-54,Женский,Нижний Новгород,2024-01-23
C5067,25-34,Мужской,Самара,2023-02-05
C5068,35-44,Женский,Санкт-Петербург,2023-01-11
C5069,25-34,Женский,Пермь,2023-09-25
C5070,25-34,Женский,Барнаул,2021-02-09
C5071,25-34,Женский,Кемерово,2024-01-27
C5072,18-24,Женский,Иркутск,2023-06-19
C5073,25-34,Женский,Иркутск,2022-05-10
C5074,55+,Женский,Иркутск,2024-10-25
C5075,18-24,Мужской,Челябинск,2024-09-18
C5076,18-24,Мужской,Ростов-на-Дону,2024-04-04
C5077,35-44,Мужской,Томск,2022-04-06
C5078,18-24,Женский,Волгоград,2023-02-12
C5079,35-44,Мужской,Уфа,2022-11-03
C5080,18-24,Женский,Красноярск,2021-01-23
C5081,18-24,Женский,Воронеж,2022-10-04
C5082,25-34,Мужской,Нижний Новгород,2022-08-09
C5083,18-24,Женский,Нижний Новгород,2024-04-07
C5084,18-24,Женский,Тольятти,2021-11-03
C5085,18-24,Женский,Уфа,2021-07-15
C5086,18-24,Мужской,Санкт-Петербург,2024-03-16
C5087,18-24,Мужской,Пермь,2024-10-18
C5088,18-24,Женский,Барнаул,2024-01-13
C5089,25-34,Женский,Омск,2022-05-13
C5090,18-24,Мужской,Екатеринбург,2021-07-01
C5091,25-34,Женский,Владивосток,2021-10-06
C5092,35-44,Женский,Оренбург,2024-10-21
C5093,25-34,Мужской,Кемерово,2023-07-24
C5094,25-34,Мужской,Тольятти,2024-02-14
C5095,35-44,Женский,Уфа,2024-03-04
C5096,45-54,Женский,Тольятти,2024-04-30
C5097,35-44,Женский,Воронеж,2021-04-06
C5098,18-24,Мужской,Пермь,2024-10-06
C5099,45-54,Женский,Москва,2021-10-17
C5100,25-34,Женский,Нижний Новгород,2021-06-09
C5101,25-34,Мужской,Оренбург,2021-02-20
C5102,35-44,Женский,Кемерово,2023-07-01
C5103,18-24,Мужской,Махачкала,2021-11-28
C5104,18-24,Мужской,Москва,2022-01-06
C5105,18-24,Мужской,Нижний Новгород,2021-07-22
C5106,35-44,Женский,Ульяновск,2021-12-17
C5107,18-24,Мужской,Саратов,2021-09-12
C5108,25-34,Мужской,Хабаровск,2021-01-09
C5109,35-44,Женский,Пермь,2021-08-06
C5110,35-44,Женский,Челябинск,2024-01-02
C5111,25-34,Женский,Новосибирск,2024-04-20
C5112,45-54,Женский,Волгоград,2023-08-22
C5113,18-24,Мужской,Воронеж,2024-02-13
C5114,25-34,Мужской,Ярославль,2022-11-27
C5115,45-54,Женский,Ярославль,2024-05-21
C5116,45-54,Женский,Воронеж,2024-05-31
C5117,45-54,Женский,Тольятти,2023-09-10
C5118,45-54,Мужской,Омск,2022-11-11
C5119,55+,Женский,Санкт-Петербург,2024-09-08
C5120,18-24,Женский,Нижний Новгород,2023-09-04
C5121,18-24,Женский,Тюмень,2022-03-14
C5122,35-44,Женский,Барнаул,2022-04-14
C5123,18-24,Мужской,Санкт-Петербург,2022-06-01
C5124,18-24,Женский,Омск,2024-09-03
C5125,18-24,Женский,Хабаровск,2023-12-11
C5126,35-44,Женский,Красноярск,2024-03-28
C5127,35-44,Женский,Москва,2024-10-10
C5128,18-24,Мужской,Москва,2021-09-19
C5129,18-24,Женский,Санкт-Петербург,2022-07-22
C5130,45-54,Мужской,Самара,2021-09-26
C5131,18-24,Женский,Красноярск,2021-09-18
C5132,35-44,Женский,Красноярск,2022-02-02
C5133,18-24,Мужской,Казань,2023-10-28
C5134,18-24,Женский,Санкт-Петербург,2023-04-14
C5135,25-34,Женский,Ульяновск,2021-04-28
C5136,25-34,Мужской,Самара,2023-06-21
C5137,25-34,Женский,Оренбург,2024-04-12
C5138,18-24,Женский,Казань,2021-05-26
C5139,35-44,Мужской,Ижевск,2021-07-03
C5140,25-34,Мужской,Ульяновск,2021-06-01
C5141,25-34,Женский,Ижевск,2021-03-25
C5142,45-54,Женский,Хабаровск,2023-12-24
C5143,18-24,Мужской,Москва,2022-06-24
C5144,18-24,Мужской,Тюмень,2022-07-20
C5145,18-24,Женский,Нижний Новгород,2021-11-05
C5146,25-34,Мужской,Челябинск,2021-08-31
C5147,25-34,Женский,Санкт-Петербург,2023-01-22
C5148,25-34,Мужской,Махачкала,2023-05-06
C5149,45-54,Мужской,Волгоград,2021-03-25
C5150,25-34,Мужской,Кемерово,2021-11-10
C5151,18-24,Женский,Воронеж,2023-01-12
C5152,25-34,Женский,Ростов-на-Дону,2022-06-06
C5153,25-34,Женский,Пермь,2023-03-13
C5154,55+,Мужской,Ижевск,2022-01-22
C5155,35-44,Женский,Красноярск,2021-01-18
C5156,25-34,Женский,Нижний Новгород,2023-07-19
C5157,18-24,Мужской,Воронеж,2021-10-03
C5158,25-34,Мужской,Новосибирск,2022-08-29
C5159,55+,Женский,Владивосток,2023-04-22
C5160,35-44,Мужской,Хабаровск,2022-12-05
C5161,45-54,Женский,Уфа,2022-06-30
C5162,35-44,Женский,Саратов,2023-11-18
C5163,35-44,Мужской,Тюмень,2023-10-07
C5164,45-54,Женский,Ульяновск,2024-06-19
C5165,18-24,Мужской,Пермь,2021-10-30
C5166,35-44,Мужской,Кемерово,2021-06-23
C5167,35-44,Женский,Воронеж,2022-06-24
C5168,18-24,Женский,Владивосток,2022-05-06
C5169,45-54,Мужской,Ростов-на-Дону,2023-08-02
C5170,55+,Женский,Красноярск,2024-09-27
C5171,18-24,Женский,Самара,2022-05-18
C5172,25-34,Женский,Махачкала,2021-03-13
C5173,45-54,Женский,Новосибирск,2023-01-20
C5174,45-54,Женский,Воронеж,2021-02-27
C5175,25-34,Мужской,Красноярск,2023-08-15
C5176,35-44,Женский,Иркутск,2024-02-29
C5177,35-44,Женский,Владивосток,2023-07-18
C5178,25-34,Мужской,Хабаровск,2022-07-04
C5179,35-44,Мужской,Кемерово,2024-07-25
C5180,25-34,Женский,Самара,2023-06-14
C5181,25-34,Женский,Томск,2022-07-09
C5182,25-34,Мужской,Ижевск,2023-10-27
C5183,25-34,Мужской,Пермь,2022-03-04
C5184,45-54,Женский,Нижний Новгород,2022-12-04
C5185,25-34,Женский,Иркутск,2021-01-17
C5186,25-34,Мужской,Кемерово,2024-06-20
C5187,45-54,Женский,Новосибирск,2022-12-01
C5188,18-24,Женский,Казань,2022-10-24
C5189,35-44,Женский,Воронеж,2023-03-25
C5190,25-34,Женский,Екатеринбург,2022-05-06
C5191,18-24,Мужской,Омск,2021-10-07
C5192,18-24,Мужской,Тольятти,2021-09-01
C5193,25-34,Женский,Кемерово,2022-08-09
C5194,18-24,Мужской,Омск,2024-08-25
C5195,25-34,Женский,Владивосток,2021-11-19
C5196,45-54,Мужской,Ростов-на-Дону,2022-10-11
C5197,45-54,Женский,Владивосток,2021-04-25
C5198,25-34,Женский,Ульяновск,2023-07-27
C5199,18-24,Мужской,Ульяновск,2021-02-07
C5200,18-24,Мужской,Хабаровск,2021-09-07
C5201,25-34,Женский,Красноярск,2021-12-09
C5202,18-24,Женский,Красноярск,2024-01-30
C5203,25-34,Мужской,Тюмень,2022-07-30
C5204,25-34,Женский,Махачкала,2024-09-09
C5205,25-34,Мужской,Пермь,2023-11-02
C5206,35-44,Женский,Томск,2024-10-25
C5207,35-44,Мужской,Санкт-Петербург,2021-08-19
C5208,25-34,Мужской,Нижний Новгород,2024-08-20
C5209,45-54,Мужской,Иркутск,2023-12-20
C5210,25-34,Женский,Хабаровск,2021-10-30
C5211,18-24,Женский,Волгоград,2021-09-28
C5212,25-34,Женский,Уфа,2023-04-13
C5213,18-24,Женский,Екатеринбург,2022-07-25
C5214,45-54,Мужской,Санкт-Петербург,2024-07-12
C5215,35-44,Мужской,Махачкала,2023-06-19
C5216,45-54,Женский,Кемерово,2023-01-23
C5217,25-34,Женский,Санкт-Петербург,2021-03-16
C5218,18-24,Женский,Томск,2024-10-29
C5219,18-24,Женский,Ростов-на-Дону,2022-01-17
C5220,25-34,Мужской,Челябинск,2021-09-03
C5221,25-34,Женский,Самара,2024-03-20
C5222,35-44,Женский,Кемерово,2022-03-22
C5223,35-44,Женский,Барнаул,2021-06-27
C5224,25-34,Женский,Санкт-Петербург,2022-02-11
C5225,18-24,Женский,Красноярск,2022-12-20
C5226,35-44,Женский,Воронеж,2021-12-27
C5227,45-54,Женский,Барнаул,2022-01-17
C5228,25-34,Мужской,Краснодар,2022-05-20
C5229,25-34,Мужской,Ижевск,2022-12-23
C5230,45-54,Мужской,Ульяновск,2022-03-13
C5231,45-54,Женский,Казань,2024-08-03
C5232,35-44,Мужской,Самара,2024-06-15
C5233,18-24,Женский,Ижевск,2021-12-23
C5234,18-24,Женский,Краснодар,2022-03-31
C5235,35-44,Женский,Самара,2023-05-17
C5236,25-34,Женский,Санкт-Петербург,2023-08-20
C5237,25-34,Мужской,Тюмень,2023-07-30
C5238,18-24,Женский,Ижевск,2023-10-17
C5239,35-44,Женский,Саратов,2021-11-21
C5240,45-54,Женский,Санкт-Петербург,2021-07-22
C5241,18-24,Женский,Воронеж,2021-07-24
C5242,25-34,Мужской,Махачкала,2024-02-08
C5243,18-24,Мужской,Ульяновск,2024-02-22
C5244,35-44,Женский,Новосибирск,2023-10-07
C5245,35-44,Мужской,Пермь,2022-06-21
C5246,25-34,Женский,Воронеж,2023-09-07
C5247,18-24,Женский,Омск,2021-09-26
C5248,18-24,Мужской,Челябинск,2021-11-09
C5249,18-24,Женский,Иркутск,2023-11-08
C5250,18-24,Женский,Ижевск,2022-08-22
C5251,25-34,Женский,Тюмень,2024-10-04
C5252,45-54,Женский,Иркутск,2024-09-23
C5253,55+,Мужской,Нижний Новгород,2022-01-01
C5254,35-44,Женский,Санкт-Петербург,2023-02-12
C5255,18-24,Мужской,Уфа,2022-03-09
C5256,25-34,Женский,Воронеж,2022-05-12
C5257,45-54,Мужской,Хабаровск,2023-09-08
C5258,45-54,Женский,Томск,2024-08-19
C5259,18-24,Женский,Воронеж,2024-11-01
C5260,35-44,Женский,Махачкала,2022-04-29
C5261,18-24,Мужской,Самара,2024-02-19
C5262,45-54,Мужской,Барнаул,2024-02-25
C5263,25-34,Женский,Ульяновск,2021-05-27
C5264,18-24,Женский,Воронеж,2024-09-15
C5265,18-24,Мужской,Ульяновск,2023-03-29
C5266,18-24,Мужской,Краснодар,2024-09-07
C5267,25-34,Женский,Хабаровск,2022-07-21
C5268,35-44,Женский,Уфа,2022-05-30
C5269,25-34,Мужской,Кемерово,2024-07-06
C5270,35-44,Женский,Пермь,2022-07-03
C5271,18-24,Женский,Кемерово,2024-10-10
C5272,25-34,Женский,Москва,2024-03-12
C5273,45-54,Женский,Хабаровск,2023-02-09
C5274,25-34,Женский,Уфа,2023-07-13
C5275,25-34,Женский,Нижний Новгород,2021-05-04
C5276,25-34,Женский,Казань,2021-02-07
C5277,25-34,Женский,Нижний Новгород,2024-09-27
C5278,18-24,Мужской,Барнаул,2023-10-14
C5279,18-24,Мужской,Новосибирск,2021-11-03
C5280,25-34,Мужской,Тольятти,2022-05-14
C5281,35-44,Женский,Ижевск,2023-04-07
C5282,25-34,Женский,Волгоград,2023-04-12
C5283,18-24,Мужской,Краснодар,2022-03-18
C5284,18-24,Женский,Оренбург,2023-09-18
C5285,18-24,Мужской,Ярославль,2022-01-15
C5286,18-24,Мужской,Ульяновск,2021-02-27
C5287,25-34,Женский,Тольятти,2023-12-23
C5288,25-34,Женский,Тюмень,2023-05-11
C5289,25-34,Мужской,Кемерово,2022-03-02
C5290,45-54,Мужской,Оренбург,2022-09-25
C5291,18-24,Женский,Барнаул,2023-02-22
C5292,25-34,Женский,Саратов,2024-10-08
C5293,35-44,Женский,Уфа,2022-01-08
C5294,18-24,Женский,Нижний Новгород,2021-09-05
C5295,25-34,Женский,Москва,2022-12-16
C5296,25-34,Женский,Ростов-на-Дону,2024-02-28
C5297,35-44,Мужской,Ростов-на-Дону,2023-09-10
C5298,18-24,Женский,Казань,2023-05-12
C5299,55+,Женский,Ростов-на-Дону,2022-09-26
C5300,25-34,Мужской,Краснодар,2023-04-02
C5301,25-34,Женский,Волгоград,2022-09-26
C5302,45-54,Женский,Махачкала,2022-02-17
C5303,25-34,Женский,Иркутск,2021-03-11
C5304,25-34,Женский,Москва,2023-04-13
C5305,18-24,Женский,Самара,2023-08-22
C5306,18-24,Женский,Воронеж,2022-07-12
C5307,25-34,Женский,Волгоград,2023-06-23
C5308,18-24,Мужской,Тольятти,2024-08-24
C5309,25-34,Женский,Воронеж,2022-04-02
C5310,25-34,Женский,Красноярск,2024-04-30
C5311,25-34,Женский,Красноярск,2022-12-18
C5312,18-24,Женский,Волгоград,2023-04-27
C5313,35-44,Женский,Самара,2021-06-10
C5314,45-54,Женский,Кемерово,2023-12-11
C5315,35-44,Женский,Тольятти,2022-11-18
C5316,35-44,Женский,Ростов-на-Дону,2023-04-28
C5317,35-44,Женский,Уфа,2022-06-21
C5318,45-54,Мужской,Ростов-на-Дону,2022-03-30
C5319,25-34,Женский,Новосибирск,2022-09-18
C5320,35-44,Женский,Кемерово,2024-05-20
C5321,25-34,Мужской,Самара,2022-06-14
C5322,25-34,Женский,Самара,2024-03-23
C5323,45-54,Мужской,Омск,2021-02-05
C5324,25-34,Мужской,Ульяновск,2024-02-24
C5325,18-24,Женский,Тольятти,2022-11-04
C5326,25-34,Женский,Хабаровск,2023-09-04
C5327,35-44,Женский,Тольятти,2024-10-02
C5328,45-54,Мужской,Оренбург,2023-12-06
C5329,25-34,Мужской,Екатеринбург,2022-05-26
C5330,18-24,Мужской,Оренбург,2024-03-15
C5331,25-34,Женский,Нижний Новгород,2021-08-24
C5332,45-54,Мужской,Краснодар,2022-11-01
C5333,25-34,Мужской,Красноярск,2022-01-30
C5334,25-34,Мужской,Пермь,2023-01-29
C5335,25-34,Мужской,Казань,2021-09-15
C5336,18-24,Женский,Ростов-на-Дону,2022-07-24
C5337,25-34,Мужской,Воронеж,2021-05-12
C5338,18-24,Женский,Тольятти,2021-04-22
C5339,45-54,Женский,Хабаровск,2022-12-30
C5340,18-24,Мужской,Челябинск,2023-08-04
C5341,25-34,Женский,Красноярск,2023-12-19
C5342,35-44,Женский,Уфа,2024-04-07
C5343,25-34,Мужской,Краснодар,2021-01-05
C5344,25-34,Женский,Владивосток,2021-06-11
C5345,45-54,Женский,Новосибирск,2022-06-19
C5346,35-44,Женский,Челябинск,2022-06-16
C5347,35-44,Женский,Самара,2021-06-23
C5348,18-24,Мужской,Тюмень,2023-01-30
C5349,18-24,Женский,Оренбург,2022-01-11
C5350,18-24,Женский,Кемерово,2024-10-05
C5351,35-44,Женский,Самара,2022-02-04
C5352,25-34,Женский,Омск,2023-04-13
C5353,18-24,Женский,Ростов-на-Дону,2022-04-21
C5354,35-44,Мужской,Пермь,2023-10-31
C5355,35-44,Мужской,Ульяновск,2023-03-23
C5356,35-44,Женский,Москва,2021-03-08
C5357,25-34,Мужской,Барнаул,2022-10-05
C5358,35-44,Мужской,Тольятти,2022-07-29
C5359,25-34,Женский,Санкт-Петербург,2021-11-10
C5360,45-54,Мужской,Барнаул,2024-09-19
C5361,55+,Женский,Ростов-на-Дону,2021-05-12
C5362,25-34,Женский,Санкт-Петербург,2022-09-11
C5363,18-24,Женский,Казань,2022-04-13
C5364,25-34,Мужской,Красноярск,2021-04-07
C5365,18-24,Мужской,Ижевск,2022-07-29
C5366,25-34,Женский,Волгоград,2022-11-21
C5367,35-44,Мужской,Ярославль,2021-11-23
C5368,18-24,Женский,Казань,2024-07-01
C5369,35-44,Женский,Москва,2021-10-03
C5370,25-34,Женский,Екатеринбург,2022-03-18
C5371,18-24,Женский,Москва,2022-03-26
C5372,18-24,Женский,Волгоград,2021-05-19
C5373,35-44,Женский,Оренбург,2023-05-27
C5374,35-44,Женский,Махачкала,2021-01-22
C5375,25-34,Женский,Ярославль,2023-09-07
C5376,35-44,Женский,Махачкала,2022-10-08
C5377,18-24,Мужской,Нижний Новгород,2022-07-24
C5378,35-44,Женский,Новосибирск,2021-12-21
C5379,45-54,Мужской,Тюмень,2022-06-14
C5380,45-54,Женский,Москва,2022-03-20
C5381,25-34,Мужской,Владивосток,2021-09-27
C5382,18-24,Женский,Волгоград,2021-05-20
C5383,45-54,Мужской,Владивосток,2021-02-03
C5384,18-24,Мужской,Нижний Новгород,2024-09-17
C5385,35-44,Женский,Оренбург,2023-02-04
C5386,18-24,Мужской,Хабаровск,2023-04-28
C5387,45-54,Женский,Оренбург,2024-01-25
C5388,25-34,Мужской,Екатеринбург,2023-09-03
C5389,35-44,Мужской,Уфа,2022-06-18
C5390,25-34,Мужской,Махачкала,2024-05-15
C5391,45-54,Женский,Омск,2021-04-13
C5392,25-34,Мужской,Самара,2024-01-05
C5393,45-54,Женский,Владивосток,2024-10-19
C5394,25-34,Женский,Саратов,2021-05-12
C5395,18-24,Женский,Санкт-Петербург,2024-04-12
C5396,35-44,Женский,Воронеж,2023-12-30
C5397,25-34,Женский,Саратов,2021-10-29
C5398,45-54,Женский,Барнаул,2022-01-20
C5399,25-34,Мужской,Новосибирск,2022-01-17
C5400,18-24,Женский,Санкт-Петербург,2021-09-02
C5401,25-34,Мужской,Санкт-Петербург,2022-04-28
C5402,35-44,Мужской,Тюмень,2023-05-02
C5403,45-54,Мужской,Санкт-Петербург,2024-10-03
C5404,45-54,Мужской,Новосибирск,2023-07-20
C5405,45-54,Мужской,Краснодар,2022-08-20
C5406,35-44,Мужской,Кемерово,2022-04-07
C5407,25-34,Женский,Тольятти,2024-06-22
C5408,35-44,Мужской,Нижний Новгород,2024-05-10
C5409,25-34,Мужской,Ярославль,2021-08-13
C5410,25-34,Женский,Казань,2023-10-06
C5411,45-54,Мужской,Самара,2022-03-28
C5412,25-34,Женский,Москва,2023-01-09
C5413,45-54,Женский,Екатеринбург,2023-02-09
C5414,18-24,Мужской,Ульяновск,2022-06-18
C5415,25-34,Мужской,Томск,2022-01-29
C5416,45-54,Мужской,Москва,2024-01-11
C5417,45-54,Женский,Ростов-на-Дону,2022-08-26
C5418,25-34,Мужской,Махачкала,2021-02-07
C5419,25-34,Мужской,Краснодар,2023-11-08
C5420,25-34,Мужской,Москва,2022-07-09
C5421,25-34,Мужской,Москва,2023-02-06
C5422,35-44,Женский,Саратов,2022-12-17
C5423,18-24,Мужской,Уфа,2022-01-24
C5424,35-44,Женский,Омск,2024-07-01
C5425,35-44,Женский,Пермь,2024-07-23
C5426,35-44,Женский,Оренбург,2024-05-09
C5427,35-44,Женский,Омск,2022-01-14
C5428,25-34,Женский,Уфа,2021-12-16
C5429,18-24,Женский,Казань,2021-02-05
C5430,25-34,Мужской,Красноярск,2024-01-17
C5431,18-24,Мужской,Казань,2021-02-26
C5432,35-44,Женский,Кемерово,2021-11-19
C5433,18-24,Женский,Новосибирск,2022-10-23
C5434,45-54,Мужской,Ярославль,2023-04-21
C5435,18-24,Женский,Уфа,2022-10-09
C5436,35-44,Мужской,Воронеж,2022-04-22
C5437,25-34,Женский,Хабаровск,2021-11-12
C5438,35-44,Женский,Ижевск,2022-08-31
C5439,35-44,Мужской,Санкт-Петербург,2023-06-03
C5440,25-34,Женский,Омск,2024-06-30
C5441,25-34,Мужской,Тюмень,2022-11-27
C5442,18-24,Женский,Екатеринбург,2022-04-02
C5443,35-44,Мужской,Санкт-Петербург,2021-03-31
C5444,25-34,Женский,Томск,2022-04-05
C5445,35-44,Женский,Махачкала,2024-08-08
C5446,18-24,Мужской,Екатеринбург,2021-12-21
C5447,35-44,Женский,Ростов-на-Дону,2023-11-14
C5448,35-44,Мужской,Иркутск,2023-02-02
C5449,25-34,Мужской,Тюмень,2023-05-05
C5450,25-34,Мужской,Ростов-на-Дону,2021-01-18
C5451,18-24,Женский,Саратов,2022-11-01
C5452,25-34,Женский,Воронеж,2022-09-26
C5453,55+,Мужской,Махачкала,2024-10-11
C5454,18-24,Мужской,Нижний Новгород,2024-03-13
C5455,45-54,Мужской,Краснодар,2023-06-25
C5456,35-44,Женский,Махачкала,2022-10-05
C5457,25-34,Мужской,Воронеж,2024-07-30
C5458,25-34,Мужской,Воронеж,2022-09-29
C5459,35-44,Женский,Пермь,2021-09-22
C5460,18-24,Мужской,Екатеринбург,2024-06-04
C5461,18-24,Мужской,Владивосток,2021-10-24
C5462,18-24,Женский,Москва,2022-09-18
C5463,35-44,Женский,Нижний Новгород,2024-06-06
C5464,25-34,Женский,Екатеринбург,2022-07-31
C5465,35-44,Мужской,Кемерово,2024-03-09
C5466,35-44,Мужской,Екатеринбург,2021-07-04
C5467,25-34,Женский,Казань,2023-04-13
C5468,25-34,Женский,Ижевск,2022-07-23
C5469,25-34,Женский,Барнаул,2021-11-26
C5470,25-34,Женский,Хабаровск,2024-01-31
C5471,18-24,Женский,Пермь,2023-05-15
C5472,25-34,Мужской,Хабаровск,2021-12-11
C5473,35-44,Женский,Красноярск,2022-02-07
C5474,35-44,Женский,Челябинск,2024-01-20
C5475,25-34,Мужской,Москва,2022-10-21
C5476,35-44,Женский,Нижний Новгород,2022-07-08
C5477,18-24,Женский,Самара,2024-02-01
C5478,35-44,Мужской,Тюмень,2021-11-28
C5479,45-54,Мужской,Ижевск,2021-12-17
C5480,35-44,Женский,Ижевск,2021-05-08
C5481,18-24,Женский,Иркутск,2023-06-05
C5482,18-24,Женский,Пермь,2022-05-15
C5483,45-54,Женский,Тюмень,2022-02-28
C5484,45-54,Женский,Оренбург,2023-03-01
C5485,35-44,Мужской,Челябинск,2022-03-16
C5486,45-54,Женский,Хабаровск,2021-06-20
C5487,25-34,Мужской,Оренбург,2024-07-16
C5488,55+,Мужской,Ярославль,2023-04-05
C5489,18-24,Женский,Самара,2023-06-08
C5490,25-34,Мужской,Екатеринбург,2021-01-02
C5491,55+,Женский,Ульяновск,2023-11-02
C5492,35-44,Женский,Самара,2024-05-31
C5493,18-24,Мужской,Томск,2023-11-07
C5494,35-44,Женский,Оренбург,2022-01-18
C5495,25-34,Женский,Томск,2021-05-10
C5496,25-34,Женский,Ярославль,2021-02-10
C5497,25-34,Мужской,Краснодар,2023-03-01
C5498,18-24,Женский,Ярославль,2024-07-12
C5499,35-44,Мужской,Нижний Новгород,2021-01-13
C5500,35-44,Мужской,Саратов,2021-07-25
C5501,45-54,Мужской,Самара,2021-06-03
C5502,35-44,Женский,Волгоград,2023-04-20
C5503,18-24,Мужской,Иркутск,2021-08-15
C5504,25-34,Женский,Тольятти,2023-12-29
C5505,35-44,Женский,Ростов-на-Дону,2022-12-18
C5506,35-44,Женский,Ульяновск,2021-02-04
C5507,55+,Мужской,Казань,2023-03-12
C5508,25-34,Мужской,Махачкала,2023-03-29
C5509,25-34,Мужской,Ижевск,2022-12-26
C5510,25-34,Женский,Уфа,2023-07-07
C5511,18-24,Женский,Тольятти,2024-03-04
C5512,45-54,Женский,Уфа,2022-04-03
C5513,35-44,Мужской,Барнаул,2024-07-27
C5514,18-24,Женский,Ростов-на-Дону,2021-10-07
C5515,25-34,Женский,Волгоград,2022-07-04
C5516,35-44,Женский,Ижевск,2023-04-24
C5517,25-34,Мужской,Ростов-на-Дону,2021-05-09
C5518,35-44,Женский,Воронеж,2023-09-20
C5519,18-24,Женский,Владивосток,2024-05-04
C5520,25-34,Мужской,Краснодар,2022-06-07
C5521,25-34,Мужской,Томск,2024-03-15
C5522,25-34,Женский,Саратов,2022-02-01
C5523,45-54,Мужской,Томск,2022-09-12
C5524,18-24,Женский,Ростов-на-Дону,2023-07-28
C5525,25-34,Мужской,Челябинск,2023-03-28
C5526,35-44,Женский,Тюмень,2021-08-07
C5527,55+,Женский,Тольятти,2023-12-30
C5528,18-24,Женский,Москва,2024-05-23
C5529,18-24,Мужской,Владивосток,2023-03-19
C5530,45-54,Женский,Нижний Новгород,2021-08-31
C5531,45-54,Мужской,Нижний Новгород,2023-03-28
C5532,18-24,Женский,Воронеж,2023-03-31
C5533,25-34,Женский,Санкт-Петербург,2021-02-07
C5534,45-54,Женский,Тюмень,2022-06-02
C5535,25-34,Женский,Самара,2021-01-02
C5536,25-34,Женский,Тюмень,2022-01-25
C5537,45-54,Мужской,Уфа,2023-09-16
C5538,25-34,Мужской,Тюмень,2022-05-01
C5539,35-44,Мужской,Омск,2021-08-06
C5540,25-34,Женский,Томск,2022-04-30
C5541,18-24,Мужской,Волгоград,2023-01-29
C5542,45-54,Женский,Челябинск,2021-04-05
C5543,35-44,Мужской,Ярославль,2024-10-22
C5544,25-34,Женский,Томск,2024-05-06
C5545,25-34,Женский,Кемерово,2023-01-03
C5546,25-34,Женский,Омск,2024-03-03
C5547,18-24,Женский,Тюмень,2024-09-23
C5548,45-54,Мужской,Пермь,2023-07-09
C5549,25-34,Женский,Краснодар,2021-02-09
C5550,35-44,Женский,Нижний Новгород,2023-04-29
C5551,45-54,Мужской,Москва,2021-08-20
C5552,35-44,Женский,Красноярск,2021-09-09
C5553,18-24,Женский,Ростов-на-Дону,2022-09-13
C5554,45-54,Женский,Ижевск,2024-05-04
C5555,45-54,Женский,Омск,2024-09-24
C5556,25-34,Женский,Оренбург,2023-04-01
C5557,45-54,Женский,Ростов-на-Дону,2021-03-21
C5558,25-34,Мужской,Казань,2021-08-28
C5559,25-34,Женский,Ижевск,2023-06-13
C5560,45-54,Женский,Кемерово,2023-05-22
C5561,35-44,Женский,Томск,2022-01-06
C5562,18-24,Женский,Самара,2022-03-18
C5563,45-54,Мужской,Ростов-на-Дону,2023-06-20
C5564,35-44,Женский,Ростов-на-Дону,2023-09-11
C5565,45-54,Женский,Ростов-на-Дону,2022-10-29
C5566,25-34,Женский,Пермь,2022-10-31
C5567,18-24,Мужской,Махачкала,2022-04-20
C5568,25-34,Женский,Краснодар,2021-06-17
C5569,55+,Женский,Хабаровск,2022-12-14
C5570,18-24,Женский,Махачкала,2024-05-05
C5571,18-24,Мужской,Воронеж,2021-09-19
C5572,35-44,Мужской,Кемерово,2021-05-20
C5573,45-54,Мужской,Самара,2024-08-03
C5574,18-24,Мужской,Краснодар,2021-11-18
C5575,25-34,Женский,Барнаул,2024-01-23
C5576,35-44,Женский,Тюмень,2022-10-20
C5577,35-44,Женский,Уфа,2021-12-17
C5578,18-24,Мужской,Нижний Новгород,2024-10-27
C5579,45-54,Женский,Томск,2022-10-03
C5580,18-24,Женский,Саратов,2022-11-03
C5581,25-34,Женский,Волгоград,2021-05-17
C5582,18-24,Мужской,Саратов,2024-07-28
C5583,18-24,Женский,Новосибирск,2022-06-14
C5584,25-34,Женский,Краснодар,2022-04-17
C5585,35-44,Мужской,Красноярск,2021-10-17
C5586,25-34,Мужской,Хабаровск,2022-08-29
C5587,18-24,Мужской,Волгоград,2021-09-01
C5588,25-34,Женский,Владивосток,2024-03-15
C5589,25-34,Женский,Томск,2024-05-20
C5590,18-24,Женский,Краснодар,2023-11-12
C5591,25-34,Женский,Екатеринбург,2023-12-22
C5592,18-24,Женский,Владивосток,2021-05-21
C5593,35-44,Женский,Барнаул,2023-12-04
C5594,45-54,Мужской,Пермь,2021-03-18
C5595,25-34,Женский,Оренбург,2021-12-25
C5596,45-54,Женский,Красноярск,2021-12-23
C5597,25-34,Женский,Москва,2022-08-08
C5598,45-54,Женский,Уфа,2021-05-09
C5599,25-34,Женский,Иркутск,2022-09-19
C5600,25-34,Мужской,Челябинск,2022-11-02
C5601,35-44,Женский,Владивосток,2023-11-15
C5602,18-24,Женский,Томск,2021-08-08
C5603,25-34,Мужской,Челябинск,2022-08-23
C5604,25-34,Женский,Новосибирск,2023-09-09
C5605,25-34,Женский,Нижний Новгород,2024-04-28
C5606,45-54,Женский,Новосибирск,2022-09-28
C5607,18-24,Мужской,Казань,2024-04-18
C5608,35-44,Женский,Воронеж,2024-07-12
C5609,35-44,Женский,Оренбург,2022-12-01
C5610,18-24,Женский,Тольятти,2021-03-01
C5611,35-44,Женский,Тюмень,2024-05-04
C5612,25-34,Женский,Тольятти,2021-02-04
C5613,25-34,Женский,Кемерово,2024-11-01
C5614,35-44,Женский,Иркутск,2021-06-24
C5615,25-34,Женский,Саратов,2022-08-18
C5616,45-54,Женский,Ростов-на-Дону,2023-03-10
C5617,25-34,Мужской,Ярославль,2023-11-25
C5618,25-34,Мужской,Оренбург,2024-10-04
C5619,35-44,Женский,Красноярск,2023-06-17
C5620,18-24,Мужской,Красноярск,2023-10-02
C5621,25-34,Мужской,Красноярск,2023-12-01
C5622,18-24,Женский,Екатеринбург,2024-04-28
C5623,18-24,Женский,Волгоград,2024-04-10
C5624,25-34,Женский,Ульяновск,2024-09-18
C5625,45-54,Мужской,Махачкала,2021-10-09
C5626,25-34,Женский,Барнаул,2024-05-31
C5627,45-54,Женский,Новосибирск,2023-08-05
C5628,18-24,Женский,Тольятти,2023-12-20
C5629,25-34,Мужской,Кемерово,2022-11-05
C5630,45-54,Мужской,Владивосток,2022-02-27
C5631,25-34,Мужской,Нижний Новгород,2023-12-08
C5632,55+,Мужской,Екатеринбург,2021-06-19
C5633,18-24,Женский,Москва,2022-03-06
C5634,25-34,Женский,Пермь,2024-01-04
C5635,18-24,Женский,Самара,2024-06-02
C5636,55+,Женский,Тюмень,2021-06-13
C5637,25-34,Мужской,Тольятти,2021-01-24
C5638,45-54,Женский,Владивосток,2024-06-18
C5639,35-44,Мужской,Махачкала,2024-03-19
C5640,35-44,Женский,Екатеринбург,2023-07-01
C5641,25-34,Женский,Уфа,2021-10-30
C5642,25-34,Женский,Пермь,2024-04-13
C5643,18-24,Мужской,Красноярск,2021-07-03
C5644,35-44,Мужской,Хабаровск,2023-10-31
C5645,25-34,Женский,Хабаровск,2023-08-10
C5646,55+,Женский,Махачкала,2024-10-01
C5647,25-34,Женский,Воронеж,2021-02-10
C5648,35-44,Женский,Тольятти,2022-05-09
C5649,35-44,Женский,Самара,2023-12-27
C5650,18-24,Женский,Краснодар,2022-09-22
C5651,18-24,Мужской,Красноярск,2021-09-06
C5652,18-24,Женский,Тольятти,2021-05-01
C5653,35-44,Женский,Тюмень,2021-07-26
C5654,45-54,Мужской,Санкт-Петербург,2022-08-04
C5655,25-34,Мужской,Ростов-на-Дону,2022-03-11
C5656,35-44,Женский,Новосибирск,2022-12-04
C5657,45-54,Мужской,Саратов,2023-10-14
C5658,18-24,Мужской,Казань,2023-06-20
C5659,18-24,Мужской,Саратов,2024-05-12
C5660,25-34,Женский,Красноярск,2022-05-11
C5661,35-44,Женский,Москва,2024-07-07
C5662,25-34,Женский,Томск,2023-06-01
C5663,18-24,Мужской,Ростов-на-Дону,2023-07-12
C5664,35-44,Женский,Уфа,2023-03-02
C5665,45-54,Женский,Краснодар,2024-03-09
C5666,18-24,Женский,Оренбург,2021-08-25
C5667,18-24,Женский,Воронеж,2024-10-22
C5668,35-44,Мужской,Махачкала,2023-11-07
C5669,45-54,Женский,Нижний Новгород,2023-07-25
C5670,18-24,Женский,Ижевск,2023-05-14
C5671,55+,Мужской,Пермь,2021-01-10
C5672,25-34,Женский,Нижний Новгород,2023-12-04
C5673,18-24,Мужской,Омск,2021-05-21
C5674,45-54,Мужской,Новосибирск,2021-03-13
C5675,45-54,Мужской,Иркутск,2023-08-04
C5676,55+,Женский,Оренбург,2022-02-24
C5677,25-34,Мужской,Барнаул,2022-09-06
C5678,25-34,Женский,Красноярск,2021-09-12
C5679,18-24,Мужской,Тюмень,2021-01-03
C5680,18-24,Мужской,Москва,2022-06-25
C5681,18-24,Женский,Пермь,2021-10-03
C5682,45-54,Женский,Екатеринбург,2022-06-24
C5683,35-44,Мужской,Волгоград,2021-08-26
C5684,25-34,Женский,Тольятти,2022-10-12
C5685,35-44,Мужской,Тольятти,2023-04-24
C5686,25-34,Женский,Краснодар,2023-04-04
C5687,25-34,Мужской,Кемерово,2024-09-12
C5688,45-54,Мужской,Иркутск,2021-01-08
C5689,25-34,Женский,Тюмень,2022-07-24
C5690,45-54,Женский,Ярославль,2022-07-07
C5691,45-54,Мужской,Красноярск,2021-08-18
C5692,45-54,Женский,Махачкала,2022-11-05
C5693,25-34,Мужской,Казань,2023-10-03
C5694,18-24,Женский,Челябинск,2021-02-13
C5695,35-44,Женский,Тюмень,2024-02-21
C5696,55+,Мужской,Ярославль,2023-02-25
C5697,45-54,Мужской,Ярославль,2021-03-13
C5698,18-24,Мужской,Тольятти,2023-10-29
C5699,35-44,Мужской,Саратов,2023-10-08
C5700,18-24,Женский,Барнаул,2023-01-06
C5701,55+,Женский,Самара,2022-03-16
C5702,25-34,Мужской,Волгоград,2021-01-29
C5703,45-54,Женский,Иркутск,2021-01-18
C5704,35-44,Мужской,Екатеринбург,2022-12-16
C5705,18-24,Мужской,Томск,2023-05-09
C5706,55+,Женский,Казань,2023-03-22
C5707,18-24,Женский,Нижний Новгород,2021-03-22
C5708,45-54,Женский,Томск,2021-12-15
C5709,45-54,Женский,Новосибирск,2024-06-05
C5710,18-24,Мужской,Волгоград,2023-08-04
C5711,18-24,Женский,Омск,2021-05-16
C5712,18-24,Мужской,Краснодар,2024-04-26
C5713,45-54,Женский,Тольятти,2022-03-17
C5714,18-24,Женский,Ярославль,2022-05-07
C5715,45-54,Мужской,Санкт-Петербург,2024-06-26
C5716,25-34,Женский,Екатеринбург,2024-07-23
C5717,45-54,Женский,Омск,2024-01-20
C5718,55+,Женский,Хабаровск,2024-02-17
C5719,25-34,Мужской,Омск,2024-03-22
C5720,25-34,Женский,Красноярск,2021-06-10
C5721,55+,Мужской,Владивосток,2021-10-23
C5722,18-24,Женский,Махачкала,2024-08-15
C5723,35-44,Женский,Екатеринбург,2021-08-09
C5724,25-34,Мужской,Санкт-Петербург,2022-01-30
C5725,25-34,Женский,Екатеринбург,2023-02-21
C5726,18-24,Женский,Казань,2024-01-24
C5727,25-34,Мужской,Нижний Новгород,2021-04-25
C5728,45-54,Женский,Санкт-Петербург,2021-03-07
C5729,25-34,Мужской,Самара,2023-03-12
C5730,45-54,Женский,Казань,2021-05-24
C5731,25-34,Женский,Тюмень,2024-04-09
C5732,18-24,Женский,Краснодар,2024-05-23
C5733,25-34,Женский,Краснодар,2022-05-14
C5734,18-24,Мужской,Тольятти,2021-01-26
C5735,18-24,Женский,Ижевск,2023-08-04
C5736,18-24,Мужской,Санкт-Петербург,2024-09-02
C5737,25-34,Женский,Екатеринбург,2022-02-23
C5738,25-34,Женский,Санкт-Петербург,2023-11-10
C5739,25-34,Женский,Воронеж,2023-10-13
C5740,18-24,Женский,Владивосток,2022-06-04
C5741,25-34,Мужской,Ярославль,2022-07-27
C5742,35-44,Мужской,Краснодар,2021-08-16
C5743,25-34,Женский,Новосибирск,2023-08-29
C5744,45-54,Женский,Ростов-на-Дону,2022-05-17
C5745,25-34,Мужской,Казань,2022-04-07
C5746,35-44,Женский,Владивосток,2021-09-27
C5747,18-24,Женский,Барнаул,2023-03-25
C5748,18-24,Женский,Челябинск,2024-04-18
C5749,25-34,Женский,Хабаровск,2024-09-22
C5750,35-44,Женский,Ростов-на-Дону,2023-07-03
C5751,35-44,Женский,Нижний Новгород,2023-02-09
C5752,35-44,Женский,Нижний Новгород,2023-05-12
C5753,35-44,Женский,Екатеринбург,2022-04-06
C5754,45-54,Женский,Новосибирск,2024-08-27
C5755,25-34,Мужской,Хабаровск,2024-02-16
C5756,18-24,Мужской,Казань,2022-07-08
C5757,45-54,Мужской,Красноярск,2024-04-11
C5758,25-34,Женский,Санкт-Петербург,2021-09-27
C5759,18-24,Женский,Екатеринбург,2022-10-17
C5760,55+,Женский,Кемерово,2021-07-06
C5761,18-24,Женский,Оренбург,2023-04-09
C5762,55+,Мужской,Хабаровск,2024-05-27
C5763,45-54,Мужской,Омск,2023-09-08
C5764,25-34,Мужской,Кемерово,2023-11-19
C5765,35-44,Женский,Волгоград,2023-02-16
C5766,55+,Мужской,Саратов,2023-12-13
C5767,25-34,Женский,Москва,2023-11-13
C5768,35-44,Женский,Ульяновск,2024-02-16
C5769,55+,Мужской,Екатеринбург,2024-03-17
C5770,18-24,Женский,Томск,2024-03-07
C5771,18-24,Женский,Санкт-Петербург,2021-04-14
C5772,25-34,Мужской,Ярославль,2023-12-20
C5773,45-54,Мужской,Челябинск,2023-03-16
C5774,35-44,Мужской,Казань,2022-02-09
C5775,35-44,Мужской,Омск,2024-01-12
C5776,25-34,Женский,Волгоград,2021-03-22
C5777,25-34,Женский,Тольятти,2023-12-17
C5778,25-34,Женский,Нижний Новгород,2021-10-31
C5779,35-44,Женский,Новосибирск,2021-12-07
C5780,18-24,Мужской,Ульяновск,2021-10-31
C5781,45-54,Женский,Уфа,2021-01-04
C5782,45-54,Мужской,Москва,2021-05-05
C5783,18-24,Женский,Воронеж,2022-05-25
C5784,35-44,Мужской,Воронеж,2023-07-18
C5785,18-24,Женский,Москва,2021-01-07
C5786,25-34,Женский,Ярославль,2024-03-09
C5787,55+,Женский,Екатеринбург,2023-04-12
C5788,35-44,Женский,Томск,2021-07-09
C5789,25-34,Мужской,Барнаул,2021-11-08
C5790,45-54,Женский,Краснодар,2022-02-17
C5791,45-54,Мужской,Тольятти,2024-10-10
C5792,25-34,Мужской,Хабаровск,2023-07-31
C5793,35-44,Женский,Воронеж,2021-01-19
C5794,25-34,Мужской,Ростов-на-Дону,2024-01-18
C5795,55+,Мужской,Томск,2024-01-27
C5796,25-34,Мужской,Воронеж,2022-05-17
C5797,18-24,Женский,Ижевск,2024-04-22
C5798,25-34,Мужской,Самара,2023-06-09
C5799,18-24,Женский,Махачкала,2022-05-16
C5800,55+,Женский,Екатеринбург,2023-12-08
C5801,45-54,Женский,Ульяновск,2024-05-22
C5802,25-34,Женский,Омск,2022-11-07
C5803,25-34,Мужской,Владивосток,2022-09-25
C5804,18-24,Женский,Барнаул,2022-06-17
C5805,45-54,Мужской,Новосибирск,2023-01-14
C5806,18-24,Мужской,Омск,2023-04-26
C5807,25-34,Женский,Воронеж,2024-03-23
C5808,35-44,Женский,Тольятти,2022-07-14
C5809,45-54,Женский,Казань,2021-04-20
C5810,18-24,Женский,Омск,2024-08-11
C5811,35-44,Мужской,Иркутск,2024-01-10
C5812,45-54,Мужской,Казань,2021-10-10
C5813,35-44,Женский,Ижевск,2022-08-15
C5814,55+,Женский,Оренбург,2023-03-12
C5815,18-24,Женский,Саратов,2021-05-24
C5816,25-34,Мужской,Оренбург,2021-10-06
C5817,25-34,Мужской,Красноярск,2024-07-28
C5818,55+,Женский,Нижний Новгород,2022-04-01
C5819,25-34,Женский,Москва,2022-08-27
C5820,18-24,Женский,Ярославль,2024-02-21
C5821,55+,Женский,Уфа,2021-08-08
C5822,25-34,Мужской,Новосибирск,2024-07-10
C5823,18-24,Мужской,Уфа,2022-12-10
C5824,25-34,Женский,Томск,2023-03-26
C5825,18-24,Женский,Волгоград,2024-05-17
C5826,18-24,Женский,Пермь,2023-04-17
C5827,18-24,Женский,Тюмень,2022-05-12
C5828,25-34,Женский,Москва,2021-07-03
C5829,35-44,Мужской,Нижний Новгород,2022-02-15
C5830,55+,Женский,Хабаровск,2024-07-08
C5831,25-34,Женский,Казань,2021-03-02
C5832,35-44,Женский,Тюмень,2023-02-06
C5833,18-24,Мужской,Пермь,2022-10-28
C5834,18-24,Мужской,Оренбург,2022-06-14
C5835,25-34,Мужской,Оренбург,2022-09-18
C5836,35-44,Мужской,Волгоград,2023-05-09
C5837,55+,Мужской,Ростов-на-Дону,2023-02-24
C5838,45-54,Женский,Ижевск,2021-06-30
C5839,25-34,Женский,Краснодар,2024-07-05
C5840,55+,Мужской,Ростов-на-Дону,2023-10-05
C5841,45-54,Женский,Красноярск,2024-02-18
C5842,55+,Женский,Пермь,2024-01-01
C5843,18-24,Мужской,Ярославль,2021-07-27
C5844,35-44,Женский,Волгоград,2024-09-30
C5845,55+,Женский,Москва,2023-11-10
C5846,25-34,Женский,Владивосток,2023-03-05
C5847,45-54,Мужской,Владивосток,2023-03-31
C5848,55+,Мужской,Омск,2021-06-06
C5849,55+,Мужской,Волгоград,2023-04-18
C5850,45-54,Женский,Томск,2022-07-07
C5851,35-44,Женский,Волгоград,2021-06-14
C5852,35-44,Женский,Барнаул,2022-03-02
C5853,25-34,Женский,Кемерово,2021-08-11
C5854,45-54,Женский,Тольятти,2023-09-17
C5855,55+,Мужской,Казань,2022-04-27
C5856,25-34,Женский,Челябинск,2022-09-22
C5857,18-24,Мужской,Оренбург,2023-02-14
C5858,25-34,Мужской,Казань,2021-06-27
C5859,25-34,Мужской,Махачкала,2022-06-02
C5860,35-44,Мужской,Нижний Новгород,2023-01-01
C5861,25-34,Мужской,Москва,2023-03-30
C5862,35-44,Женский,Ростов-на-Дону,2024-08-09
C5863,45-54,Мужской,Екатеринбург,2024-10-05
C5864,35-44,Женский,Челябинск,2024-01-25
C5865,25-34,Женский,Волгоград,2022-05-26
C5866,18-24,Мужской,Самара,2022-09-21
C5867,18-24,Мужской,Владивосток,2022-08-12
C5868,25-34,Мужской,Владивосток,2022-01-02
C5869,35-44,Женский,Омск,2024-04-16
C5870,45-54,Женский,Воронеж,2023-04-10
C5871,25-34,Мужской,Красноярск,2021-07-21
C5872,45-54,Мужской,Нижний Новгород,2021-07-06
C5873,18-24,Мужской,Ростов-на-Дону,2022-02-06
C5874,35-44,Женский,Владивосток,2022-01-17
C5875,18-24,Женский,Иркутск,2023-04-03
C5876,18-24,Женский,Саратов,2023-05-19
C5877,18-24,Мужской,Краснодар,2021-10-19
C5878,18-24,Мужской,Томск,2023-11-01
C5879,25-34,Мужской,Челябинск,2021-12-01
C5880,18-24,Мужской,Екатеринбург,2024-05-02
C5881,25-34,Мужской,Ижевск,2024-05-22
C5882,45-54,Женский,Новосибирск,2022-07-20
C5883,18-24,Женский,Ростов-на-Дону,2023-08-31
C5884,45-54,Женский,Ярославль,2023-10-14
C5885,35-44,Женский,Волгоград,2024-08-28
C5886,25-34,Женский,Хабаровск,2021-08-03
C5887,45-54,Мужской,Оренбург,2021-11-15
C5888,35-44,Мужской,Ульяновск,2024-06-17
C5889,55+,Мужской,Хабаровск,2023-11-06
C5890,25-34,Женский,Ростов-на-Дону,2024-07-26
C5891,25-34,Женский,Томск,2023-01-17
C5892,45-54,Мужской,Новосибирск,2022-02-26
C5893,55+,Женский,Уфа,2023-12-22
C5894,18-24,Женский,Краснодар,2021-12-07
C5895,25-34,Мужской,Махачкала,2023-06-28
C5896,25-34,Женский,Казань,2023-08-17
C5897,25-34,Женский,Самара,2023-08-17
C5898,18-24,Женский,Пермь,2021-02-26
C5899,25-34,Женский,Ярославль,2024-06-14
C5900,25-34,Мужской,Казань,2022-02-20
C5901,35-44,Мужской,Тольятти,2024-07-21
C5902,55+,Женский,Краснодар,2021-09-05
C5903,25-34,Женский,Махачкала,2022-04-10
C5904,18-24,Мужской,Тюмень,2021-08-06
C5905,45-54,Женский,Владивосток,2022-08-11
C5906,25-34,Мужской,Иркутск,2024-01-30
C5907,25-34,Женский,Томск,2023-10-23
C5908,18-24,Женский,Омск,2024-10-02
C5909,45-54,Женский,Ярославль,2021-10-04
C5910,18-24,Женский,Нижний Новгород,2021-11-29
C5911,55+,Женский,Тольятти,2021-03-19
C5912,35-44,Женский,Ульяновск,2023-02-23
C5913,25-34,Мужской,Омск,2023-03-27
C5914,35-44,Женский,Владивосток,2023-06-26
C5915,35-44,Женский,Пермь,2024-06-23
C5916,35-44,Женский,Томск,2023-01-17
C5917,35-44,Мужской,Казань,2021-07-03
C5918,25-34,Мужской,Махачкала,2023-04-13
C5919,45-54,Мужской,Воронеж,2021-05-29
C5920,18-24,Мужской,Челябинск,2022-02-09
C5921,25-34,Мужской,Махачкала,2024-08-21
C5922,25-34,Женский,Владивосток,2021-11-17
C5923,25-34,Женский,Хабаровск,2021-08-19
C5924,35-44,Мужской,Тольятти,2021-10-08
C5925,25-34,Мужской,Саратов,2021-05-16
C5926,18-24,Женский,Кемерово,2021-08-08
C5927,35-44,Женский,Владивосток,2021-06-02
C5928,45-54,Женский,Самара,2021-04-06
C5929,18-24,Женский,Новосибирск,2023-02-12
C5930,25-34,Женский,Владивосток,2024-02-01
C5931,55+,Мужской,Воронеж,2022-05-17
C5932,18-24,Мужской,Ижевск,2022-11-07
C5933,18-24,Женский,Новосибирск,2021-01-07
C5934,25-34,Мужской,Оренбург,2022-07-20
C5935,45-54,Женский,Ярославль,2021-11-15
C5936,25-34,Мужской,Тольятти,2023-05-20
C5937,45-54,Женский,Краснодар,2022-05-21
C5938,25-34,Женский,Ярославль,2021-08-16
C5939,18-24,Мужской,Оренбург,2023-07-09
C5940,45-54,Женский,Екатеринбург,2021-10-02
C5941,18-24,Женский,Тольятти,2023-10-17
C5942,25-34,Женский,Омск,2021-11-13
C5943,25-34,Мужской,Санкт-Петербург,2024-10-07
C5944,45-54,Женский,Самара,2023-02-25
C5945,18-24,Женский,Ростов-на-Дону,2023-06-11
C5946,35-44,Мужской,Красноярск,2022-07-28
C5947,25-34,Женский,Казань,2021-03-17
C5948,25-34,Женский,Москва,2023-08-02
C5949,18-24,Мужской,Волгоград,2021-09-08
C5950,25-34,Мужской,Ярославль,2024-08-28
C5951,25-34,Мужской,Ярославль,2022-04-16
C5952,25-34,Мужской,Челябинск,2021-07-20
C5953,25-34,Женский,Самара,2023-12-22
C5954,18-24,Женский,Волгоград,2022-08-31
C5955,45-54,Мужской,Саратов,2022-10-27
C5956,35-44,Мужской,Воронеж,2021-04-13
C5957,18-24,Женский,Омск,2023-03-19
C5958,35-44,Женский,Казань,2023-07-13
C5959,18-24,Женский,Ростов-на-Дону,2021-04-04
C5960,25-34,Женский,Казань,2021-01-22
C5961,25-34,Мужской,Ульяновск,2022-02-28
C5962,18-24,Мужской,Томск,2022-02-27
C5963,45-54,Женский,Тюмень,2023-04-02
C5964,25-34,Мужской,Красноярск,2024-05-21
C5965,18-24,Мужской,Пермь,2023-10-30
C5966,45-54,Женский,Пермь,2024-10-07
C5967,35-44,Мужской,Саратов,2023-12-08
C5968,55+,Женский,Самара,2021-12-28
C5969,18-24,Женский,Красноярск,2022-04-27
C5970,25-34,Женский,Москва,2023-12-11
C5971,45-54,Женский,Казань,2023-08-30
C5972,18-24,Женский,Новосибирск,2022-11-02
C5973,25-34,Женский,Омск,2021-01-19
C5974,25-34,Мужской,Хабаровск,2022-10-21
C5975,25-34,Женский,Краснодар,2023-10-22
C5976,25-34,Женский,Иркутск,2022-11-26
C5977,25-34,Женский,Томск,2021-06-07
C5978,25-34,Мужской,Самара,2023-12-16
C5979,25-34,Мужской,Краснодар,2022-03-07
C5980,45-54,Мужской,Казань,2023-07-22
C5981,35-44,Женский,Иркутск,2021-12-27
C5982,18-24,Мужской,Краснодар,2021-07-31
C5983,18-24,Женский,Волгоград,2023-01-30
C5984,35-44,Женский,Ижевск,2021-09-05
C5985,55+,Женский,Нижний Новгород,2021-04-28
C5986,35-44,Женский,Оренбург,2024-01-18
C5987,25-34,Женский,Махачкала,2024-02-06
C5988,25-34,Женский,Санкт-Петербург,2023-02-07
C5989,18-24,Женский,Пермь,2024-03-30
C5990,18-24,Женский,Владивосток,2022-01-02
C5991,18-24,Мужской,Хабаровск,2023-04-27
C5992,55+,Мужской,Владивосток,2024-01-31
C5993,18-24,Мужской,Оренбург,2022-06-30
C5994,18-24,Женский,Краснодар,2021-06-08
C5995,18-24,Женский,Томск,2021-05-27
C5996,25-34,Мужской,Ярославль,2021-02-09
C5997,45-54,Мужской,Новосибирск,2023-03-31
C5998,45-54,Женский,Ярославль,2021-03-22
C5999,45-54,Мужской,Санкт-Петербург,2022-08-20
C6000,25-34,Женский,Пермь,2023-07-29
C6001,18-24,Мужской,Воронеж,2024-03-28
C6002,18-24,Женский,Владивосток,2023-06-22
C6003,18-24,Женский,Волгоград,2023-06-07
C6004,55+,Мужской,Москва,2024-01-11
C6005,18-24,Женский,Хабаровск,2023-03-26
C6006,35-44,Женский,Санкт-Петербург,2021-11-17
C6007,45-54,Женский,Ижевск,2024-02-01
C6008,25-34,Мужской,Самара,2024-05-23
C6009,18-24,Женский,Нижний Новгород,2023-10-08
C6010,18-24,Мужской,Нижний Новгород,2024-03-18
C6011,18-24,Женский,Красноярск,2024-08-28
C6012,18-24,Мужской,Тольятти,2023-05-30
C6013,18-24,Мужской,Иркутск,2023-05-10
C6014,25-34,Мужской,Махачкала,2021-12-18
C6015,25-34,Женский,Барнаул,2022-09-15
C6016,25-34,Женский,Краснодар,2022-06-27
C6017,35-44,Мужской,Красноярск,2021-02-17
C6018,25-34,Женский,Томск,2024-01-24
C6019,25-34,Мужской,Пермь,2023-10-12
C6020,55+,Мужской,Томск,2021-02-14
C6021,18-24,Женский,Ульяновск,2021-07-31
C6022,25-34,Мужской,Нижний Новгород,2024-05-03
C6023,18-24,Женский,Новосибирск,2023-01-31
C6024,35-44,Мужской,Оренбург,2022-05-03
C6025,35-44,Женский,Тюмень,2024-03-18
C6026,45-54,Женский,Нижний Новгород,2021-11-18
C6027,25-34,Женский,Челябинск,2021-12-21
C6028,18-24,Женский,Красноярск,2021-05-18
C6029,18-24,Мужской,Оренбург,2024-08-28
C6030,45-54,Женский,Санкт-Петербург,2021-08-21
C6031,35-44,Мужской,Уфа,2022-08-04
C6032,25-34,Мужской,Оренбург,2021-03-10
C6033,18-24,Женский,Саратов,2024-02-10
C6034,45-54,Женский,Владивосток,2022-03-03
C6035,35-44,Мужской,Самара,2022-01-30
C6036,45-54,Женский,Самара,2023-03-19
C6037,45-54,Женский,Казань,2021-01-15
C6038,45-54,Женский,Тольятти,2024-01-08
C6039,55+,Женский,Казань,2022-07-06
C6040,35-44,Женский,Оренбург,2024-04-02
C6041,18-24,Мужской,Ярославль,2024-05-10
C6042,25-34,Мужской,Ижевск,2024-05-16
C6043,35-44,Мужской,Екатеринбург,2021-10-20
C6044,18-24,Женский,Челябинск,2021-06-04
C6045,25-34,Женский,Красноярск,2022-07-24
C6046,18-24,Мужской,Воронеж,2022-01-09
C6047,25-34,Мужской,Барнаул,2021-07-10
C6048,25-34,Мужской,Уфа,2024-06-28
C6049,55+,Женский,Казань,2022-01-06
C6050,25-34,Женский,Самара,2021-07-24
C6051,25-34,Женский,Воронеж,2021-09-20
C6052,45-54,Мужской,Омск,2023-08-28
C6053,25-34,Мужской,Саратов,2024-07-13
C6054,45-54,Женский,Екатеринбург,2021-10-18
C6055,35-44,Мужской,Пермь,2021-09-04
C6056,25-34,Мужской,Москва,2021-01-10
C6057,25-34,Женский,Хабаровск,2023-12-28
C6058,45-54,Женский,Казань,2022-07-08
C6059,18-24,Женский,Екатеринбург,2021-05-09
C6060,25-34,Женский,Уфа,2022-12-28
C6061,18-24,Женский,Челябинск,2021-10-13
C6062,18-24,Мужской,Ростов-на-Дону,2022-05-02
C6063,35-44,Женский,Томск,2023-06-24
C6064,25-34,Женский,Барнаул,2021-10-14
C6065,25-34,Женский,Казань,2023-02-06
C6066,35-44,Женский,Казань,2021-11-11
C6067,55+,Женский,Самара,2022-06-05
C6068,35-44,Мужской,Иркутск,2024-01-11
C6069,35-44,Женский,Хабаровск,2021-01-16
C6070,25-34,Женский,Краснодар,2021-03-26
C6071,25-34,Мужской,Махачкала,2024-03-22
C6072,18-24,Женский,Самара,2021-12-15
C6073,25-34,Мужской,Пермь,2022-12-27
C6074,18-24,Мужской,Санкт-Петербург,2021-12-06
C6075,25-34,Мужской,Ульяновск,2022-08-17
C6076,55+,Женский,Оренбург,2023-12-01
C6077,25-34,Женский,Владивосток,2023-01-06
C6078,35-44,Женский,Махачкала,2024-01-14
C6079,18-24,Мужской,Иркутск,2023-06-15
C6080,35-44,Женский,Воронеж,2021-12-19
C6081,18-24,Женский,Воронеж,2023-09-15
C6082,18-24,Женский,Нижний Новгород,2023-01-13
C6083,25-34,Женский,Ярославль,2024-07-29
C6084,45-54,Мужской,Новосибирск,2024-04-14
C6085,25-34,Женский,Нижний Новгород,2022-01-11
C6086,45-54,Женский,Екатеринбург,2023-12-29
C6087,18-24,Мужской,Ульяновск,2024-07-25
C6088,25-34,Мужской,Ростов-на-Дону,2023-07-05
C6089,18-24,Женский,Тольятти,2022-05-31
C6090,45-54,Мужской,Новосибирск,2021-12-14
C6091,35-44,Женский,Омск,2021-06-28
C6092,25-34,Женский,Ижевск,2021-01-24
C6093,35-44,Женский,Барнаул,2023-05-06
C6094,25-34,Мужской,Волгоград,2021-03-23
C6095,18-24,Женский,Омск,2022-12-03
C6096,45-54,Женский,Тольятти,2023-01-10
C6097,25-34,Женский,Краснодар,2022-08-07
C6098,35-44,Женский,Самара,2024-06-12
C6099,18-24,Мужской,Новосибирск,2024-03-23
C6100,18-24,Женский,Челябинск,2024-01-09
C6101,35-44,Женский,Ростов-на-Дону,2023-08-08
C6102,18-24,Мужской,Самара,2023-02-22
C6103,45-54,Мужской,Пермь,2021-02-13
C6104,45-54,Женский,Краснодар,2024-09-11
C6105,18-24,Женский,Воронеж,2021-08-16
C6106,45-54,Мужской,Махачкала,2021-04-23
C6107,25-34,Женский,Казань,2023-03-12
C6108,25-34,Мужской,Иркутск,2022-12-26
C6109,18-24,Женский,Самара,2023-08-07
C6110,18-24,Женский,Новосибирск,2023-06-30
C6111,45-54,Мужской,Томск,2022-04-02
C6112,35-44,Женский,Томск,2022-02-10
C6113,35-44,Женский,Барнаул,2024-06-18
C6114,25-34,Мужской,Пермь,2022-09-06
C6115,18-24,Женский,Екатеринбург,2023-03-08
C6116,25-34,Мужской,Ростов-на-Дону,2021-08-27
C6117,45-54,Женский,Нижний Новгород,2023-08-09
C6118,25-34,Мужской,Саратов,2023-01-12
C6119,25-34,Женский,Кемерово,2021-03-06
C6120,25-34,Мужской,Владивосток,2022-05-30
C6121,35-44,Женский,Санкт-Петербург,2022-07-23
C6122,45-54,Мужской,Краснодар,2022-11-03
C6123,45-54,Женский,Тюмень,2023-06-23
C6124,18-24,Женский,Томск,2023-10-10
C6125,35-44,Женский,Нижний Новгород,2022-09-06
C6126,35-44,Женский,Нижний Новгород,2022-08-11
C6127,25-34,Женский,Омск,2022-07-02
C6128,18-24,Женский,Самара,2022-07-05
C6129,25-34,Мужской,Владивосток,2022-02-07
C6130,25-34,Женский,Омск,2023-07-08
C6131,25-34,Мужской,Нижний Новгород,2023-01-06
C6132,45-54,Мужской,Красноярск,2022-04-07
C6133,25-34,Мужской,Пермь,2024-02-20
C6134,25-34,Женский,Волгоград,2021-12-21
C6135,18-24,Женский,Иркутск,2022-06-30
C6136,18-24,Женский,Москва,2024-05-04
C6137,25-34,Женский,Уфа,2024-07-05
C6138,45-54,Женский,Омск,2021-12-24
C6139,18-24,Мужской,Самара,2022-10-20
C6140,35-44,Женский,Махачкала,2021-03-08
C6141,25-34,Женский,Тюмень,2021-06-09
C6142,25-34,Женский,Ростов-на-Дону,2023-09-28
C6143,45-54,Мужской,Хабаровск,2021-07-12
C6144,25-34,Женский,Кемерово,2023-12-07
C6145,25-34,Женский,Санкт-Петербург,2023-03-23
C6146,35-44,Женский,Ярославль,2023-07-14
C6147,45-54,Мужской,Красноярск,2023-05-02
C6148,25-34,Женский,Волгоград,2021-09-27
C6149,35-44,Женский,Самара,2023-04-08
C6150,25-34,Мужской,Владивосток,2021-05-18
C6151,25-34,Женский,Иркутск,2021-06-28
C6152,25-34,Мужской,Хабаровск,2024-06-01
C6153,25-34,Мужской,Казань,2023-07-17
C6154,25-34,Мужской,Тольятти,2021-08-14
C6155,18-24,Женский,Уфа,2021-03-25
C6156,35-44,Мужской,Махачкала,2024-02-26
C6157,25-34,Женский,Самара,2023-01-15
C6158,25-34,Мужской,Санкт-Петербург,2022-11-23
C6159,45-54,Женский,Самара,2023-06-29
C6160,25-34,Женский,Саратов,2022-05-19
C6161,18-24,Женский,Барнаул,2023-06-21
C6162,35-44,Женский,Воронеж,2023-08-23
C6163,35-44,Мужской,Екатеринбург,2024-01-28
C6164,45-54,Женский,Нижний Новгород,2023-05-12
C6165,25-34,Мужской,Кемерово,2024-03-22
C6166,35-44,Мужской,Ижевск,2021-02-03
C6167,35-44,Женский,Барнаул,2023-11-05
C6168,25-34,Женский,Ярославль,2022-11-06
C6169,35-44,Мужской,Санкт-Петербург,2023-03-05
C6170,25-34,Женский,Пермь,2022-02-23
C6171,25-34,Мужской,Иркутск,2023-11-21
C6172,35-44,Мужской,Саратов,2023-09-14
C6173,55+,Женский,Томск,2022-10-07
C6174,35-44,Мужской,Томск,2021-02-14
C6175,45-54,Мужской,Тольятти,2021-10-10
C6176,18-24,Женский,Волгоград,2021-05-01
C6177,25-34,Мужской,Пермь,2021-06-09
C6178,25-34,Женский,Хабаровск,2023-06-26
C6179,18-24,Женский,Нижний Новгород,2021-05-06
C6180,35-44,Женский,Нижний Новгород,2024-03-29
C6181,45-54,Мужской,Оренбург,2021-01-31
C6182,25-34,Мужской,Тольятти,2024-04-05
C6183,18-24,Мужской,Махачкала,2024-06-14
C6184,18-24,Мужской,Махачкала,2024-01-04
C6185,45-54,Женский,Тюмень,2021-11-12
C6186,25-34,Женский,Оренбург,2022-02-22
C6187,35-44,Женский,Новосибирск,2023-07-27
C6188,35-44,Мужской,Тюмень,2023-05-17
C6189,45-54,Женский,Омск,2021-12-18
C6190,25-34,Женский,Москва,2022-02-27
C6191,35-44,Женский,Ульяновск,2024-09-23
C6192,18-24,Мужской,Ульяновск,2022-05-02
C6193,55+,Женский,Барнаул,2024-05-16
C6194,35-44,Женский,Красноярск,2024-03-04
C6195,35-44,Женский,Москва,2023-02-19
C6196,25-34,Женский,Уфа,2024-01-09
C6197,25-34,Женский,Омск,2024-05-28
C6198,25-34,Мужской,Омск,2022-04-21
C6199,25-34,Женский,Ярославль,2022-07-24
C6200,35-44,Женский,Санкт-Петербург,2021-10-28
C6201,35-44,Мужской,Махачкала,2021-06-04
C6202,25-34,Женский,Пермь,2023-08-24
C6203,25-34,Мужской,Воронеж,2024-07-22
C6204,25-34,Мужской,Ульяновск,2022-03-31
C6205,35-44,Женский,Барнаул,2023-12-17
C6206,25-34,Мужской,Оренбург,2021-04-17
C6207,18-24,Мужской,Омск,2024-04-04
C6208,45-54,Мужской,Оренбург,2024-09-01
C6209,25-34,Женский,Челябинск,2023-07-09
C6210,35-44,Женский,Санкт-Петербург,2024-05-11
C6211,55+,Женский,Ростов-на-Дону,2021-03-29
C6212,25-34,Женский,Москва,2023-11-17
C6213,35-44,Женский,Барнаул,2021-05-15
C6214,25-34,Женский,Саратов,2021-12-06
C6215,35-44,Женский,Нижний Новгород,2024-08-26
C6216,45-54,Женский,Ростов-на-Дону,2023-12-15
C6217,25-34,Мужской,Ульяновск,2021-02-09
C6218,25-34,Женский,Ульяновск,2024-04-01
C6219,55+,Мужской,Нижний Новгород,2024-08-06
C6220,35-44,Мужской,Новосибирск,2021-06-04
C6221,25-34,Женский,Кемерово,2024-04-28
C6222,35-44,Мужской,Оренбург,2023-02-28
C6223,45-54,Женский,Краснодар,2023-04-12
C6224,25-34,Женский,Санкт-Петербург,2023-12-23
C6225,18-24,Женский,Ижевск,2021-09-03
C6226,25-34,Мужской,Владивосток,2021-12-25
C6227,55+,Женский,Ульяновск,2022-06-26
C6228,25-34,Женский,Владивосток,2024-05-03
C6229,25-34,Мужской,Барнаул,2022-06-03
C6230,25-34,Женский,Махачкала,2023-09-20
C6231,45-54,Женский,Москва,2022-08-28
C6232,45-54,Мужской,Казань,2022-09-03
C6233,18-24,Мужской,Челябинск,2023-04-16
C6234,25-34,Женский,Кемерово,2021-11-16
C6235,55+,Женский,Самара,2021-01-19
C6236,18-24,Мужской,Тольятти,2023-07-14
C6237,25-34,Мужской,Иркутск,2021-05-01
C6238,18-24,Женский,Ярославль,2023-07-09
C6239,18-24,Мужской,Ростов-на-Дону,2022-05-12
C6240,25-34,Женский,Ярославль,2022-09-24
C6241,18-24,Женский,Иркутск,2023-05-21
C6242,25-34,Мужской,Иркутск,2023-12-28
C6243,45-54,Мужской,Ярославль,2022-07-25
C6244,35-44,Мужской,Томск,2023-03-31
C6245,45-54,Женский,Оренбург,2023-11-11
C6246,25-34,Женский,Томск,2024-03-13
C6247,25-34,Женский,Саратов,2023-01-27
C6248,25-34,Мужской,Пермь,2021-11-08
C6249,55+,Мужской,Самара,2023-05-27
C6250,18-24,Женский,Волгоград,2024-05-22
C6251,35-44,Мужской,Пермь,2022-08-05
C6252,25-34,Женский,Тольятти,2022-09-28
C6253,25-34,Женский,Кемерово,2024-09-27
C6254,45-54,Женский,Санкт-Петербург,2022-06-10
C6255,18-24,Женский,Нижний Новгород,2021-12-06
C6256,55+,Женский,Казань,2021-01-23
C6257,25-34,Женский,Волгоград,2024-03-11
C6258,25-34,Женский,Оренбург,2022-12-08
C6259,25-34,Мужской,Кемерово,2024-05-15
C6260,35-44,Женский,Кемерово,2024-05-20
C6261,35-44,Мужской,Самара,2022-03-18
C6262,25-34,Женский,Краснодар,2023-03-30
C6263,25-34,Женский,Краснодар,2023-07-13
C6264,35-44,Женский,Ярославль,2023-06-08
C6265,18-24,Женский,Омск,2023-12-12
C6266,18-24,Женский,Томск,2022-05-31
C6267,45-54,Мужской,Екатеринбург,2022-11-02
C6268,18-24,Женский,Челябинск,2024-05-12
C6269,18-24,Мужской,Воронеж,2021-01-21
C6270,18-24,Мужской,Ростов-на-Дону,2022-09-02
C6271,18-24,Мужской,Иркутск,2023-08-14
C6272,45-54,Женский,Ижевск,2021-05-18
C6273,55+,Женский,Барнаул,2024-09-16
C6274,18-24,Женский,Ростов-на-Дону,2024-03-01
C6275,18-24,Женский,Москва,2022-02-23
C6276,25-34,Женский,Уфа,2021-11-08
C6277,45-54,Мужской,Краснодар,2021-09-29
C6278,18-24,Женский,Пермь,2024-08-12
C6279,25-34,Мужской,Ростов-на-Дону,2021-11-24
C6280,35-44,Мужской,Иркутск,2021-10-05
C6281,25-34,Женский,Ижевск,2024-08-22
C6282,18-24,Женский,Самара,2022-11-21
C6283,45-54,Женский,Кемерово,2023-09-20
C6284,55+,Женский,Владивосток,2021-07-29
C6285,35-44,Женский,Оренбург,2024-06-24
C6286,25-34,Мужской,Тольятти,2024-01-22
C6287,45-54,Мужской,Санкт-Петербург,2024-08-22
C6288,55+,Женский,Тюмень,2021-09-27
C6289,45-54,Женский,Ульяновск,2023-01-17
C6290,18-24,Мужской,Волгоград,2024-06-14
C6291,25-34,Женский,Саратов,2023-06-01
C6292,25-34,Мужской,Казань,2024-08-27
C6293,45-54,Мужской,Ярославль,2022-08-18
C6294,45-54,Женский,Самара,2022-09-22
C6295,25-34,Женский,Нижний Новгород,2022-10-14
C6296,18-24,Женский,Челябинск,2023-09-15
C6297,35-44,Женский,Воронеж,2021-07-18
C6298,18-24,Женский,Краснодар,2022-02-07
C6299,35-44,Женский,Красноярск,2021-05-08
C6300,18-24,Женский,Тольятти,2024-09-20
C6301,18-24,Женский,Иркутск,2022-11-15
C6302,45-54,Мужской,Тольятти,2024-05-08
C6303,35-44,Женский,Саратов,2023-09-19
C6304,18-24,Женский,Челябинск,2022-09-03
C6305,35-44,Мужской,Томск,2022-09-28
C6306,25-34,Женский,Тюмень,2024-06-01
C6307,18-24,Женский,Пермь,2021-02-22
C6308,25-34,Мужской,Пермь,2021-09-21
C6309,35-44,Женский,Новосибирск,2021-01-11
C6310,35-44,Женский,Уфа,2021-06-06
C6311,35-44,Женский,Владивосток,2023-08-24
C6312,35-44,Мужской,Иркутск,2024-02-16
C6313,45-54,Мужской,Новосибирск,2023-09-17
C6314,35-44,Мужской,Нижний Новгород,2024-01-08
C6315,25-34,Женский,Красноярск,2023-02-25
C6316,18-24,Женский,Ижевск,2021-05-31
C6317,25-34,Женский,Москва,2022-12-07
C6318,25-34,Мужской,Хабаровск,2021-07-15
C6319,25-34,Мужской,Омск,2022-07-10
C6320,35-44,Женский,Ульяновск,2023-01-20
C6321,18-24,Мужской,Кемерово,2023-03-27
C6322,18-24,Женский,Краснодар,2021-01-06
C6323,18-24,Женский,Самара,2021-01-26
C6324,35-44,Женский,Ростов-на-Дону,2021-08-29
C6325,25-34,Мужской,Ярославль,2022-05-25
C6326,35-44,Мужской,Тюмень,2021-11-03
C6327,18-24,Мужской,Москва,2024-10-26
C6328,18-24,Женский,Ярославль,2021-11-25
C6329,35-44,Мужской,Санкт-Петербург,2022-05-04
C6330,25-34,Мужской,Тюмень,2024-02-10
C6331,25-34,Мужской,Барнаул,2021-02-13
C6332,35-44,Женский,Москва,2021-11-07
C6333,25-34,Женский,Иркутск,2022-11-24
C6334,18-24,Мужской,Ростов-на-Дону,2023-06-15
C6335,35-44,Женский,Челябинск,2022-04-30
C6336,25-34,Женский,Челябинск,2021-04-24
C6337,45-54,Женский,Волгоград,2022-09-07
C6338,25-34,Женский,Кемерово,2023-11-05
C6339,45-54,Мужской,Махачкала,2023-06-04
C6340,25-34,Женский,Ижевск,2024-02-18
C6341,25-34,Мужской,Ижевск,2021-12-11
C6342,18-24,Мужской,Екатеринбург,2024-05-12
C6343,35-44,Женский,Махачкала,2024-07-12
C6344,45-54,Женский,Самара,2021-06-11
C6345,18-24,Мужской,Кемерово,2021-10-25
C6346,45-54,Женский,Екатеринбург,2022-11-18
C6347,25-34,Женский,Тюмень,2021-04-07
C6348,25-34,Мужской,Самара,2022-01-17
C6349,35-44,Женский,Барнаул,2023-04-06
C6350,18-24,Мужской,Владивосток,2024-11-01
C6351,35-44,Женский,Москва,2022-10-05
C6352,18-24,Мужской,Ульяновск,2021-01-15
C6353,25-34,Мужской,Красноярск,2022-07-25
C6354,25-34,Мужской,Владивосток,2021-04-27
C6355,45-54,Мужской,Ульяновск,2021-10-09
C6356,45-54,Мужской,Новосибирск,2023-06-28
C6357,35-44,Женский,Хабаровск,2021-05-31
C6358,45-54,Женский,Хабаровск,2022-05-15
C6359,25-34,Женский,Владивосток,2023-09-23
C6360,45-54,Мужской,Казань,2023-04-15
C6361,18-24,Женский,Ярославль,2024-03-26
C6362,25-34,Женский,Самара,2021-01-28
C6363,18-24,Женский,Хабаровск,2023-12-31
C6364,25-34,Женский,Краснодар,2024-02-12
C6365,45-54,Женский,Кемерово,2023-03-07
C6366,25-34,Женский,Кемерово,2021-04-17
C6367,25-34,Женский,Воронеж,2022-05-04
C6368,25-34,Женский,Санкт-Петербург,2021-09-22
C6369,35-44,Мужской,Новосибирск,2024-08-18
C6370,35-44,Женский,Москва,2024-07-01
C6371,25-34,Женский,Томск,2022-03-20
C6372,25-34,Женский,Нижний Новгород,2021-05-01
C6373,45-54,Женский,Москва,2021-10-21
C6374,25-34,Женский,Омск,2022-11-26
C6375,18-24,Женский,Волгоград,2023-01-30
C6376,25-34,Мужской,Красноярск,2022-04-19
C6377,45-54,Женский,Махачкала,2022-01-18
C6378,55+,Женский,Ижевск,2023-12-29
C6379,25-34,Женский,Волгоград,2022-12-16
C6380,45-54,Мужской,Кемерово,2022-08-28
C6381,35-44,Женский,Омск,2024-07-14
C6382,25-34,Женский,Уфа,2022-08-09
C6383,35-44,Мужской,Ростов-на-Дону,2022-08-08
C6384,45-54,Женский,Новосибирск,2021-09-12
C6385,25-34,Мужской,Екатеринбург,2024-01-28
C6386,25-34,Женский,Красноярск,2023-12-21
C6387,18-24,Мужской,Томск,2022-08-03
C6388,35-44,Женский,Воронеж,2021-11-18
C6389,45-54,Женский,Ульяновск,2023-01-30
C6390,18-24,Женский,Краснодар,2021-04-18
C6391,25-34,Женский,Москва,2022-04-26
C6392,55+,Женский,Владивосток,2023-05-11
C6393,45-54,Женский,Пермь,2021-03-04
C6394,25-34,Женский,Томск,2024-08-04
C6395,18-24,Женский,Кемерово,2023-04-12
C6396,18-24,Женский,Владивосток,2021-05-09
C6397,25-34,Женский,Новосибирск,2023-02-06
C6398,55+,Мужской,Новосибирск,2023-06-23
C6399,18-24,Мужской,Новосибирск,2023-05-17
C6400,25-34,Женский,Пермь,2021-04-21
C6401,25-34,Женский,Санкт-Петербург,2023-02-04
C6402,18-24,Женский,Новосибирск,2022-03-05
C6403,18-24,Женский,Волгоград,2024-03-07
C6404,25-34,Мужской,Омск,2023-01-19
C6405,18-24,Мужской,Уфа,2023-08-16
C6406,25-34,Женский,Волгоград,2021-09-10
C6407,25-34,Мужской,Ярославль,2024-08-09
C6408,45-54,Мужской,Тюмень,2023-03-26
C6409,25-34,Мужской,Ростов-на-Дону,2023-04-09
C6410,25-34,Женский,Воронеж,2021-09-10
C6411,25-34,Женский,Уфа,2024-05-28
C6412,25-34,Мужской,Тюмень,2023-08-01
C6413,25-34,Мужской,Красноярск,2023-08-18
C6414,18-24,Женский,Самара,2023-09-07
C6415,45-54,Мужской,Новосибирск,2024-01-16
C6416,25-34,Мужской,Владивосток,2024-08-08
C6417,18-24,Женский,Москва,2024-05-20
C6418,25-34,Женский,Челябинск,2022-01-24
C6419,45-54,Женский,Иркутск,2024-05-21
C6420,35-44,Женский,Ульяновск,2021-09-30
C6421,18-24,Мужской,Воронеж,2022-08-16
C6422,25-34,Женский,Тюмень,2021-10-01
C6423,25-34,Мужской,Махачкала,2023-03-20
C6424,45-54,Мужской,Волгоград,2023-02-10
C6425,35-44,Женский,Нижний Новгород,2022-06-13
C6426,18-24,Женский,Самара,2024-06-27
C6427,45-54,Женский,Хабаровск,2024-01-01
C6428,45-54,Мужской,Санкт-Петербург,2021-10-07
C6429,18-24,Женский,Тольятти,2021-07-12
C6430,25-34,Мужской,Новосибирск,2023-05-17
C6431,35-44,Женский,Владивосток,2021-12-25
C6432,25-34,Женский,Челябинск,2022-09-01
C6433,25-34,Женский,Тольятти,2023-12-12
C6434,18-24,Женский,Владивосток,2024-10-09
C6435,25-34,Мужской,Томск,2021-06-22
C6436,25-34,Женский,Уфа,2021-09-17
C6437,45-54,Женский,Кемерово,2023-06-26
C6438,25-34,Женский,Ижевск,2024-06-28
C6439,18-24,Женский,Самара,2021-09-12
C6440,18-24,Мужской,Воронеж,2022-08-06
C6441,55+,Женский,Казань,2022-01-13
C6442,35-44,Женский,Барнаул,2021-11-05
C6443,45-54,Женский,Волгоград,2023-08-15
C6444,18-24,Мужской,Пермь,2023-11-03
C6445,35-44,Женский,Воронеж,2023-04-03
C6446,45-54,Мужской,Москва,2023-06-27
C6447,18-24,Женский,Санкт-Петербург,2022-05-03
C6448,25-34,Женский,Ижевск,2022-10-04
C6449,18-24,Женский,Ростов-на-Дону,2021-10-05
C6450,35-44,Женский,Махачкала,2021-03-18
C6451,35-44,Мужской,Ростов-на-Дону,2021-04-20
C6452,18-24,Женский,Москва,2024-10-15
C6453,35-44,Женский,Владивосток,2023-01-22
C6454,25-34,Женский,Пермь,2021-10-10
C6455,25-34,Мужской,Махачкала,2023-05-31
C6456,45-54,Женский,Санкт-Петербург,2022-05-17
C6457,35-44,Женский,Саратов,2024-09-18
C6458,55+,Мужской,Владивосток,2023-04-07
C6459,45-54,Мужской,Пермь,2021-05-26
C6460,25-34,Женский,Уфа,2024-05-03
C6461,25-34,Женский,Екатеринбург,2023-12-07
C6462,45-54,Мужской,Иркутск,2024-03-14
C6463,35-44,Мужской,Махачкала,2024-01-15
C6464,35-44,Мужской,Ижевск,2021-06-08
C6465,25-34,Мужской,Саратов,2023-05-26
C6466,18-24,Мужской,Оренбург,2022-10-08
C6467,45-54,Женский,Ростов-на-Дону,2024-05-08
C6468,35-44,Мужской,Казань,2023-05-04
C6469,35-44,Женский,Челябинск,2021-09-19
C6470,18-24,Женский,Тольятти,2022-06-11
C6471,45-54,Женский,Екатеринбург,2021-11-18
C6472,35-44,Женский,Кемерово,2023-12-29
C6473,45-54,Женский,Томск,2021-08-02
C6474,25-34,Женский,Кемерово,2022-11-27
C6475,18-24,Женский,Иркутск,2021-05-30
C6476,18-24,Женский,Хабаровск,2021-12-01
C6477,18-24,Женский,Тольятти,2023-12-24
C6478,35-44,Женский,Краснодар,2022-09-07
C6479,18-24,Мужской,Барнаул,2021-11-27
C6480,25-34,Мужской,Хабаровск,2023-10-30
C6481,35-44,Женский,Саратов,2023-10-24
C6482,25-34,Мужской,Казань,2022-02-24
C6483,25-34,Мужской,Барнаул,2023-09-17
C6484,18-24,Мужской,Томск,2022-08-18
C6485,18-24,Женский,Воронеж,2021-06-07
C6486,55+,Женский,Хабаровск,2022-06-08
C6487,25-34,Женский,Ростов-на-Дону,2023-08-16
C6488,35-44,Женский,Тюмень,2022-07-10
C6489,25-34,Мужской,Уфа,2023-11-22
C6490,25-34,Женский,Омск,2024-03-07
C6491,35-44,Женский,Оренбург,2024-10-21
C6492,25-34,Мужской,Томск,2024-06-25
C6493,45-54,Женский,Челябинск,2023-03-20
C6494,45-54,Женский,Тюмень,2021-05-02
C6495,25-34,Женский,Новосибирск,2023-02-26
C6496,25-34,Женский,Пермь,2022-10-23
C6497,25-34,Женский,Волгоград,2023-11-04
C6498,25-34,Женский,Краснодар,2024-09-24
C6499,45-54,Мужской,Уфа,2022-11-03
C6500,35-44,Женский,Краснодар,2022-12-23
C6501,18-24,Мужской,Омск,2023-08-22
C6502,25-34,Женский,Санкт-Петербург,2023-03-03
C6503,25-34,Женский,Владивосток,2023-04-30
C6504,45-54,Мужской,Ростов-на-Дону,2024-10-31
C6505,18-24,Женский,Воронеж,2022-12-24
C6506,25-34,Женский,Нижний Новгород,2022-06-10
C6507,45-54,Женский,Ярославль,2023-11-16
C6508,25-34,Женский,Ростов-на-Дону,2021-01-11
C6509,18-24,Мужской,Челябинск,2022-02-17
C6510,25-34,Мужской,Пермь,2021-02-04
C6511,25-34,Женский,Уфа,2023-08-21
C6512,45-54,Мужской,Волгоград,2021-02-10
C6513,55+,Женский,Санкт-Петербург,2024-06-28
C6514,25-34,Мужской,Казань,2022-03-11
C6515,25-34,Женский,Нижний Новгород,2021-04-03
C6516,35-44,Женский,Санкт-Петербург,2024-01-13
C6517,35-44,Женский,Москва,2024-05-31
C6518,35-44,Женский,Новосибирск,2022-03-12
C6519,25-34,Женский,Тольятти,2023-06-07
C6520,35-44,Мужской,Краснодар,2024-05-06
C6521,25-34,Мужской,Махачкала,2024-03-25
C6522,45-54,Женский,Омск,2022-11-21
C6523,55+,Женский,Екатеринбург,2022-03-06
C6524,25-34,Женский,Саратов,2021-01-27
C6525,25-34,Мужской,Волгоград,2022-02-24
C6526,25-34,Мужской,Ярославль,2023-10-05
C6527,25-34,Женский,Москва,2024-03-19
C6528,25-34,Мужской,Самара,2024-03-19
C6529,25-34,Женский,Уфа,2024-04-12
C6530,45-54,Мужской,Санкт-Петербург,2021-10-15
C6531,35-44,Женский,Нижний Новгород,2024-06-17
C6532,25-34,Женский,Томск,2021-04-01
C6533,45-54,Мужской,Красноярск,2023-12-23
C6534,35-44,Мужской,Уфа,2023-12-03
C6535,25-34,Мужской,Москва,2023-08-18
C6536,18-24,Женский,Санкт-Петербург,2022-04-11
C6537,18-24,Мужской,Ульяновск,2023-07-31
C6538,25-34,Женский,Волгоград,2023-01-13
C6539,35-44,Мужской,Екатеринбург,2024-09-06
C6540,25-34,Женский,Пермь,2022-07-02
C6541,55+,Мужской,Хабаровск,2021-11-22
C6542,18-24,Женский,Ярославль,2021-09-22
C6543,45-54,Женский,Барнаул,2023-12-01
C6544,45-54,Мужской,Владивосток,2022-07-21
C6545,18-24,Женский,Самара,2024-08-17
C6546,35-44,Женский,Оренбург,2023-05-30
C6547,18-24,Мужской,Хабаровск,2024-01-29
C6548,25-34,Мужской,Омск,2021-12-06
C6549,25-34,Мужской,Ростов-на-Дону,2023-11-24
C6550,18-24,Мужской,Волгоград,2022-01-30
C6551,35-44,Женский,Нижний Новгород,2024-04-24
C6552,18-24,Мужской,Кемерово,2024-10-27
C6553,18-24,Женский,Владивосток,2023-12-21
C6554,45-54,Мужской,Новосибирск,2023-08-18
C6555,25-34,Женский,Ярославль,2021-10-28
C6556,45-54,Мужской,Махачкала,2022-11-28
C6557,25-34,Женский,Тюмень,2024-04-30
C6558,45-54,Мужской,Кемерово,2021-11-09
C6559,18-24,Женский,Казань,2022-03-27
C6560,35-44,Женский,Ижевск,2023-10-27
C6561,45-54,Женский,Казань,2021-12-17
C6562,18-24,Мужской,Тольятти,2021-04-26
C6563,18-24,Мужской,Ярославль,2023-05-28
C6564,25-34,Женский,Владивосток,2024-01-16
C6565,35-44,Женский,Ульяновск,2024-02-05
C6566,25-34,Женский,Волгоград,2024-04-04
C6567,25-34,Женский,Барнаул,2023-07-01
C6568,25-34,Женский,Челябинск,2024-04-30
C6569,25-34,Мужской,Оренбург,2024-01-21
C6570,25-34,Мужской,Махачкала,2023-07-16
C6571,35-44,Женский,Новосибирск,2022-12-24
C6572,25-34,Женский,Ижевск,2021-04-29
C6573,25-34,Женский,Саратов,2024-05-31
C6574,35-44,Мужской,Нижний Новгород,2023-04-10
C6575,45-54,Женский,Омск,2024-02-02
C6576,25-34,Женский,Саратов,2021-02-16
C6577,45-54,Мужской,Ульяновск,2023-09-08
C6578,25-34,Женский,Тольятти,2023-03-29
C6579,35-44,Женский,Кемерово,2024-07-17
C6580,35-44,Женский,Барнаул,2022-11-15
C6581,35-44,Женский,Владивосток,2024-01-25
C6582,18-24,Мужской,Барнаул,2024-01-11
C6583,25-34,Женский,Барнаул,2021-07-21
C6584,25-34,Женский,Владивосток,2021-02-24
C6585,35-44,Женский,Кемерово,2023-04-03
C6586,25-34,Мужской,Ижевск,2021-03-17
C6587,45-54,Женский,Тольятти,2021-09-28
C6588,18-24,Мужской,Тольятти,2024-02-11
C6589,18-24,Женский,Оренбург,2022-04-19
C6590,18-24,Мужской,Саратов,2024-09-19
C6591,45-54,Женский,Ростов-на-Дону,2024-05-29
C6592,45-54,Мужской,Самара,2022-10-10
C6593,18-24,Женский,Волгоград,2023-11-13
C6594,35-44,Мужской,Владивосток,2022-04-07
C6595,55+,Женский,Красноярск,2023-07-03
C6596,18-24,Женский,Самара,2021-07-27
C6597,35-44,Мужской,Ульяновск,2022-03-23
C6598,18-24,Женский,Барнаул,2021-03-29
C6599,35-44,Мужской,Волгоград,2024-10-16
C6600,45-54,Женский,Барнаул,2021-07-11
C6601,25-34,Женский,Ульяновск,2022-04-01
C6602,25-34,Мужской,Омск,2022-06-24
C6603,18-24,Женский,Саратов,2024-01-06
C6604,18-24,Мужской,Ростов-на-Дону,2021-05-11
C6605,25-34,Женский,Санкт-Петербург,2024-08-27
C6606,45-54,Женский,Казань,2022-04-10
C6607,55+,Мужской,Томск,2021-04-11
C6608,18-24,Женский,Волгоград,2021-08-22
C6609,25-34,Мужской,Махачкала,2023-12-30
C6610,35-44,Мужской,Тольятти,2024-08-01
C6611,25-34,Мужской,Ижевск,2023-07-04
C6612,25-34,Мужской,Казань,2022-04-21
C6613,35-44,Женский,Ярославль,2024-07-09
C6614,25-34,Женский,Ростов-на-Дону,2022-06-24
C6615,25-34,Женский,Владивосток,2022-08-24
C6616,18-24,Мужской,Самара,2023-05-17
C6617,35-44,Женский,Ростов-на-Дону,2021-02-14
C6618,18-24,Женский,Казань,2024-06-09
C6619,25-34,Женский,Краснодар,2023-11-03
C6620,35-44,Мужской,Красноярск,2024-04-07
C6621,45-54,Женский,Иркутск,2021-11-25
C6622,35-44,Мужской,Казань,2024-09-18
C6623,25-34,Женский,Воронеж,2024-02-20
C6624,35-44,Женский,Санкт-Петербург,2021-10-07
C6625,25-34,Женский,Тюмень,2023-01-25
C6626,45-54,Мужской,Барнаул,2021-12-02
C6627,55+,Женский,Нижний Новгород,2022-09-07
C6628,18-24,Мужской,Хабаровск,2023-02-03
C6629,18-24,Женский,Хабаровск,2022-06-05
C6630,25-34,Женский,Владивосток,2023-03-08
C6631,18-24,Женский,Челябинск,2022-09-07
C6632,25-34,Женский,Краснодар,2022-06-06
C6633,25-34,Мужской,Красноярск,2024-07-18
C6634,25-34,Женский,Барнаул,2021-06-18
C6635,45-54,Женский,Хабаровск,2024-06-02
C6636,18-24,Женский,Москва,2022-11-21
C6637,18-24,Женский,Нижний Новгород,2021-06-07
C6638,25-34,Женский,Тольятти,2024-02-05
C6639,18-24,Мужской,Ростов-на-Дону,2021-07-22
C6640,18-24,Мужской,Махачкала,2022-07-15
C6641,35-44,Женский,Оренбург,2021-04-30
C6642,35-44,Женский,Тюмень,2022-02-21
C6643,35-44,Мужской,Ростов-на-Дону,2021-02-22
C6644,35-44,Женский,Владивосток,2021-09-14
C6645,25-34,Женский,Барнаул,2022-05-10
C6646,55+,Мужской,Москва,2021-11-07
C6647,25-34,Мужской,Красноярск,2021-03-02
C6648,25-34,Мужской,Воронеж,2022-01-19
C6649,18-24,Мужской,Пермь,2023-02-12
C6650,25-34,Женский,Хабаровск,2023-02-13
C6651,55+,Женский,Новосибирск,2021-01-04
C6652,18-24,Женский,Воронеж,2022-05-08
C6653,25-34,Мужской,Кемерово,2021-03-07
C6654,18-24,Мужской,Казань,2021-10-01
C6655,35-44,Мужской,Омск,2024-06-10
C6656,25-34,Женский,Оренбург,2022-03-04
C6657,35-44,Мужской,Тюмень,2022-03-29
C6658,45-54,Женский,Ижевск,2021-02-03
C6659,18-24,Мужской,Ижевск,2021-05-28
C6660,25-34,Мужской,Омск,2023-04-07
C6661,18-24,Женский,Ижевск,2021-12-03
C6662,18-24,Мужской,Красноярск,2021-05-09
C6663,25-34,Мужской,Кемерово,2023-01-09
C6664,25-34,Женский,Томск,2023-02-11
C6665,45-54,Женский,Воронеж,2022-05-20
C6666,25-34,Женский,Челябинск,2021-05-17
C6667,25-34,Мужской,Красноярск,2024-08-09
C6668,25-34,Женский,Уфа,2022-12-31
C6669,25-34,Женский,Нижний Новгород,2023-09-23
C6670,35-44,Женский,Оренбург,2022-06-23
C6671,45-54,Женский,Санкт-Петербург,2021-02-23
C6672,18-24,Мужской,Владивосток,2024-01-27
C6673,25-34,Мужской,Хабаровск,2022-11-17
C6674,25-34,Мужской,Челябинск,2022-07-10
C6675,35-44,Мужской,Омск,2024-01-31
C6676,25-34,Женский,Тюмень,2024-01-03
C6677,18-24,Женский,Краснодар,2022-05-09
C6678,55+,Женский,Кемерово,2023-01-10
C6679,25-34,Мужской,Иркутск,2021-06-21
C6680,25-34,Женский,Тольятти,2022-02-10
C6681,18-24,Женский,Омск,2024-04-19
C6682,25-34,Женский,Тольятти,2022-10-11
C6683,18-24,Женский,Иркутск,2021-01-17
C6684,25-34,Женский,Ростов-на-Дону,2022-05-15
C6685,25-34,Мужской,Пермь,2021-07-14
C6686,25-34,Женский,Саратов,2023-02-05
C6687,25-34,Женский,Хабаровск,2024-01-03
C6688,25-34,Женский,Ростов-на-Дону,2022-02-27
C6689,25-34,Женский,Новосибирск,2022-05-28
C6690,18-24,Женский,Пермь,2021-12-16
C6691,35-44,Мужской,Москва,2023-09-23
C6692,35-44,Женский,Волгоград,2021-07-19
C6693,18-24,Мужской,Барнаул,2023-12-11
C6694,25-34,Женский,Уфа,2023-07-20
C6695,45-54,Женский,Тюмень,2024-08-27
C6696,45-54,Женский,Пермь,2024-03-30
C6697,35-44,Женский,Владивосток,2021-05-28
C6698,25-34,Женский,Иркутск,2022-02-06
C6699,18-24,Женский,Нижний Новгород,2022-02-04
C6700,18-24,Мужской,Пермь,2022-11-18
C6701,55+,Мужской,Уфа,2021-02-08
C6702,35-44,Мужской,Казань,2021-12-11
C6703,25-34,Женский,Ростов-на-Дону,2021-11-11
C6704,18-24,Женский,Санкт-Петербург,2021-07-31
C6705,25-34,Женский,Хабаровск,2024-04-20
C6706,25-34,Женский,Томск,2023-04-03
C6707,25-34,Женский,Томск,2023-11-30
C6708,18-24,Женский,Казань,2022-07-24
C6709,18-24,Мужской,Самара,2024-04-17
C6710,18-24,Мужской,Санкт-Петербург,2023-02-02
C6711,25-34,Мужской,Екатеринбург,2024-09-20
C6712,35-44,Мужской,Томск,2021-06-04
C6713,18-24,Женский,Тюмень,2022-09-21
C6714,18-24,Женский,Челябинск,2022-04-12
C6715,35-44,Женский,Саратов,2023-02-15
C6716,55+,Женский,Челябинск,2021-11-21
C6717,18-24,Женский,Уфа,2023-04-24
C6718,35-44,Женский,Челябинск,2022-09-16
C6719,18-24,Женский,Ярославль,2022-09-03
C6720,35-44,Женский,Москва,2021-12-21
C6721,25-34,Женский,Пермь,2022-01-31
C6722,25-34,Мужской,Хабаровск,2024-04-09
C6723,55+,Женский,Ярославль,2023-07-19
C6724,35-44,Женский,Оренбург,2022-05-12
C6725,25-34,Женский,Барнаул,2024-07-04
C6726,25-34,Мужской,Махачкала,2022-04-21
C6727,25-34,Мужской,Новосибирск,2022-11-17
C6728,35-44,Мужской,Воронеж,2023-01-30
C6729,45-54,Женский,Новосибирск,2022-07-02
C6730,25-34,Мужской,Нижний Новгород,2023-01-28
C6731,35-44,Мужской,Саратов,2021-05-05
C6732,35-44,Женский,Ростов-на-Дону,2021-08-04
C6733,25-34,Мужской,Красноярск,2022-03-25
C6734,18-24,Мужской,Иркутск,2023-01-30
C6735,18-24,Мужской,Ярославль,2022-07-09
C6736,45-54,Женский,Хабаровск,2022-10-13
C6737,35-44,Женский,Тюмень,2024-04-03
C6738,35-44,Мужской,Пермь,2021-09-18
C6739,35-44,Мужской,Тольятти,2024-02-04
C6740,45-54,Мужской,Казань,2022-08-17
C6741,18-24,Мужской,Ярославль,2023-03-07
C6742,25-34,Женский,Ростов-на-Дону,2021-07-31
C6743,25-34,Женский,Барнаул,2023-07-27
C6744,45-54,Мужской,Пермь,2022-02-07
C6745,35-44,Женский,Самара,2022-10-26
C6746,25-34,Мужской,Ростов-на-Дону,2023-04-22
C6747,25-34,Женский,Пермь,2022-05-20
C6748,35-44,Женский,Владивосток,2021-07-27
C6749,25-34,Женский,Ростов-на-Дону,2024-03-04
C6750,25-34,Мужской,Ижевск,2024-05-31
C6751,35-44,Мужской,Владивосток,2024-09-08
C6752,18-24,Женский,Томск,2022-04-05
C6753,35-44,Женский,Екатеринбург,2023-03-18
C6754,45-54,Женский,Челябинск,2023-08-04
C6755,18-24,Женский,Краснодар,2022-03-03
C6756,25-34,Женский,Краснодар,2021-12-07
C6757,35-44,Мужской,Екатеринбург,2022-07-15
C6758,25-34,Женский,Краснодар,2024-02-09
C6759,45-54,Женский,Оренбург,2021-10-14
C6760,25-34,Женский,Челябинск,2021-08-30
C6761,18-24,Женский,Ростов-на-Дону,2023-03-27
C6762,35-44,Женский,Ростов-на-Дону,2023-06-25
C6763,25-34,Женский,Омск,2021-10-23
C6764,35-44,Мужской,Барнаул,2021-12-03
C6765,25-34,Мужской,Красноярск,2023-04-11
C6766,18-24,Мужской,Ижевск,2021-08-11
C6767,25-34,Мужской,Тольятти,2024-04-20
C6768,35-44,Женский,Челябинск,2023-03-21
C6769,45-54,Женский,Томск,2024-09-23
C6770,18-24,Мужской,Нижний Новгород,2024-08-07
C6771,25-34,Мужской,Иркутск,2022-08-22
C6772,25-34,Женский,Пермь,2023-07-14
C6773,55+,Женский,Ульяновск,2024-02-02
C6774,18-24,Женский,Ижевск,2021-08-16
C6775,18-24,Мужской,Екатеринбург,2021-12-14
C6776,25-34,Мужской,Москва,2021-08-21
C6777,25-34,Мужской,Тольятти,2024-05-17
C6778,25-34,Женский,Ярославль,2021-06-16
C6779,18-24,Женский,Омск,2022-03-18
C6780,25-34,Мужской,Махачкала,2023-09-15
C6781,35-44,Женский,Ульяновск,2022-07-15
C6782,25-34,Женский,Санкт-Петербург,2024-02-28
C6783,25-34,Мужской,Новосибирск,2021-05-08
C6784,55+,Мужской,Краснодар,2024-05-14
C6785,18-24,Женский,Омск,2024-01-20
C6786,18-24,Женский,Ростов-на-Дону,2024-03-30
C6787,35-44,Женский,Ульяновск,2021-06-20
C6788,35-44,Женский,Ростов-на-Дону,2024-09-05
C6789,45-54,Женский,Кемерово,2021-03-21
C6790,18-24,Женский,Оренбург,2023-05-05
C6791,45-54,Мужской,Воронеж,2024-01-20
C6792,55+,Мужской,Новосибирск,2024-06-25
C6793,35-44,Женский,Казань,2021-09-07
C6794,55+,Мужской,Омск,2023-10-25
C6795,45-54,Мужской,Ростов-на-Дону,2024-02-08
C6796,25-34,Женский,Санкт-Петербург,2022-03-06
C6797,25-34,Женский,Санкт-Петербург,2023-09-07
C6798,25-34,Мужской,Краснодар,2024-04-26
C6799,18-24,Мужской,Воронеж,2021-05-01
C6800,18-24,Мужской,Екатеринбург,2021-06-26
C6801,35-44,Женский,Оренбург,2021-10-04
C6802,35-44,Женский,Ульяновск,2022-09-26
C6803,45-54,Мужской,Казань,2022-09-14
C6804,45-54,Мужской,Москва,2021-11-27
C6805,55+,Женский,Владивосток,2024-09-03
C6806,18-24,Женский,Казань,2023-12-29
C6807,25-34,Мужской,Уфа,2021-10-07
C6808,45-54,Мужской,Новосибирск,2024-05-29
C6809,18-24,Женский,Томск,2023-11-11
C6810,25-34,Женский,Томск,2023-05-28
C6811,18-24,Женский,Тюмень,2021-06-13
C6812,18-24,Мужской,Ростов-на-Дону,2024-06-12
C6813,55+,Мужской,Воронеж,2021-09-08
C6814,35-44,Мужской,Нижний Новгород,2022-05-26
C6815,35-44,Женский,Ростов-на-Дону,2021-04-09
C6816,18-24,Женский,Кемерово,2022-11-19
C6817,18-24,Женский,Ижевск,2024-09-20
C6818,25-34,Мужской,Воронеж,2021-05-17
C6819,25-34,Женский,Красноярск,2022-11-22
C6820,18-24,Женский,Ярославль,2024-09-05
C6821,25-34,Женский,Новосибирск,2021-01-05
C6822,18-24,Женский,Краснодар,2021-05-14
C6823,45-54,Женский,Тюмень,2024-05-08
C6824,35-44,Женский,Саратов,2023-01-06
C6825,25-34,Женский,Саратов,2024-03-13
C6826,55+,Женский,Санкт-Петербург,2021-03-04
C6827,25-34,Женский,Барнаул,2022-11-29
C6828,25-34,Женский,Ульяновск,2023-04-04
C6829,18-24,Женский,Саратов,2022-08-30
C6830,45-54,Мужской,Нижний Новгород,2023-07-08
C6831,35-44,Женский,Казань,2023-03-10
C6832,25-34,Мужской,Красноярск,2023-04-10
C6833,25-34,Женский,Томск,2021-01-17
C6834,25-34,Мужской,Новосибирск,2022-08-26
C6835,45-54,Мужской,Омск,2021-08-16
C6836,45-54,Женский,Махачкала,2023-02-14
C6837,25-34,Мужской,Пермь,2022-01-04
C6838,25-34,Мужской,Саратов,2023-07-01
C6839,35-44,Женский,Москва,2021-01-08
C6840,55+,Мужской,Пермь,2023-04-18
C6841,25-34,Женский,Омск,2021-07-25
C6842,25-34,Женский,Москва,2023-08-25
C6843,25-34,Женский,Хабаровск,2021-08-16
C6844,18-24,Мужской,Ульяновск,2021-11-27
C6845,18-24,Женский,Казань,2022-01-06
C6846,18-24,Женский,Москва,2024-01-03
C6847,25-34,Женский,Казань,2023-12-14
C6848,18-24,Мужской,Тольятти,2024-05-04
C6849,25-34,Женский,Новосибирск,2021-03-21
C6850,35-44,Женский,Волгоград,2024-05-24
C6851,45-54,Женский,Оренбург,2021-07-28
C6852,35-44,Мужской,Красноярск,2024-09-28
C6853,18-24,Мужской,Ярославль,2022-10-06
C6854,18-24,Мужской,Волгоград,2021-10-26
C6855,18-24,Мужской,Тольятти,2021-09-26
C6856,45-54,Женский,Кемерово,2023-06-14
C6857,25-34,Мужской,Кемерово,2024-09-23
C6858,25-34,Женский,Санкт-Петербург,2024-05-11
C6859,35-44,Женский,Москва,2021-09-19
C6860,45-54,Женский,Новосибирск,2021-02-18
C6861,45-54,Женский,Ростов-на-Дону,2022-11-06
C6862,18-24,Женский,Уфа,2021-09-16
C6863,35-44,Женский,Кемерово,2021-07-15
C6864,45-54,Женский,Краснодар,2024-02-13
C6865,25-34,Женский,Хабаровск,2024-07-11
C6866,18-24,Женский,Новосибирск,2024-08-06
C6867,25-34,Женский,Ижевск,2022-04-03
C6868,18-24,Женский,Красноярск,2023-10-17
C6869,55+,Женский,Иркутск,2021-02-21
C6870,35-44,Женский,Тюмень,2024-04-13
C6871,35-44,Мужской,Екатеринбург,2022-03-31
C6872,45-54,Мужской,Оренбург,2023-06-30
C6873,25-34,Мужской,Самара,2023-04-05
C6874,25-34,Женский,Махачкала,2022-11-11
C6875,25-34,Мужской,Кемерово,2023-10-07
C6876,35-44,Женский,Ростов-на-Дону,2021-02-12
C6877,25-34,Женский,Тольятти,2021-01-02
C6878,45-54,Женский,Пермь,2024-03-06
C6879,35-44,Мужской,Красноярск,2021-11-10
C6880,25-34,Мужской,Пермь,2021-01-31
C6881,25-34,Мужской,Воронеж,2022-11-11
C6882,25-34,Женский,Волгоград,2022-07-14
C6883,25-34,Мужской,Новосибирск,2023-03-29
C6884,25-34,Женский,Новосибирск,2022-04-02
C6885,25-34,Женский,Ростов-на-Дону,2024-04-18
C6886,45-54,Женский,Красноярск,2022-03-27
C6887,35-44,Женский,Челябинск,2023-09-08
C6888,35-44,Женский,Нижний Новгород,2024-08-04
C6889,35-44,Женский,Омск,2022-09-10
C6890,25-34,Мужской,Томск,2022-01-05
C6891,25-34,Мужской,Москва,2023-12-25
C6892,25-34,Женский,Хабаровск,2021-10-16
C6893,45-54,Женский,Ростов-на-Дону,2023-11-16
C6894,18-24,Женский,Новосибирск,2023-07-20
C6895,35-44,Женский,Хабаровск,2022-11-09
C6896,25-34,Мужской,Воронеж,2024-05-14
C6897,18-24,Женский,Уфа,2023-07-29
C6898,25-34,Мужской,Кемерово,2021-02-28
C6899,25-34,Мужской,Тольятти,2023-02-15
C6900,18-24,Женский,Красноярск,2023-07-16
C6901,18-24,Мужской,Челябинск,2022-03-30
C6902,35-44,Мужской,Уфа,2024-10-15
C6903,25-34,Женский,Кемерово,2022-04-01
C6904,45-54,Женский,Тюмень,2021-10-13
C6905,25-34,Женский,Омск,2021-02-11
C6906,45-54,Женский,Пермь,2023-03-15
C6907,18-24,Мужской,Ижевск,2024-05-13
C6908,18-24,Женский,Краснодар,2022-08-29
C6909,55+,Женский,Махачкала,2021-09-26
C6910,18-24,Женский,Волгоград,2024-01-15
C6911,45-54,Женский,Екатеринбург,2023-01-06
C6912,35-44,Женский,Оренбург,2023-04-12
C6913,25-34,Женский,Томск,2021-01-11
C6914,25-34,Мужской,Махачкала,2022-12-28
C6915,35-44,Мужской,Екатеринбург,2022-04-18
C6916,25-34,Женский,Ростов-на-Дону,2023-12-25
C6917,35-44,Мужской,Москва,2022-01-14
C6918,18-24,Женский,Ульяновск,2024-04-13
C6919,18-24,Женский,Барнаул,2022-05-14
C6920,18-24,Женский,Краснодар,2024-05-22
C6921,25-34,Женский,Москва,2021-04-30
C6922,35-44,Женский,Тольятти,2024-08-20
C6923,25-34,Женский,Казань,2022-01-13
C6924,45-54,Женский,Иркутск,2024-10-18
C6925,25-34,Женский,Саратов,2023-01-25
C6926,25-34,Женский,Москва,2023-07-10
C6927,25-34,Мужской,Оренбург,2021-10-20
C6928,18-24,Женский,Ярославль,2022-12-06
C6929,35-44,Мужской,Казань,2022-04-25
C6930,18-24,Женский,Барнаул,2023-08-18
C6931,25-34,Мужской,Ярославль,2021-06-04
C6932,25-34,Женский,Волгоград,2022-08-13
C6933,45-54,Женский,Владивосток,2021-08-31
C6934,35-44,Мужской,Красноярск,2022-02-06
C6935,35-44,Мужской,Екатеринбург,2021-06-14
C6936,35-44,Мужской,Пермь,2023-05-12
C6937,35-44,Женский,Красноярск,2021-12-29
C6938,35-44,Мужской,Ярославль,2023-05-07
C6939,18-24,Женский,Тольятти,2021-11-24
C6940,25-34,Мужской,Барнаул,2022-10-20
C6941,25-34,Женский,Ульяновск,2021-06-01
C6942,35-44,Мужской,Казань,2021-09-28
C6943,18-24,Мужской,Воронеж,2023-09-07
C6944,35-44,Мужской,Волгоград,2021-02-19
C6945,25-34,Мужской,Барнаул,2023-05-26
C6946,18-24,Женский,Казань,2022-02-11
C6947,35-44,Женский,Красноярск,2024-04-14
C6948,18-24,Мужской,Воронеж,2024-07-26
C6949,25-34,Женский,Саратов,2023-01-23
C6950,25-34,Мужской,Новосибирск,2021-06-20
C6951,25-34,Женский,Ростов-на-Дону,2022-01-30
C6952,18-24,Женский,Хабаровск,2022-05-17
C6953,25-34,Женский,Кемерово,2022-05-19
C6954,25-34,Женский,Кемерово,2021-11-01
C6955,45-54,Мужской,Новосибирск,2022-03-01
C6956,18-24,Женский,Ижевск,2024-09-11
C6957,35-44,Мужской,Воронеж,2024-06-08
C6958,18-24,Мужской,Ярославль,2024-01-02
C6959,35-44,Женский,Ульяновск,2024-02-09
C6960,18-24,Мужской,Пермь,2022-12-03
C6961,25-34,Мужской,Уфа,2022-03-07
C6962,45-54,Женский,Екатеринбург,2021-07-21
C6963,35-44,Мужской,Москва,2023-03-06
C6964,45-54,Женский,Пермь,2023-03-16
C6965,25-34,Женский,Томск,2022-03-28
C6966,45-54,Женский,Владивосток,2021-10-23
C6967,25-34,Мужской,Уфа,2022-12-09
C6968,18-24,Мужской,Самара,2023-09-29
C6969,55+,Женский,Воронеж,2022-10-06
C6970,45-54,Женский,Краснодар,2023-04-22
C6971,25-34,Женский,Ростов-на-Дону,2024-04-20
C6972,25-34,Женский,Махачкала,2024-03-29
C6973,25-34,Женский,Екатеринбург,2021-02-14
C6974,25-34,Мужской,Уфа,2021-01-12
C6975,55+,Женский,Тольятти,2023-05-08
C6976,25-34,Женский,Уфа,2021-08-13
C6977,18-24,Мужской,Томск,2023-05-14
C6978,35-44,Мужской,Оренбург,2023-05-06
C6979,35-44,Женский,Самара,2022-10-17
C6980,35-44,Женский,Тольятти,2022-03-18
C6981,25-34,Мужской,Томск,2021-10-11
C6982,18-24,Женский,Ростов-на-Дону,2023-06-15
C6983,45-54,Мужской,Оренбург,2021-01-09
C6984,18-24,Мужской,Ростов-на-Дону,2023-10-08
C6985,25-34,Мужской,Иркутск,2024-09-30
C6986,35-44,Женский,Кемерово,2022-12-08
C6987,55+,Мужской,Волгоград,2021-10-08
C6988,25-34,Мужской,Ростов-на-Дону,2024-09-04
C6989,18-24,Женский,Самара,2024-08-23
C6990,35-44,Женский,Ростов-на-Дону,2023-07-17
C6991,25-34,Мужской,Казань,2022-05-13
C6992,18-24,Мужской,Оренбург,2021-11-16
C6993,35-44,Мужской,Иркутск,2022-07-07
C6994,25-34,Мужской,Воронеж,2023-09-27
C6995,25-34,Мужской,Москва,2023-03-21
C6996,18-24,Мужской,Ульяновск,2021-10-15
C6997,45-54,Мужской,Владивосток,2023-12-02
C6998,25-34,Женский,Новосибирск,2021-10-11
C6999,45-54,Мужской,Москва,2021-04-11
C7000,45-54,Мужской,Саратов,2022-08-22
C7001,25-34,Женский,Воронеж,2022-06-03
C7002,35-44,Мужской,Челябинск,2022-02-24
C7003,55+,Женский,Томск,2023-07-14
C7004,35-44,Женский,Владивосток,2023-11-10
C7005,18-24,Мужской,Тюмень,2024-05-24
C7006,25-34,Мужской,Барнаул,2021-06-25
C7007,35-44,Женский,Томск,2022-11-19
C7008,35-44,Женский,Кемерово,2022-08-09
C7009,45-54,Мужской,Ижевск,2021-09-30
C7010,18-24,Мужской,Кемерово,2023-05-09
C7011,25-34,Мужской,Санкт-Петербург,2021-08-21
C7012,45-54,Женский,Ижевск,2023-01-27
C7013,35-44,Женский,Тольятти,2022-03-17
C7014,25-34,Мужской,Оренбург,2021-01-02
C7015,18-24,Мужской,Ростов-на-Дону,2023-03-13
C7016,18-24,Женский,Оренбург,2023-12-23
C7017,35-44,Мужской,Барнаул,2021-05-03
C7018,25-34,Женский,Саратов,2023-11-10
C7019,25-34,Мужской,Хабаровск,2021-03-15
C7020,25-34,Мужской,Санкт-Петербург,2022-08-01
C7021,18-24,Женский,Красноярск,2023-04-11
C7022,25-34,Женский,Новосибирск,2022-03-14
C7023,45-54,Женский,Барнаул,2024-09-02
C7024,18-24,Женский,Челябинск,2023-09-05
C7025,25-34,Женский,Саратов,2021-04-13
C7026,18-24,Мужской,Москва,2021-07-31
C7027,45-54,Женский,Уфа,2023-02-21
C7028,25-34,Женский,Махачкала,2023-07-13
C7029,25-34,Женский,Кемерово,2024-05-30
C7030,18-24,Мужской,Владивосток,2024-09-07
C7031,18-24,Мужской,Саратов,2024-02-19
C7032,35-44,Женский,Иркутск,2021-07-30
C7033,25-34,Женский,Саратов,2023-03-09
C7034,25-34,Мужской,Пермь,2021-08-20
C7035,18-24,Женский,Махачкала,2023-03-01
C7036,25-34,Женский,Иркутск,2023-12-04
C7037,18-24,Женский,Пермь,2021-05-15
C7038,25-34,Женский,Уфа,2021-02-27
C7039,25-34,Мужской,Челябинск,2023-02-07
C7040,18-24,Женский,Тюмень,2021-05-18
C7041,25-34,Женский,Волгоград,2021-11-04
C7042,25-34,Женский,Самара,2022-05-22
C7043,25-34,Женский,Ярославль,2023-11-09
C7044,18-24,Женский,Воронеж,2024-09-12
C7045,18-24,Женский,Ярославль,2023-09-15
C7046,25-34,Женский,Ульяновск,2022-11-08
C7047,25-34,Женский,Пермь,2023-05-27
C7048,25-34,Женский,Челябинск,2021-01-09
C7049,45-54,Мужской,Москва,2021-11-07
C7050,35-44,Женский,Нижний Новгород,2023-08-05
C7051,18-24,Мужской,Пермь,2024-04-28
C7052,25-34,Мужской,Омск,2022-10-11
C7053,18-24,Женский,Хабаровск,2021-05-06
C7054,18-24,Женский,Саратов,2023-01-30
C7055,45-54,Женский,Самара,2021-01-10
C7056,45-54,Женский,Челябинск,2021-01-16
C7057,25-34,Женский,Краснодар,2021-09-14
C7058,45-54,Мужской,Барнаул,2023-07-25
C7059,35-44,Женский,Томск,2021-12-08
C7060,55+,Мужской,Краснодар,2023-07-23
C7061,45-54,Мужской,Екатеринбург,2021-09-05
C7062,45-54,Женский,Казань,2022-10-16
C7063,18-24,Мужской,Барнаул,2023-10-30
C7064,45-54,Женский,Ярославль,2024-05-19
C7065,18-24,Женский,Новосибирск,2021-10-27
C7066,18-24,Мужской,Иркутск,2022-07-25
C7067,18-24,Женский,Ростов-на-Дону,2023-09-29
C7068,18-24,Мужской,Санкт-Петербург,2022-12-16
C7069,35-44,Женский,Махачкала,2024-09-18
C7070,25-34,Женский,Ярославль,2024-06-21
C7071,45-54,Мужской,Оренбург,2023-05-25
C7072,45-54,Мужской,Тольятти,2024-07-16
C7073,25-34,Женский,Иркутск,2024-06-03
C7074,25-34,Мужской,Воронеж,2023-07-22
C7075,25-34,Женский,Ижевск,2024-10-27
C7076,25-34,Мужской,Челябинск,2022-08-12
C7077,35-44,Женский,Ижевск,2023-01-21
C7078,18-24,Мужской,Махачкала,2022-07-31
C7079,45-54,Мужской,Воронеж,2024-10-29
C7080,35-44,Женский,Волгоград,2024-07-02
C7081,18-24,Мужской,Казань,2021-06-30
C7082,25-34,Мужской,Самара,2024-07-01
C7083,35-44,Женский,Красноярск,2022-08-06
C7084,25-34,Женский,Санкт-Петербург,2021-08-22
C7085,25-34,Мужской,Тольятти,2021-08-23
C7086,18-24,Мужской,Санкт-Петербург,2021-07-16
C7087,18-24,Женский,Махачкала,2021-11-07
C7088,25-34,Женский,Санкт-Петербург,2021-10-03
C7089,25-34,Женский,Иркутск,2022-03-04
C7090,35-44,Мужской,Кемерово,2022-11-20
C7091,25-34,Мужской,Кемерово,2022-02-21
C7092,18-24,Женский,Саратов,2022-02-28
C7093,25-34,Мужской,Ижевск,2022-01-18
C7094,18-24,Женский,Краснодар,2024-03-13
C7095,18-24,Женский,Самара,2023-11-01
C7096,45-54,Мужской,Воронеж,2022-08-04
C7097,35-44,Женский,Казань,2021-02-16
C7098,45-54,Женский,Краснодар,2021-10-12
C7099,45-54,Женский,Красноярск,2021-10-27
C7100,35-44,Женский,Воронеж,2024-01-09
C7101,25-34,Мужской,Тольятти,2021-12-07
C7102,55+,Женский,Казань,2022-08-18
C7103,18-24,Мужской,Иркутск,2024-10-15
C7104,35-44,Женский,Воронеж,2024-09-22
C7105,18-24,Женский,Хабаровск,2023-02-12
C7106,35-44,Женский,Тольятти,2021-02-19
C7107,25-34,Женский,Челябинск,2021-10-21
C7108,25-34,Женский,Барнаул,2022-02-20
C7109,35-44,Мужской,Иркутск,2022-02-10
C7110,55+,Женский,Пермь,2024-09-04
C7111,45-54,Женский,Иркутск,2022-02-16
C7112,45-54,Женский,Санкт-Петербург,2021-04-27
C7113,35-44,Женский,Саратов,2024-05-03
C7114,25-34,Женский,Волгоград,2023-12-04
C7115,18-24,Женский,Ростов-на-Дону,2023-12-25
C7116,55+,Женский,Барнаул,2022-04-18
C7117,25-34,Мужской,Новосибирск,2022-11-18
C7118,25-34,Мужской,Ярославль,2022-01-04
C7119,35-44,Женский,Хабаровск,2022-04-17
C7120,18-24,Женский,Самара,2024-07-21
C7121,25-34,Женский,Самара,2023-05-06
C7122,25-34,Женский,Барнаул,2021-02-20
C7123,25-34,Мужской,Казань,2021-10-08
C7124,35-44,Женский,Новосибирск,2022-12-16
C7125,45-54,Мужской,Тольятти,2022-09-13
C7126,35-44,Мужской,Омск,2023-07-27
C7127,45-54,Мужской,Кемерово,2022-03-28
C7128,18-24,Мужской,Новосибирск,2021-03-16
C7129,55+,Мужской,Челябинск,2024-10-13
C7130,35-44,Женский,Томск,2024-06-09
C7131,25-34,Мужской,Ижевск,2023-07-07
C7132,35-44,Женский,Казань,2021-07-13
C7133,25-34,Мужской,Хабаровск,2022-09-24
C7134,18-24,Женский,Самара,2023-08-30
C7135,55+,Мужской,Красноярск,2024-08-19
C7136,18-24,Мужской,Воронеж,2023-09-22
C7137,25-34,Мужской,Екатеринбург,2023-11-09
C7138,25-34,Женский,Оренбург,2021-09-14
C7139,35-44,Женский,Челябинск,2023-04-18
C7140,45-54,Женский,Саратов,2024-09-23
C7141,35-44,Женский,Хабаровск,2024-09-02
C7142,25-34,Мужской,Барнаул,2021-11-27
C7143,25-34,Женский,Тольятти,2021-11-22
C7144,18-24,Женский,Волгоград,2023-11-21
C7145,45-54,Женский,Тольятти,2022-02-03
C7146,25-34,Женский,Воронеж,2022-10-28
C7147,18-24,Женский,Барнаул,2024-05-18
C7148,35-44,Мужской,Ижевск,2021-01-02
C7149,25-34,Женский,Самара,2022-10-14
C7150,25-34,Женский,Уфа,2022-12-01
C7151,35-44,Женский,Казань,2023-06-08
C7152,25-34,Женский,Краснодар,2023-02-18
C7153,25-34,Женский,Челябинск,2024-02-15
C7154,25-34,Мужской,Москва,2022-10-12
C7155,18-24,Женский,Иркутск,2022-08-19
C7156,18-24,Женский,Оренбург,2023-03-05
C7157,25-34,Женский,Челябинск,2024-03-16
C7158,18-24,Мужской,Тольятти,2022-12-23
C7159,45-54,Женский,Новосибирск,2023-12-31
C7160,25-34,Женский,Екатеринбург,2022-09-24
C7161,25-34,Женский,Томск,2024-08-27
C7162,25-34,Женский,Иркутск,2024-05-20
C7163,18-24,Женский,Иркутск,2024-07-31
C7164,18-24,Мужской,Тюмень,2023-10-04
C7165,25-34,Женский,Санкт-Петербург,2024-07-06
C7166,18-24,Женский,Казань,2024-04-22
C7167,18-24,Женский,Хабаровск,2021-11-04
C7168,25-34,Женский,Барнаул,2023-11-05
C7169,25-34,Мужской,Краснодар,2022-07-18
C7170,18-24,Мужской,Москва,2023-04-03
C7171,35-44,Женский,Казань,2022-01-07
C7172,18-24,Мужской,Пермь,2024-05-23
C7173,18-24,Женский,Тюмень,2021-02-02
C7174,25-34,Мужской,Москва,2023-10-18
C7175,35-44,Женский,Казань,2022-06-20
C7176,35-44,Мужской,Барнаул,2023-05-18
C7177,18-24,Мужской,Тольятти,2023-07-14
C7178,25-34,Женский,Владивосток,2024-07-24
C7179,25-34,Женский,Владивосток,2022-10-31
C7180,25-34,Мужской,Новосибирск,2024-08-07
C7181,35-44,Женский,Ульяновск,2024-05-08
C7182,25-34,Женский,Ярославль,2023-10-13
C7183,25-34,Мужской,Тюмень,2023-10-07
C7184,35-44,Женский,Ростов-на-Дону,2022-06-03
C7185,45-54,Женский,Уфа,2021-05-15
C7186,25-34,Мужской,Оренбург,2024-01-30
C7187,55+,Мужской,Пермь,2022-12-26
C7188,45-54,Женский,Ульяновск,2022-07-03
C7189,25-34,Мужской,Тюмень,2022-04-14
C7190,35-44,Мужской,Барнаул,2024-01-26
C7191,45-54,Мужской,Томск,2023-05-03
C7192,45-54,Женский,Воронеж,2022-09-06
C7193,25-34,Женский,Москва,2024-09-19
C7194,45-54,Женский,Саратов,2023-08-23
C7195,18-24,Женский,Ижевск,2022-08-19
C7196,18-24,Мужской,Барнаул,2023-04-17
C7197,35-44,Женский,Челябинск,2024-09-07
C7198,45-54,Женский,Самара,2023-06-01
C7199,55+,Мужской,Томск,2024-01-02
C7200,18-24,Женский,Хабаровск,2022-09-18
C7201,25-34,Женский,Хабаровск,2021-03-07
C7202,25-34,Женский,Воронеж,2023-08-08
C7203,18-24,Мужской,Санкт-Петербург,2023-07-27
C7204,18-24,Женский,Ярославль,2024-05-20
C7205,35-44,Женский,Иркутск,2023-08-16
C7206,25-34,Мужской,Краснодар,2021-10-18
C7207,45-54,Женский,Омск,2024-07-24
C7208,35-44,Женский,Барнаул,2021-01-10
C7209,18-24,Мужской,Новосибирск,2023-05-14
C7210,18-24,Женский,Красноярск,2021-08-14
C7211,25-34,Мужской,Иркутск,2024-07-26
C7212,18-24,Мужской,Москва,2024-09-09
C7213,18-24,Женский,Ростов-на-Дону,2022-03-06
C7214,25-34,Мужской,Казань,2023-08-09
C7215,25-34,Мужской,Ульяновск,2024-10-08
C7216,35-44,Мужской,Ярославль,2023-10-04
C7217,35-44,Мужской,Уфа,2022-01-21
C7218,18-24,Мужской,Оренбург,2021-07-25
C7219,18-24,Женский,Красноярск,2024-03-25
C7220,18-24,Мужской,Нижний Новгород,2023-04-02
C7221,25-34,Мужской,Махачкала,2022-06-26
C7222,18-24,Женский,Ульяновск,2023-02-18
C7223,45-54,Мужской,Красноярск,2021-08-16
C7224,35-44,Женский,Краснодар,2022-04-03
C7225,25-34,Женский,Ульяновск,2022-12-18
C7226,25-34,Женский,Новосибирск,2022-06-16
C7227,35-44,Женский,Санкт-Петербург,2024-05-21
C7228,45-54,Мужской,Тольятти,2022-04-21
C7229,25-34,Женский,Ульяновск,2022-09-16
C7230,25-34,Женский,Ярославль,2022-03-27
C7231,35-44,Мужской,Кемерово,2023-05-06
C7232,18-24,Женский,Томск,2021-08-09
C7233,25-34,Женский,Волгоград,2022-05-28
C7234,25-34,Мужской,Казань,2021-06-27
C7235,35-44,Мужской,Красноярск,2023-05-17
C7236,35-44,Мужской,Хабаровск,2021-12-08
C7237,35-44,Женский,Екатеринбург,2021-12-22
C7238,35-44,Женский,Омск,2023-12-13
C7239,18-24,Мужской,Барнаул,2023-06-25
C7240,25-34,Женский,Ижевск,2021-05-02
C7241,25-34,Женский,Ижевск,2023-06-03
C7242,18-24,Мужской,Самара,2024-06-20
C7243,25-34,Мужской,Пермь,2023-10-09
C7244,45-54,Женский,Санкт-Петербург,2022-11-07
C7245,35-44,Мужской,Тюмень,2021-10-20
C7246,45-54,Женский,Ульяновск,2023-05-08
C7247,25-34,Мужской,Екатеринбург,2021-12-21
C7248,55+,Женский,Владивосток,2022-04-15
C7249,45-54,Женский,Тюмень,2023-12-23
C7250,55+,Женский,Красноярск,2021-07-05
C7251,35-44,Мужской,Санкт-Петербург,2021-10-25
C7252,25-34,Мужской,Воронеж,2022-09-02
C7253,25-34,Мужской,Казань,2024-02-07
C7254,18-24,Мужской,Екатеринбург,2022-05-20
C7255,25-34,Женский,Ярославль,2023-01-30
C7256,25-34,Женский,Ижевск,2024-06-02
C7257,18-24,Мужской,Ростов-на-Дону,2024-04-24
C7258,18-24,Женский,Омск,2022-02-02
C7259,45-54,Женский,Иркутск,2022-02-20
C7260,35-44,Женский,Оренбург,2024-06-13
C7261,25-34,Мужской,Новосибирск,2021-03-20
C7262,35-44,Мужской,Ульяновск,2024-04-13
C7263,25-34,Женский,Барнаул,2021-08-08
C7264,25-34,Женский,Ульяновск,2024-04-12
C7265,18-24,Мужской,Волгоград,2024-05-23
C7266,18-24,Мужской,Уфа,2021-05-12
C7267,45-54,Женский,Нижний Новгород,2023-11-09
C7268,18-24,Женский,Ульяновск,2024-06-12
C7269,18-24,Женский,Саратов,2023-09-29
C7270,18-24,Женский,Нижний Новгород,2021-07-20
C7271,25-34,Женский,Тольятти,2021-06-04
C7272,35-44,Женский,Ульяновск,2023-08-02
C7273,25-34,Женский,Ярославль,2021-02-25
C7274,25-34,Женский,Ульяновск,2023-07-14
C7275,25-34,Женский,Ростов-на-Дону,2022-12-11
C7276,45-54,Мужской,Махачкала,2021-06-15
C7277,25-34,Женский,Омск,2022-07-16
C7278,25-34,Женский,Нижний Новгород,2021-01-13
C7279,18-24,Мужской,Хабаровск,2023-12-03
C7280,18-24,Женский,Ижевск,2021-03-12
C7281,45-54,Мужской,Ростов-на-Дону,2024-07-30
C7282,25-34,Женский,Ижевск,2022-10-10
C7283,25-34,Женский,Воронеж,2021-04-07
C7284,18-24,Мужской,Омск,2021-01-18
C7285,35-44,Мужской,Челябинск,2022-07-14
C7286,25-34,Мужской,Ульяновск,2022-12-14
C7287,25-34,Женский,Иркутск,2021-10-27
C7288,18-24,Женский,Саратов,2021-07-17
C7289,18-24,Мужской,Махачкала,2024-01-31
C7290,35-44,Женский,Новосибирск,2021-04-10
C7291,45-54,Женский,Самара,2022-05-16
C7292,25-34,Женский,Тюмень,2022-09-28
C7293,18-24,Женский,Самара,2024-01-02
C7294,35-44,Женский,Владивосток,2022-04-29
C7295,18-24,Мужской,Хабаровск,2022-02-08
C7296,35-44,Женский,Ярославль,2024-10-08
C7297,25-34,Женский,Ярославль,2024-07-28
C7298,25-34,Женский,Москва,2022-05-02
C7299,25-34,Мужской,Ульяновск,2021-06-26
C7300,35-44,Мужской,Самара,2023-02-19
C7301,35-44,Женский,Саратов,2024-04-28
C7302,35-44,Мужской,Пермь,2023-09-15
C7303,18-24,Женский,Красноярск,2021-09-23
C7304,18-24,Мужской,Екатеринбург,2021-04-14
C7305,55+,Мужской,Волгоград,2021-08-22
C7306,25-34,Женский,Красноярск,2021-02-26
C7307,35-44,Мужской,Махачкала,2024-05-27
C7308,25-34,Женский,Волгоград,2021-01-14
C7309,25-34,Женский,Екатеринбург,2024-04-11
C7310,35-44,Мужской,Владивосток,2024-08-09
C7311,25-34,Женский,Красноярск,2023-05-11
C7312,35-44,Женский,Воронеж,2022-12-06
C7313,25-34,Мужской,Ижевск,2022-01-17
C7314,25-34,Женский,Самара,2023-06-19
C7315,25-34,Мужской,Екатеринбург,2024-10-15
C7316,25-34,Женский,Казань,2023-05-22
C7317,18-24,Женский,Екатеринбург,2021-10-03
C7318,35-44,Мужской,Воронеж,2023-06-22
C7319,25-34,Мужской,Красноярск,2023-01-15
C7320,25-34,Женский,Челябинск,2024-01-21
C7321,45-54,Женский,Хабаровск,2022-08-10
C7322,45-54,Женский,Хабаровск,2021-10-14
C7323,18-24,Мужской,Иркутск,2022-08-15
C7324,35-44,Мужской,Ростов-на-Дону,2022-09-01
C7325,35-44,Мужской,Нижний Новгород,2023-10-10
C7326,25-34,Мужской,Москва,2022-08-31
C7327,55+,Женский,Владивосток,2023-07-26
C7328,25-34,Женский,Ростов-на-Дону,2021-12-23
C7329,35-44,Женский,Нижний Новгород,2022-08-29
C7330,25-34,Женский,Воронеж,2023-12-26
C7331,35-44,Женский,Кемерово,2023-05-02
C7332,25-34,Женский,Омск,2023-03-07
C7333,25-34,Женский,Тольятти,2023-03-05
C7334,25-34,Мужской,Кемерово,2021-02-14
C7335,18-24,Женский,Ярославль,2022-04-19
C7336,18-24,Женский,Самара,2023-09-24
C7337,35-44,Мужской,Самара,2023-04-03
C7338,35-44,Мужской,Новосибирск,2022-12-07
C7339,25-34,Женский,Казань,2024-05-01
C7340,18-24,Мужской,Краснодар,2021-04-29
C7341,25-34,Женский,Омск,2021-05-12
C7342,18-24,Женский,Воронеж,2021-10-25
C7343,25-34,Женский,Волгоград,2021-12-15
C7344,18-24,Женский,Краснодар,2021-09-12
C7345,25-34,Женский,Тюмень,2021-08-22
C7346,25-34,Женский,Воронеж,2024-08-28
C7347,18-24,Мужской,Уфа,2024-10-18
C7348,25-34,Женский,Владивосток,2023-12-03
C7349,35-44,Мужской,Краснодар,2022-08-07
C7350,25-34,Женский,Ижевск,2021-04-27
C7351,25-34,Мужской,Казань,2021-08-07
C7352,25-34,Женский,Тюмень,2023-04-19
C7353,35-44,Мужской,Красноярск,2023-11-25
C7354,35-44,Женский,Тюмень,2024-09-19
C7355,18-24,Мужской,Москва,2023-06-06
C7356,18-24,Женский,Владивосток,2022-10-04
C7357,25-34,Женский,Пермь,2022-02-14
C7358,45-54,Женский,Волгоград,2023-01-21
C7359,45-54,Женский,Нижний Новгород,2023-04-29
C7360,18-24,Женский,Ижевск,2023-04-21
C7361,18-24,Мужской,Саратов,2021-05-26
C7362,18-24,Мужской,Челябинск,2023-12-13
C7363,45-54,Мужской,Барнаул,2024-04-04
C7364,45-54,Женский,Саратов,2021-12-08
C7365,35-44,Женский,Челябинск,2024-08-09
C7366,45-54,Женский,Пермь,2023-10-09
C7367,25-34,Мужской,Иркутск,2021-12-18
C7368,18-24,Женский,Иркутск,2022-02-03
C7369,25-34,Женский,Махачкала,2022-05-11
C7370,18-24,Женский,Саратов,2022-11-06
C7371,25-34,Женский,Томск,2021-04-03
C7372,25-34,Женский,Санкт-Петербург,2022-05-12
C7373,25-34,Женский,Красноярск,2022-08-29
C7374,25-34,Мужской,Саратов,2022-04-06
C7375,25-34,Женский,Махачкала,2022-04-26
C7376,35-44,Мужской,Тюмень,2021-09-11
C7377,18-24,Мужской,Хабаровск,2022-03-23
C7378,35-44,Женский,Кемерово,2022-10-22
C7379,35-44,Мужской,Екатеринбург,2023-06-16
C7380,45-54,Женский,Ижевск,2022-01-13
C7381,25-34,Мужской,Новосибирск,2024-07-12
C7382,35-44,Мужской,Махачкала,2022-06-05
C7383,45-54,Мужской,Оренбург,2022-01-03
C7384,45-54,Женский,Иркутск,2022-01-09
C7385,35-44,Женский,Санкт-Петербург,2021-09-06
C7386,35-44,Женский,Тольятти,2024-05-10
C7387,25-34,Женский,Махачкала,2022-03-02
C7388,35-44,Женский,Уфа,2022-04-24
C7389,18-24,Женский,Ярославль,2021-04-18
C7390,35-44,Женский,Ярославль,2023-08-22
C7391,25-34,Женский,Хабаровск,2022-11-23
C7392,35-44,Мужской,Барнаул,2024-04-17
C7393,25-34,Мужской,Красноярск,2024-04-01
C7394,25-34,Женский,Омск,2021-03-07
C7395,25-34,Мужской,Ижевск,2021-12-27
C7396,35-44,Женский,Барнаул,2022-01-21
C7397,25-34,Мужской,Кемерово,2021-07-10
C7398,25-34,Женский,Новосибирск,2022-02-27
C7399,18-24,Мужской,Челябинск,2023-05-29
C7400,25-34,Женский,Казань,2021-09-05
C7401,25-34,Женский,Ростов-на-Дону,2021-01-23
C7402,35-44,Женский,Казань,2024-08-25
C7403,18-24,Женский,Томск,2022-07-08
C7404,18-24,Женский,Оренбург,2022-04-16
C7405,45-54,Женский,Ульяновск,2022-05-19
C7406,18-24,Женский,Уфа,2022-09-24
C7407,45-54,Женский,Тюмень,2021-07-24
C7408,35-44,Женский,Омск,2021-12-11
C7409,25-34,Мужской,Томск,2022-07-09
C7410,18-24,Мужской,Москва,2021-11-19
C7411,35-44,Женский,Махачкала,2023-01-24
C7412,18-24,Женский,Волгоград,2023-04-23
C7413,25-34,Мужской,Новосибирск,2021-08-30
C7414,35-44,Женский,Ульяновск,2021-05-14
C7415,55+,Женский,Омск,2021-01-17
C7416,35-44,Женский,Екатеринбург,2022-09-25
C7417,25-34,Женский,Тюмень,2024-06-23
C7418,35-44,Мужской,Волгоград,2021-03-21
C7419,25-34,Мужской,Казань,2022-09-07
C7420,45-54,Мужской,Ульяновск,2024-07-21
C7421,35-44,Женский,Махачкала,2022-01-02
C7422,25-34,Женский,Оренбург,2021-05-25
C7423,18-24,Женский,Воронеж,2022-10-17
C7424,35-44,Женский,Тольятти,2024-04-30
C7425,55+,Женский,Нижний Новгород,2022-05-11
C7426,25-34,Мужской,Пермь,2024-04-09
C7427,35-44,Мужской,Ижевск,2021-12-21
C7428,35-44,Женский,Самара,2022-04-20
C7429,25-34,Женский,Омск,2021-07-10
C7430,45-54,Мужской,Тюмень,2022-01-28
C7431,35-44,Женский,Ижевск,2022-04-18
C7432,35-44,Женский,Омск,2024-08-31
C7433,35-44,Женский,Москва,2023-02-15
C7434,25-34,Женский,Хабаровск,2022-01-20
C7435,25-34,Женский,Владивосток,2022-09-07
C7436,35-44,Женский,Самара,2022-05-03
C7437,25-34,Женский,Екатеринбург,2023-12-15
C7438,25-34,Мужской,Омск,2021-03-18
C7439,25-34,Мужской,Красноярск,2022-08-13
C7440,18-24,Женский,Тюмень,2021-12-28
C7441,25-34,Мужской,Казань,2024-02-10
C7442,25-34,Женский,Омск,2022-02-23
C7443,25-34,Мужской,Тольятти,2022-12-13
C7444,18-24,Мужской,Тюмень,2024-07-21
C7445,45-54,Женский,Ижевск,2023-02-04
C7446,35-44,Мужской,Кемерово,2023-09-10
C7447,45-54,Мужской,Самара,2024-03-11
C7448,25-34,Мужской,Томск,2023-05-15
C7449,25-34,Женский,Ижевск,2021-07-16
C7450,45-54,Женский,Уфа,2021-04-02
C7451,25-34,Женский,Тюмень,2023-12-08
C7452,18-24,Женский,Тольятти,2024-04-20
C7453,25-34,Женский,Саратов,2023-07-22
C7454,18-24,Женский,Ростов-на-Дону,2024-06-04
C7455,35-44,Мужской,Саратов,2023-06-08
C7456,25-34,Женский,Ижевск,2024-04-01
C7457,25-34,Женский,Иркутск,2021-08-07
C7458,25-34,Мужской,Барнаул,2021-02-15
C7459,45-54,Мужской,Пермь,2024-04-11
C7460,18-24,Мужской,Ижевск,2023-06-21
C7461,45-54,Женский,Ярославль,2022-03-17
C7462,35-44,Женский,Иркутск,2023-07-07
C7463,18-24,Женский,Махачкала,2023-01-05
C7464,25-34,Мужской,Москва,2024-08-29
C7465,25-34,Женский,Саратов,2023-05-16
C7466,45-54,Мужской,Воронеж,2023-10-04
C7467,35-44,Женский,Оренбург,2024-10-30
C7468,18-24,Женский,Челябинск,2023-01-24
C7469,35-44,Мужской,Пермь,2024-03-24
C7470,25-34,Женский,Кемерово,2022-07-24
C7471,25-34,Мужской,Барнаул,2022-11-18
C7472,35-44,Женский,Иркутск,2024-03-26
C7473,35-44,Женский,Уфа,2022-09-29
C7474,18-24,Мужской,Хабаровск,2022-06-26
C7475,45-54,Мужской,Пермь,2021-05-28
C7476,25-34,Мужской,Тольятти,2021-12-10
C7477,45-54,Мужской,Екатеринбург,2022-09-08
C7478,55+,Мужской,Уфа,2021-04-25
C7479,55+,Мужской,Самара,2024-01-09
C7480,25-34,Мужской,Краснодар,2023-05-27
C7481,35-44,Мужской,Томск,2022-09-09
C7482,25-34,Мужской,Барнаул,2023-04-23
C7483,35-44,Женский,Барнаул,2022-08-12
C7484,25-34,Мужской,Пермь,2024-02-20
C7485,45-54,Мужской,Челябинск,2022-10-24
C7486,25-34,Женский,Хабаровск,2021-06-23
C7487,18-24,Женский,Ярославль,2021-10-17
C7488,25-34,Женский,Ижевск,2022-11-14
C7489,18-24,Мужской,Барнаул,2022-03-03
C7490,18-24,Женский,Кемерово,2023-10-29
C7491,45-54,Женский,Томск,2023-09-30
C7492,25-34,Женский,Ярославль,2023-08-31
C7493,18-24,Женский,Уфа,2023-04-30
C7494,18-24,Мужской,Хабаровск,2023-05-16
C7495,18-24,Женский,Ростов-на-Дону,2022-03-09
C7496,35-44,Женский,Саратов,2024-05-09
C7497,25-34,Мужской,Самара,2022-04-22
C7498,18-24,Женский,Казань,2022-02-06
C7499,18-24,Женский,Пермь,2021-07-01
C7500,25-34,Мужской,Оренбург,2021-04-08
C7501,25-34,Женский,Екатеринбург,2023-07-04
C7502,25-34,Мужской,Волгоград,2023-08-04
C7503,45-54,Женский,Пермь,2021-10-06
C7504,25-34,Мужской,Волгоград,2024-01-08
C7505,25-34,Женский,Ижевск,2024-02-10
C7506,45-54,Женский,Махачкала,2023-10-13
C7507,25-34,Женский,Ярославль,2023-02-06
C7508,35-44,Мужской,Барнаул,2022-05-06
C7509,45-54,Мужской,Иркутск,2022-11-16
C7510,18-24,Женский,Челябинск,2023-07-03
C7511,35-44,Мужской,Оренбург,2021-02-26
C7512,55+,Мужской,Краснодар,2023-03-09
C7513,25-34,Женский,Ростов-на-Дону,2021-02-21
C7514,25-34,Женский,Томск,2023-09-11
C7515,25-34,Женский,Ростов-на-Дону,2024-05-07
C7516,25-34,Женский,Новосибирск,2021-06-05
C7517,25-34,Женский,Челябинск,2024-08-27
C7518,35-44,Женский,Тольятти,2021-04-30
C7519,35-44,Мужской,Санкт-Петербург,2024-03-15
C7520,45-54,Мужской,Владивосток,2023-04-18
C7521,25-34,Женский,Саратов,2021-11-04
C7522,18-24,Женский,Омск,2022-12-05
C7523,18-24,Мужской,Владивосток,2022-11-15
C7524,35-44,Женский,Самара,2022-12-02
C7525,55+,Мужской,Томск,2024-10-18
C7526,18-24,Женский,Санкт-Петербург,2024-07-16
C7527,35-44,Мужской,Ярославль,2021-01-28
C7528,45-54,Женский,Волгоград,2021-03-01
C7529,45-54,Женский,Новосибирск,2021-05-24
C7530,18-24,Женский,Ростов-на-Дону,2024-04-12
C7531,55+,Мужской,Махачкала,2023-05-14
C7532,18-24,Женский,Ярославль,2024-05-09
C7533,25-34,Женский,Воронеж,2022-10-06
C7534,55+,Женский,Екатеринбург,2024-10-30
C7535,45-54,Женский,Хабаровск,2023-07-07
C7536,35-44,Женский,Пермь,2021-06-06
C7537,25-34,Женский,Волгоград,2023-05-21
C7538,45-54,Женский,Ярославль,2024-08-19
C7539,25-34,Женский,Москва,2022-07-29
C7540,35-44,Мужской,Пермь,2023-03-30
C7541,35-44,Мужской,Махачкала,2023-02-25
C7542,25-34,Женский,Ижевск,2021-02-02
C7543,35-44,Мужской,Красноярск,2023-04-08
C7544,25-34,Женский,Красноярск,2021-02-04
C7545,25-34,Женский,Омск,2021-12-03
C7546,35-44,Мужской,Москва,2022-01-05
C7547,25-34,Женский,Пермь,2022-08-09
C7548,45-54,Женский,Махачкала,2023-09-13
C7549,35-44,Мужской,Пермь,2021-12-24
C7550,45-54,Женский,Санкт-Петербург,2022-12-28
C7551,18-24,Мужской,Тюмень,2023-03-07
C7552,25-34,Женский,Ростов-на-Дону,2023-07-13
C7553,45-54,Женский,Тольятти,2021-07-04
C7554,25-34,Мужской,Саратов,2022-11-27
C7555,18-24,Женский,Томск,2022-09-12
C7556,45-54,Женский,Уфа,2024-05-25
C7557,25-34,Женский,Кемерово,2024-10-08
C7558,18-24,Мужской,Владивосток,2023-10-31
C7559,25-34,Женский,Красноярск,2021-06-18
C7560,25-34,Мужской,Иркутск,2023-04-13
C7561,25-34,Мужской,Томск,2023-10-15
C7562,25-34,Женский,Новосибирск,2022-02-21
C7563,45-54,Женский,Ульяновск,2022-01-20
C7564,18-24,Женский,Красноярск,2022-02-05
C7565,25-34,Мужской,Пермь,2022-10-14
C7566,25-34,Женский,Челябинск,2024-06-27
C7567,45-54,Мужской,Красноярск,2024-07-30
C7568,18-24,Женский,Тюмень,2024-05-18
C7569,25-34,Мужской,Владивосток,2024-06-23
C7570,18-24,Женский,Ростов-на-Дону,2024-10-19
C7571,35-44,Женский,Нижний Новгород,2024-02-09
C7572,55+,Женский,Владивосток,2023-11-29
C7573,45-54,Мужской,Екатеринбург,2023-02-11
C7574,25-34,Мужской,Нижний Новгород,2022-03-17
C7575,25-34,Мужской,Екатеринбург,2024-04-18
C7576,18-24,Женский,Тольятти,2021-07-07
C7577,25-34,Мужской,Санкт-Петербург,2021-04-24
C7578,55+,Мужской,Новосибирск,2022-06-13
C7579,45-54,Женский,Казань,2024-05-27
C7580,55+,Женский,Кемерово,2021-11-18
C7581,18-24,Женский,Красноярск,2024-03-22
C7582,25-34,Мужской,Ярославль,2021-04-17
C7583,45-54,Мужской,Екатеринбург,2021-12-22
C7584,18-24,Женский,Краснодар,2022-01-31
C7585,25-34,Мужской,Ростов-на-Дону,2023-04-03
C7586,18-24,Женский,Уфа,2024-08-06
C7587,25-34,Женский,Санкт-Петербург,2021-05-09
C7588,25-34,Женский,Санкт-Петербург,2022-09-22
C7589,25-34,Женский,Тюмень,2021-06-30
C7590,35-44,Женский,Санкт-Петербург,2024-06-16
C7591,55+,Мужской,Красноярск,2024-06-11
C7592,25-34,Мужской,Уфа,2022-10-17
C7593,25-34,Мужской,Иркутск,2023-06-05
C7594,18-24,Мужской,Уфа,2022-09-14
C7595,18-24,Женский,Нижний Новгород,2024-05-08
C7596,25-34,Женский,Ижевск,2024-05-09
C7597,25-34,Женский,Пермь,2022-09-21
C7598,35-44,Мужской,Кемерово,2021-07-30
C7599,18-24,Мужской,Кемерово,2023-02-23
C7600,55+,Женский,Ижевск,2021-07-11
C7601,18-24,Мужской,Оренбург,2023-12-15
C7602,35-44,Женский,Омск,2021-10-02
C7603,45-54,Женский,Тюмень,2021-10-17
C7604,25-34,Женский,Казань,2021-11-08
C7605,35-44,Мужской,Краснодар,2022-12-30
C7606,45-54,Женский,Барнаул,2023-02-20
C7607,45-54,Женский,Воронеж,2021-10-27
C7608,18-24,Женский,Омск,2023-10-14
C7609,25-34,Мужской,Новосибирск,2021-01-08
C7610,18-24,Женский,Казань,2024-09-17
C7611,35-44,Мужской,Кемерово,2024-07-21
C7612,25-34,Женский,Казань,2024-02-03
C7613,35-44,Женский,Челябинск,2021-11-20
C7614,18-24,Женский,Барнаул,2024-09-15
C7615,25-34,Мужской,Тюмень,2022-11-27
C7616,35-44,Мужской,Омск,2022-01-27
C7617,25-34,Мужской,Казань,2024-06-03
C7618,25-34,Женский,Нижний Новгород,2021-04-02
C7619,25-34,Мужской,Оренбург,2024-08-08
C7620,18-24,Мужской,Кемерово,2024-07-17
C7621,45-54,Женский,Владивосток,2023-02-18
C7622,18-24,Женский,Нижний Новгород,2022-01-08
C7623,25-34,Женский,Красноярск,2022-09-08
C7624,45-54,Женский,Владивосток,2023-03-29
C7625,35-44,Женский,Уфа,2021-03-27
C7626,35-44,Женский,Томск,2021-06-20
C7627,35-44,Мужской,Тольятти,2023-11-01
C7628,25-34,Женский,Иркутск,2022-06-16
C7629,18-24,Женский,Воронеж,2022-11-06
C7630,35-44,Женский,Владивосток,2021-10-03
C7631,18-24,Женский,Саратов,2023-11-08
C7632,45-54,Женский,Оренбург,2023-02-20
C7633,25-34,Мужской,Кемерово,2024-06-10
C7634,35-44,Женский,Челябинск,2023-03-09
C7635,35-44,Женский,Барнаул,2021-09-20
C7636,45-54,Женский,Тольятти,2021-02-17
C7637,45-54,Мужской,Владивосток,2022-02-01
C7638,25-34,Женский,Омск,2023-09-15
C7639,45-54,Женский,Ярославль,2023-07-05
C7640,45-54,Женский,Тольятти,2024-06-14
C7641,18-24,Женский,Челябинск,2022-11-06
C7642,18-24,Мужской,Омск,2023-12-04
C7643,25-34,Мужской,Уфа,2022-05-19
C7644,25-34,Мужской,Тольятти,2022-08-17
C7645,25-34,Женский,Ярославль,2021-09-07
C7646,25-34,Мужской,Хабаровск,2021-04-08
C7647,55+,Женский,Волгоград,2021-09-20
C7648,25-34,Женский,Оренбург,2021-07-10
C7649,55+,Женский,Челябинск,2024-08-02
C7650,18-24,Женский,Хабаровск,2022-03-29
C7651,18-24,Мужской,Краснодар,2021-01-17
C7652,45-54,Женский,Саратов,2023-11-25
C7653,25-34,Мужской,Хабаровск,2023-04-28
C7654,45-54,Женский,Иркутск,2024-09-15
C7655,18-24,Мужской,Красноярск,2024-09-20
C7656,45-54,Женский,Нижний Новгород,2021-11-22
C7657,25-34,Женский,Тюмень,2021-01-04
C7658,35-44,Женский,Челябинск,2021-11-12
C7659,18-24,Женский,Пермь,2023-11-11
C7660,25-34,Женский,Хабаровск,2022-09-03
C7661,35-44,Мужской,Краснодар,2023-04-19
C7662,35-44,Женский,Ижевск,2023-03-29
C7663,25-34,Мужской,Самара,2023-09-10
C7664,55+,Мужской,Тольятти,2022-10-29
C7665,45-54,Женский,Казань,2021-06-12
C7666,18-24,Мужской,Новосибирск,2023-09-06
C7667,25-34,Женский,Владивосток,2022-11-07
C7668,25-34,Женский,Саратов,2024-06-29
C7669,25-34,Женский,Волгоград,2022-07-21
C7670,18-24,Мужской,Иркутск,2024-07-26
C7671,25-34,Женский,Ульяновск,2021-11-17
C7672,25-34,Женский,Екатеринбург,2024-08-28
C7673,18-24,Женский,Краснодар,2023-05-20
C7674,25-34,Женский,Ижевск,2023-04-13
C7675,25-34,Женский,Ярославль,2023-01-04
C7676,35-44,Женский,Оренбург,2021-08-17
C7677,35-44,Женский,Ижевск,2023-05-25
C7678,18-24,Мужской,Кемерово,2021-04-13
C7679,25-34,Женский,Хабаровск,2023-10-30
C7680,45-54,Женский,Екатеринбург,2023-03-23
C7681,35-44,Мужской,Новосибирск,2022-11-02
C7682,25-34,Мужской,Казань,2021-12-20
C7683,45-54,Женский,Саратов,2022-07-30
C7684,35-44,Мужской,Челябинск,2022-09-18
C7685,35-44,Женский,Краснодар,2023-02-21
C7686,25-34,Женский,Барнаул,2023-12-01
C7687,35-44,Женский,Иркутск,2021-04-11
C7688,55+,Мужской,Томск,2023-11-03
C7689,55+,Женский,Владивосток,2022-02-22
C7690,18-24,Женский,Москва,2021-05-28
C7691,45-54,Женский,Самара,2023-06-18
C7692,35-44,Женский,Оренбург,2023-12-16
C7693,25-34,Мужской,Краснодар,2021-08-02
C7694,45-54,Женский,Омск,2023-05-04
C7695,45-54,Женский,Тольятти,2021-11-12
C7696,45-54,Женский,Оренбург,2023-06-15
C7697,25-34,Женский,Хабаровск,2023-04-06
C7698,35-44,Женский,Казань,2021-04-09
C7699,35-44,Мужской,Воронеж,2022-09-05
C7700,35-44,Женский,Ижевск,2021-11-10
C7701,35-44,Мужской,Красноярск,2023-04-18
C7702,25-34,Мужской,Ульяновск,2021-11-11
C7703,45-54,Женский,Санкт-Петербург,2021-12-16
C7704,55+,Мужской,Красноярск,2022-10-20
C7705,35-44,Мужской,Барнаул,2024-09-06
C7706,18-24,Женский,Москва,2024-10-11
C7707,25-34,Женский,Уфа,2024-01-30
C7708,18-24,Мужской,Воронеж,2022-01-09
C7709,25-34,Женский,Ижевск,2023-01-30
C7710,25-34,Мужской,Омск,2022-08-14
C7711,35-44,Женский,Тюмень,2024-06-02
C7712,35-44,Женский,Краснодар,2022-12-05
C7713,18-24,Мужской,Тольятти,2024-03-12
C7714,45-54,Женский,Новосибирск,2023-07-24
C7715,25-34,Женский,Казань,2024-03-18
C7716,35-44,Женский,Екатеринбург,2022-09-21
C7717,35-44,Женский,Челябинск,2024-10-08
C7718,18-24,Мужской,Ижевск,2024-01-14
C7719,18-24,Мужской,Ярославль,2022-05-16
C7720,25-34,Мужской,Ульяновск,2024-03-14
C7721,25-34,Женский,Пермь,2022-12-19
C7722,25-34,Женский,Оренбург,2021-03-17
C7723,25-34,Женский,Ростов-на-Дону,2024-06-08
C7724,25-34,Мужской,Челябинск,2024-07-31
C7725,45-54,Женский,Ярославль,2023-06-04
C7726,25-34,Мужской,Екатеринбург,2022-11-20
C7727,45-54,Мужской,Нижний Новгород,2021-10-16
C7728,35-44,Мужской,Омск,2024-06-08
C7729,45-54,Женский,Воронеж,2022-05-09
C7730,25-34,Женский,Челябинск,2023-01-08
C7731,25-34,Женский,Санкт-Петербург,2024-09-21
C7732,18-24,Женский,Уфа,2024-08-10
C7733,25-34,Женский,Самара,2022-08-13
C7734,35-44,Женский,Ульяновск,2021-05-27
C7735,45-54,Мужской,Иркутск,2024-01-04
C7736,25-34,Женский,Красноярск,2023-08-18
C7737,55+,Женский,Омск,2021-08-01
C7738,18-24,Женский,Хабаровск,2024-07-22
C7739,25-34,Женский,Тюмень,2022-11-05
C7740,45-54,Женский,Челябинск,2024-06-22
C7741,35-44,Женский,Томск,2021-10-24
C7742,25-34,Мужской,Красноярск,2024-02-06
C7743,18-24,Мужской,Хабаровск,2024-04-07
C7744,35-44,Мужской,Краснодар,2024-05-09
C7745,25-34,Женский,Кемерово,2023-10-25
C7746,18-24,Женский,Санкт-Петербург,2021-11-15
C7747,35-44,Мужской,Ярославль,2022-06-22
C7748,35-44,Женский,Челябинск,2023-04-21
C7749,18-24,Женский,Хабаровск,2024-09-03
C7750,35-44,Мужской,Волгоград,2021-01-04
C7751,25-34,Женский,Омск,2023-04-01
C7752,45-54,Мужской,Волгоград,2024-07-21
C7753,35-44,Женский,Краснодар,2024-10-03
C7754,25-34,Мужской,Владивосток,2022-05-18
C7755,55+,Женский,Красноярск,2022-10-17
C7756,25-34,Мужской,Саратов,2022-03-20
C7757,25-34,Женский,Иркутск,2023-04-05
C7758,18-24,Женский,Челябинск,2024-05-31
C7759,45-54,Женский,Новосибирск,2023-08-01
C7760,25-34,Мужской,Ульяновск,2021-03-22
C7761,35-44,Женский,Санкт-Петербург,2023-02-24
C7762,25-34,Мужской,Омск,2024-03-22
C7763,18-24,Женский,Иркутск,2024-05-08
C7764,18-24,Женский,Уфа,2024-10-24
C7765,18-24,Мужской,Казань,2021-08-13
C7766,35-44,Женский,Владивосток,2022-04-30
C7767,35-44,Мужской,Кемерово,2024-04-13
C7768,25-34,Женский,Самара,2022-12-24
C7769,55+,Мужской,Краснодар,2022-05-07
C7770,25-34,Мужской,Красноярск,2023-12-16
C7771,25-34,Женский,Санкт-Петербург,2023-07-20
C7772,18-24,Женский,Челябинск,2022-07-08
C7773,35-44,Мужской,Самара,2022-12-09
C7774,45-54,Мужской,Ижевск,2021-01-15
C7775,18-24,Женский,Ижевск,2023-08-17
C7776,45-54,Женский,Краснодар,2024-07-24
C7777,25-34,Женский,Пермь,2023-04-10
C7778,45-54,Мужской,Уфа,2023-09-10
C7779,35-44,Мужской,Пермь,2023-06-24
C7780,35-44,Мужской,Иркутск,2022-07-03
C7781,25-34,Женский,Иркутск,2024-09-29
C7782,18-24,Женский,Волгоград,2024-10-11
C7783,35-44,Мужской,Ярославль,2024-07-11
C7784,25-34,Женский,Махачкала,2021-11-11
C7785,25-34,Женский,Нижний Новгород,2022-12-03
C7786,18-24,Мужской,Пермь,2022-05-01
C7787,45-54,Женский,Тольятти,2022-06-26
C7788,35-44,Мужской,Казань,2023-11-04
C7789,45-54,Женский,Пермь,2024-04-09
C7790,18-24,Мужской,Ульяновск,2021-09-21
C7791,55+,Мужской,Нижний Новгород,2021-06-04
C7792,25-34,Мужской,Уфа,2021-11-22
C7793,45-54,Женский,Екатеринбург,2024-04-14
C7794,25-34,Мужской,Тольятти,2021-10-28
C7795,45-54,Мужской,Томск,2022-09-19
C7796,25-34,Мужской,Уфа,2023-07-14
C7797,55+,Мужской,Омск,2023-02-13
C7798,45-54,Мужской,Нижний Новгород,2023-02-07
C7799,35-44,Женский,Ростов-на-Дону,2021-06-06
C7800,18-24,Женский,Ярославль,2023-12-27
C7801,35-44,Мужской,Иркутск,2022-12-03
C7802,18-24,Женский,Волгоград,2022-01-20
C7803,25-34,Женский,Уфа,2021-10-23
C7804,18-24,Женский,Барнаул,2024-08-10
C7805,25-34,Мужской,Челябинск,2023-06-30
C7806,45-54,Мужской,Саратов,2022-09-09
C7807,35-44,Женский,Оренбург,2022-07-27
C7808,45-54,Мужской,Омск,2023-02-22
C7809,35-44,Женский,Новосибирск,2022-06-19
C7810,35-44,Женский,Самара,2022-10-25
C7811,25-34,Женский,Екатеринбург,2021-08-16
C7812,18-24,Женский,Челябинск,2023-03-09
C7813,18-24,Женский,Краснодар,2023-03-20
C7814,45-54,Женский,Краснодар,2021-04-05
C7815,35-44,Женский,Пермь,2024-09-16
C7816,35-44,Женский,Тюмень,2022-05-01
C7817,35-44,Женский,Хабаровск,2024-05-21
C7818,25-34,Женский,Барнаул,2023-09-16
C7819,35-44,Женский,Пермь,2022-01-15
C7820,55+,Женский,Санкт-Петербург,2022-08-01
C7821,25-34,Мужской,Воронеж,2024-02-23
C7822,18-24,Женский,Саратов,2023-03-10
C7823,45-54,Женский,Самара,2024-10-06
C7824,18-24,Мужской,Барнаул,2022-11-04
C7825,35-44,Женский,Пермь,2023-08-15
C7826,25-34,Женский,Новосибирск,2023-04-02
C7827,18-24,Мужской,Ульяновск,2022-04-18
C7828,35-44,Женский,Владивосток,2022-05-28
C7829,35-44,Женский,Тольятти,2023-09-24
C7830,35-44,Женский,Казань,2022-11-20
C7831,45-54,Мужской,Иркутск,2024-05-05
C7832,25-34,Женский,Тюмень,2021-05-22
C7833,35-44,Женский,Тольятти,2021-07-24
C7834,18-24,Мужской,Казань,2024-04-01
C7835,25-34,Мужской,Волгоград,2022-07-22
C7836,18-24,Мужской,Кемерово,2022-05-21
C7837,18-24,Женский,Оренбург,2023-03-27
C7838,35-44,Мужской,Уфа,2021-12-18
C7839,25-34,Женский,Нижний Новгород,2021-08-20
C7840,25-34,Мужской,Ярославль,2021-02-21
C7841,25-34,Женский,Красноярск,2022-07-20
C7842,25-34,Женский,Махачкала,2024-05-20
C7843,18-24,Мужской,Красноярск,2024-01-22
C7844,18-24,Женский,Ростов-на-Дону,2022-01-29
C7845,35-44,Мужской,Новосибирск,2021-01-09
C7846,25-34,Женский,Оренбург,2022-10-31
C7847,45-54,Женский,Уфа,2022-06-04
C7848,25-34,Женский,Иркутск,2022-12-08
C7849,18-24,Мужской,Хабаровск,2021-06-16
C7850,25-34,Мужской,Ярославль,2021-07-01
C7851,18-24,Женский,Челябинск,2021-06-27
C7852,25-34,Женский,Барнаул,2024-04-08
C7853,35-44,Женский,Москва,2022-03-28
C7854,25-34,Мужской,Ижевск,2023-07-19
C7855,18-24,Мужской,Новосибирск,2023-09-23
C7856,35-44,Женский,Красноярск,2023-04-22
C7857,25-34,Мужской,Оренбург,2024-03-19
C7858,25-34,Женский,Кемерово,2023-02-22
C7859,18-24,Женский,Воронеж,2022-06-03
C7860,25-34,Женский,Барнаул,2024-07-16
C7861,25-34,Женский,Самара,2023-07-07
C7862,25-34,Женский,Ярославль,2024-02-16
C7863,25-34,Мужской,Волгоград,2023-08-10
C7864,45-54,Женский,Санкт-Петербург,2021-01-20
C7865,25-34,Женский,Уфа,2024-09-05
C7866,45-54,Мужской,Владивосток,2023-07-21
C7867,35-44,Мужской,Самара,2021-06-13
C7868,35-44,Женский,Самара,2021-04-02
C7869,18-24,Женский,Тольятти,2023-05-11
C7870,35-44,Мужской,Волгоград,2022-11-14
C7871,45-54,Мужской,Оренбург,2022-06-25
C7872,55+,Женский,Ярославль,2021-01-01
C7873,25-34,Женский,Тюмень,2021-03-30
C7874,25-34,Мужской,Волгоград,2022-03-21
C7875,45-54,Женский,Красноярск,2023-03-04
C7876,18-24,Женский,Ростов-на-Дону,2021-11-29
C7877,25-34,Женский,Ярославль,2024-04-10
C7878,45-54,Женский,Тольятти,2022-09-05
C7879,45-54,Женский,Екатеринбург,2021-08-04
C7880,18-24,Женский,Тольятти,2023-08-27
C7881,25-34,Мужской,Красноярск,2022-08-17
C7882,35-44,Женский,Уфа,2023-08-03
C7883,18-24,Женский,Волгоград,2021-11-07
C7884,18-24,Мужской,Челябинск,2022-08-30
C7885,25-34,Женский,Ульяновск,2021-02-20
C7886,35-44,Женский,Ижевск,2023-11-06
C7887,25-34,Мужской,Саратов,2022-12-16
C7888,35-44,Женский,Пермь,2023-02-16
C7889,35-44,Мужской,Нижний Новгород,2024-08-24
C7890,35-44,Женский,Челябинск,2023-11-30
C7891,18-24,Женский,Тюмень,2023-09-03
C7892,18-24,Мужской,Волгоград,2023-06-22
C7893,45-54,Женский,Красноярск,2023-08-18
C7894,18-24,Мужской,Тольятти,2024-03-03
C7895,45-54,Женский,Воронеж,2022-04-02
C7896,25-34,Женский,Оренбург,2023-06-29
C7897,18-24,Мужской,Санкт-Петербург,2023-06-16
C7898,35-44,Мужской,Екатеринбург,2021-09-24
C7899,25-34,Женский,Нижний Новгород,2024-09-15
C7900,35-44,Женский,Оренбург,2024-08-30
C7901,45-54,Женский,Нижний Новгород,2022-04-20
C7902,18-24,Мужской,Самара,2021-04-17
C7903,35-44,Женский,Тольятти,2022-04-16
C7904,25-34,Женский,Владивосток,2023-04-02
C7905,45-54,Мужской,Махачкала,2023-02-13
C7906,25-34,Мужской,Иркутск,2022-04-10
C7907,35-44,Женский,Ижевск,2022-12-06
C7908,35-44,Женский,Волгоград,2024-01-07
C7909,45-54,Женский,Казань,2024-05-11
C7910,25-34,Женский,Уфа,2022-05-12
C7911,25-34,Мужской,Санкт-Петербург,2023-02-23
C7912,45-54,Женский,Саратов,2024-02-13
C7913,25-34,Женский,Ярославль,2022-11-29
C7914,18-24,Женский,Тольятти,2024-07-17
C7915,35-44,Мужской,Владивосток,2021-01-21
C7916,25-34,Женский,Ростов-на-Дону,2021-10-21
C7917,25-34,Женский,Самара,2023-06-29
C7918,25-34,Мужской,Казань,2023-01-18
C7919,25-34,Женский,Тюмень,2023-05-19
C7920,25-34,Мужской,Волгоград,2024-01-20
C7921,25-34,Мужской,Санкт-Петербург,2022-04-14
C7922,35-44,Мужской,Нижний Новгород,2021-09-08
C7923,18-24,Женский,Краснодар,2021-03-12
C7924,45-54,Женский,Иркутск,2022-10-30
C7925,25-34,Мужской,Кемерово,2022-03-04
C7926,55+,Мужской,Ульяновск,2021-09-27
C7927,25-34,Женский,Саратов,2023-09-19
C7928,18-24,Мужской,Краснодар,2022-02-20
C7929,45-54,Мужской,Омск,2021-11-19
C7930,45-54,Женский,Владивосток,2023-04-18
C7931,18-24,Мужской,Краснодар,2024-09-27
C7932,25-34,Женский,Екатеринбург,2023-05-25
C7933,18-24,Женский,Нижний Новгород,2024-01-15
C7934,25-34,Женский,Москва,2021-02-09
C7935,25-34,Мужской,Нижний Новгород,2023-12-16
C7936,25-34,Женский,Новосибирск,2021-11-04
C7937,45-54,Женский,Нижний Новгород,2024-09-05
C7938,35-44,Женский,Оренбург,2023-09-29
C7939,25-34,Женский,Омск,2021-05-17
C7940,25-34,Женский,Ижевск,2021-10-09
C7941,35-44,Мужской,Санкт-Петербург,2022-07-06
C7942,25-34,Женский,Волгоград,2022-10-17
C7943,35-44,Женский,Екатеринбург,2022-12-30
C7944,18-24,Мужской,Тольятти,2023-07-06
C7945,25-34,Женский,Санкт-Петербург,2022-04-16
C7946,45-54,Женский,Краснодар,2023-12-31
C7947,45-54,Женский,Хабаровск,2024-01-17
C7948,45-54,Мужской,Челябинск,2021-01-28
C7949,25-34,Женский,Краснодар,2021-10-18
C7950,45-54,Мужской,Челябинск,2023-03-26
C7951,25-34,Мужской,Пермь,2021-04-11
C7952,35-44,Мужской,Уфа,2023-07-02
C7953,55+,Женский,Казань,2023-04-02
C7954,25-34,Женский,Ульяновск,2023-12-25
C7955,25-34,Мужской,Ижевск,2024-07-22
C7956,25-34,Женский,Санкт-Петербург,2021-08-07
C7957,25-34,Женский,Томск,2023-09-17
C7958,35-44,Женский,Казань,2022-12-19
C7959,18-24,Женский,Екатеринбург,2024-02-26
C7960,18-24,Мужской,Красноярск,2021-09-16
C7961,18-24,Мужской,Тольятти,2023-07-11
C7962,45-54,Мужской,Тольятти,2024-08-18
C7963,45-54,Мужской,Тольятти,2022-11-29
C7964,25-34,Женский,Екатеринбург,2022-12-05
C7965,25-34,Мужской,Кемерово,2023-02-01
C7966,45-54,Мужской,Новосибирск,2023-05-30
C7967,45-54,Мужской,Барнаул,2023-06-28
C7968,18-24,Женский,Москва,2023-08-14
C7969,25-34,Мужской,Ростов-на-Дону,2021-08-15
C7970,55+,Мужской,Кемерово,2022-01-11
C7971,25-34,Мужской,Махачкала,2022-05-03
C7972,25-34,Женский,Казань,2022-12-10
C7973,35-44,Женский,Тюмень,2022-05-02
C7974,35-44,Женский,Барнаул,2024-03-23
C7975,55+,Мужской,Кемерово,2023-08-21
C7976,35-44,Женский,Кемерово,2024-08-15
C7977,25-34,Мужской,Краснодар,2021-12-18
C7978,45-54,Женский,Челябинск,2024-07-25
C7979,25-34,Мужской,Уфа,2022-09-16
C7980,35-44,Женский,Краснодар,2021-12-04
C7981,35-44,Мужской,Красноярск,2023-09-03
C7982,18-24,Мужской,Ярославль,2022-09-22
C7983,18-24,Женский,Ульяновск,2024-08-19
C7984,18-24,Женский,Кемерово,2024-03-16
C7985,18-24,Мужской,Омск,2023-12-30
C7986,35-44,Мужской,Казань,2022-08-24
C7987,25-34,Мужской,Санкт-Петербург,2024-07-07
C7988,18-24,Женский,Ростов-на-Дону,2021-01-20
C7989,35-44,Женский,Красноярск,2023-09-17
C7990,18-24,Женский,Ростов-на-Дону,2021-12-10
C7991,25-34,Мужской,Иркутск,2021-10-11
C7992,18-24,Женский,Казань,2021-03-09
C7993,18-24,Мужской,Самара,2021-04-19
C7994,25-34,Женский,Омск,2024-07-13
C7995,55+,Мужской,Ульяновск,2022-11-12
C7996,18-24,Женский,Иркутск,2021-08-21
C7997,35-44,Женский,Нижний Новгород,2023-03-23
C7998,25-34,Женский,Краснодар,2022-11-04
C7999,25-34,Мужской,Москва,2021-01-24
C8000,35-44,Женский,Казань,2024-06-04
C8001,35-44,Женский,Уфа,2024-06-04
C8002,25-34,Мужской,Волгоград,2022-09-20
C8003,18-24,Женский,Барнаул,2022-05-12
C8004,45-54,Мужской,Барнаул,2022-10-24
C8005,35-44,Мужской,Кемерово,2023-09-13
C8006,35-44,Мужской,Новосибирск,2022-12-24
C8007,18-24,Женский,Владивосток,2021-12-12
C8008,18-24,Мужской,Нижний Новгород,2022-09-09
C8009,25-34,Мужской,Воронеж,2022-10-27
C8010,18-24,Мужской,Казань,2024-05-24
C8011,25-34,Женский,Иркутск,2024-07-26
C8012,18-24,Женский,Волгоград,2023-04-13
C8013,18-24,Мужской,Ростов-на-Дону,2022-09-09
C8014,18-24,Женский,Самара,2022-10-28
C8015,25-34,Мужской,Санкт-Петербург,2022-08-05
C8016,18-24,Женский,Воронеж,2024-06-22
C8017,25-34,Женский,Иркутск,2021-05-06
C8018,35-44,Женский,Красноярск,2022-07-03
C8019,45-54,Женский,Челябинск,2022-09-19
C8020,55+,Мужской,Воронеж,2024-04-18
C8021,18-24,Женский,Челябинск,2024-10-07
C8022,25-34,Женский,Иркутск,2022-12-12
C8023,18-24,Женский,Иркутск,2022-04-01
C8024,25-34,Женский,Махачкала,2023-11-13
C8025,18-24,Женский,Москва,2023-09-13
C8026,18-24,Женский,Барнаул,2024-10-23
C8027,18-24,Женский,Самара,2023-05-17
C8028,25-34,Мужской,Казань,2022-08-24
C8029,35-44,Мужской,Москва,2024-07-21
C8030,25-34,Женский,Иркутск,2023-07-29
C8031,18-24,Женский,Красноярск,2021-04-02
C8032,25-34,Женский,Санкт-Петербург,2021-09-15
C8033,18-24,Женский,Екатеринбург,2021-02-28
C8034,25-34,Женский,Красноярск,2022-10-27
C8035,25-34,Женский,Владивосток,2024-04-18
C8036,55+,Женский,Иркутск,2021-04-18
C8037,25-34,Женский,Барнаул,2024-10-14
C8038,25-34,Женский,Ростов-на-Дону,2021-05-26
C8039,18-24,Мужской,Красноярск,2023-02-02
C8040,45-54,Женский,Самара,2023-11-12
C8041,45-54,Женский,Краснодар,2023-11-25
C8042,18-24,Женский,Самара,2022-12-09
C8043,45-54,Женский,Хабаровск,2022-04-03
C8044,35-44,Женский,Омск,2021-05-21
C8045,35-44,Мужской,Екатеринбург,2022-11-14
C8046,35-44,Мужской,Уфа,2023-01-04
C8047,25-34,Женский,Кемерово,2023-03-15
C8048,25-34,Женский,Саратов,2024-07-17
C8049,35-44,Мужской,Пермь,2022-05-19
C8050,18-24,Мужской,Екатеринбург,2023-04-21
C8051,18-24,Мужской,Ульяновск,2024-10-03
C8052,45-54,Мужской,Оренбург,2023-06-05
C8053,18-24,Женский,Томск,2021-01-02
C8054,25-34,Мужской,Уфа,2021-03-27
C8055,25-34,Женский,Ижевск,2024-02-26
C8056,35-44,Женский,Красноярск,2024-09-29
C8057,35-44,Женский,Волгоград,2021-06-08
C8058,25-34,Мужской,Иркутск,2023-05-16
C8059,18-24,Мужской,Санкт-Петербург,2024-04-29
C8060,18-24,Женский,Кемерово,2022-08-06
C8061,35-44,Женский,Екатеринбург,2021-04-13
C8062,35-44,Женский,Краснодар,2023-11-18
C8063,25-34,Женский,Тюмень,2024-05-01
C8064,18-24,Женский,Оренбург,2023-03-12
C8065,35-44,Женский,Самара,2024-02-11
C8066,25-34,Женский,Саратов,2023-08-27
C8067,35-44,Мужской,Новосибирск,2023-12-17
C8068,45-54,Женский,Пермь,2024-05-05
C8069,18-24,Женский,Санкт-Петербург,2024-09-15
C8070,25-34,Женский,Воронеж,2024-02-15
C8071,25-34,Женский,Краснодар,2021-12-27
C8072,25-34,Женский,Казань,2023-09-27
C8073,18-24,Женский,Барнаул,2024-02-09
C8074,18-24,Мужской,Томск,2022-08-18
C8075,25-34,Мужской,Волгоград,2022-03-08
C8076,25-34,Женский,Волгоград,2023-11-23
C8077,18-24,Мужской,Ярославль,2021-02-28
C8078,55+,Женский,Ярославль,2023-03-31
C8079,35-44,Мужской,Саратов,2024-05-10
C8080,25-34,Мужской,Красноярск,2021-07-31
C8081,35-44,Женский,Ростов-на-Дону,2024-05-29
C8082,25-34,Женский,Оренбург,2021-06-12
C8083,25-34,Женский,Тольятти,2021-03-14
C8084,45-54,Женский,Саратов,2023-05-06
C8085,25-34,Женский,Тюмень,2022-11-23
C8086,35-44,Мужской,Новосибирск,2023-05-21
C8087,25-34,Женский,Красноярск,2024-10-01
C8088,35-44,Женский,Воронеж,2022-03-01
C8089,55+,Женский,Ярославль,2021-07-03
C8090,25-34,Мужской,Барнаул,2023-06-18
C8091,18-24,Мужской,Москва,2021-03-08
C8092,18-24,Женский,Красноярск,2023-05-28
C8093,25-34,Мужской,Самара,2023-08-20
C8094,35-44,Женский,Самара,2021-02-07
C8095,35-44,Женский,Краснодар,2024-02-16
C8096,25-34,Женский,Нижний Новгород,2023-05-02
C8097,18-24,Женский,Краснодар,2024-10-10
C8098,18-24,Мужской,Казань,2022-06-22
C8099,35-44,Женский,Красноярск,2022-08-18
C8100,25-34,Женский,Санкт-Петербург,2022-12-02
C8101,25-34,Мужской,Саратов,2021-03-16
C8102,35-44,Женский,Тюмень,2022-03-04
C8103,25-34,Женский,Барнаул,2023-07-28
C8104,18-24,Женский,Казань,2022-09-27
C8105,25-34,Женский,Москва,2022-02-19
C8106,35-44,Мужской,Самара,2023-12-14
C8107,18-24,Мужской,Москва,2021-03-03
C8108,25-34,Женский,Уфа,2021-11-19
C8109,35-44,Женский,Самара,2021-02-06
C8110,25-34,Мужской,Омск,2021-08-06
C8111,25-34,Женский,Барнаул,2023-04-26
C8112,25-34,Женский,Ярославль,2023-03-05
C8113,18-24,Женский,Иркутск,2022-02-03
C8114,25-34,Женский,Владивосток,2023-02-13
C8115,18-24,Женский,Волгоград,2022-11-02
C8116,35-44,Женский,Нижний Новгород,2021-09-18
C8117,18-24,Женский,Оренбург,2022-08-11
C8118,18-24,Женский,Волгоград,2023-07-14
C8119,45-54,Мужской,Екатеринбург,2022-01-13
C8120,25-34,Мужской,Саратов,2024-02-29
C8121,35-44,Мужской,Екатеринбург,2023-11-24
C8122,45-54,Женский,Томск,2023-11-05
C8123,45-54,Женский,Новосибирск,2023-04-26
C8124,25-34,Женский,Тюмень,2021-08-24
C8125,45-54,Женский,Казань,2023-09-27
C8126,25-34,Женский,Омск,2023-09-23
C8127,35-44,Женский,Тюмень,2023-02-21
C8128,35-44,Женский,Уфа,2021-10-15
C8129,25-34,Женский,Махачкала,2024-02-04
C8130,45-54,Мужской,Ростов-на-Дону,2022-09-13
C8131,25-34,Женский,Нижний Новгород,2022-06-16
C8132,35-44,Женский,Тюмень,2024-01-20
C8133,45-54,Женский,Новосибирск,2022-05-16
C8134,45-54,Женский,Новосибирск,2022-09-07
C8135,25-34,Женский,Новосибирск,2021-08-14
C8136,45-54,Женский,Казань,2023-02-18
C8137,35-44,Мужской,Владивосток,2021-09-07
C8138,45-54,Мужской,Ижевск,2022-05-25
C8139,35-44,Женский,Воронеж,2021-06-24
C8140,18-24,Женский,Владивосток,2021-07-09
C8141,45-54,Женский,Хабаровск,2021-09-12
C8142,45-54,Мужской,Владивосток,2024-06-14
C8143,18-24,Женский,Воронеж,2024-09-09
C8144,35-44,Женский,Ростов-на-Дону,2023-09-23
C8145,25-34,Женский,Ярославль,2022-03-09
C8146,25-34,Мужской,Самара,2022-06-21
C8147,18-24,Женский,Ярославль,2021-05-23
C8148,25-34,Женский,Томск,2024-02-26
C8149,35-44,Женский,Уфа,2021-06-25
C8150,35-44,Женский,Уфа,2024-07-26
C8151,18-24,Мужской,Ульяновск,2021-01-05
C8152,25-34,Женский,Саратов,2023-01-10
C8153,25-34,Женский,Омск,2021-04-08
C8154,45-54,Мужской,Волгоград,2021-07-24
C8155,25-34,Мужской,Волгоград,2023-12-15
C8156,18-24,Женский,Екатеринбург,2022-06-22
C8157,45-54,Женский,Кемерово,2023-03-10
C8158,25-34,Женский,Ярославль,2021-11-09
C8159,25-34,Мужской,Краснодар,2024-05-13
C8160,25-34,Женский,Хабаровск,2022-07-03
C8161,18-24,Женский,Кемерово,2023-07-11
C8162,25-34,Женский,Тольятти,2024-06-10
C8163,45-54,Женский,Москва,2024-05-22
C8164,45-54,Женский,Екатеринбург,2022-04-14
C8165,25-34,Мужской,Ижевск,2022-08-15
C8166,18-24,Мужской,Воронеж,2022-09-08
C8167,18-24,Мужской,Москва,2022-04-05
C8168,18-24,Мужской,Волгоград,2022-12-20
C8169,18-24,Женский,Барнаул,2024-02-14
C8170,18-24,Женский,Воронеж,2022-05-10
C8171,18-24,Мужской,Новосибирск,2021-02-24
C8172,55+,Женский,Барнаул,2022-11-12
C8173,25-34,Мужской,Нижний Новгород,2022-10-22
C8174,18-24,Женский,Кемерово,2022-08-15
C8175,18-24,Женский,Ростов-на-Дону,2023-12-04
C8176,25-34,Женский,Оренбург,2024-02-24
C8177,25-34,Мужской,Тольятти,2023-11-29
C8178,25-34,Женский,Саратов,2021-05-23
C8179,25-34,Мужской,Самара,2023-04-11
C8180,45-54,Женский,Санкт-Петербург,2023-07-23
C8181,35-44,Женский,Новосибирск,2023-06-30
C8182,25-34,Мужской,Томск,2022-03-31
C8183,35-44,Женский,Кемерово,2022-09-27
C8184,25-34,Мужской,Махачкала,2021-03-17
C8185,25-34,Женский,Кемерово,2021-06-01
C8186,25-34,Женский,Ярославль,2023-05-17
C8187,45-54,Мужской,Омск,2024-06-15
C8188,18-24,Мужской,Омск,2022-08-10
C8189,25-34,Мужской,Владивосток,2023-01-01
C8190,25-34,Женский,Волгоград,2022-07-27
C8191,18-24,Женский,Ульяновск,2023-11-29
C8192,25-34,Женский,Пермь,2022-12-03
C8193,25-34,Женский,Тольятти,2021-08-12
C8194,25-34,Мужской,Махачкала,2022-03-09
C8195,35-44,Женский,Кемерово,2021-01-03
C8196,45-54,Мужской,Ростов-на-Дону,2024-06-18
C8197,35-44,Женский,Нижний Новгород,2023-02-27
C8198,35-44,Мужской,Челябинск,2023-03-02
C8199,35-44,Мужской,Ижевск,2023-09-06
C8200,35-44,Женский,Екатеринбург,2023-07-20
C8201,18-24,Женский,Ростов-на-Дону,2023-05-26
C8202,35-44,Женский,Саратов,2023-10-12
C8203,35-44,Женский,Кемерово,2022-02-06
C8204,35-44,Мужской,Махачкала,2022-12-16
C8205,45-54,Женский,Уфа,2024-09-16
C8206,18-24,Мужской,Томск,2023-09-09
C8207,35-44,Женский,Волгоград,2024-09-21
C8208,18-24,Мужской,Кемерово,2022-05-10
C8209,25-34,Женский,Екатеринбург,2023-09-14
C8210,45-54,Женский,Кемерово,2021-03-10
C8211,25-34,Женский,Тюмень,2024-08-05
C8212,18-24,Мужской,Махачкала,2022-10-17
C8213,25-34,Женский,Оренбург,2021-09-06
C8214,25-34,Женский,Воронеж,2024-04-18
C8215,25-34,Женский,Оренбург,2023-01-30
C8216,35-44,Женский,Воронеж,2022-03-04
C8217,45-54,Женский,Ижевск,2023-07-07
C8218,18-24,Мужской,Ульяновск,2024-07-10
C8219,35-44,Женский,Москва,2022-04-18
C8220,25-34,Женский,Ульяновск,2021-09-28
C8221,25-34,Мужской,Екатеринбург,2024-01-13
C8222,55+,Женский,Хабаровск,2024-04-09
C8223,55+,Женский,Казань,2024-05-22
C8224,45-54,Мужской,Уфа,2021-02-18
C8225,35-44,Женский,Санкт-Петербург,2021-01-15
C8226,18-24,Женский,Владивосток,2021-08-16
C8227,35-44,Мужской,Новосибирск,2022-11-01
C8228,25-34,Женский,Томск,2024-04-13
C8229,25-34,Женский,Владивосток,2022-06-01
C8230,55+,Мужской,Барнаул,2023-11-20
C8231,18-24,Мужской,Томск,2022-04-19
C8232,18-24,Мужской,Тюмень,2023-11-15
C8233,18-24,Мужской,Саратов,2022-09-13
C8234,35-44,Женский,Тольятти,2024-07-02
C8235,18-24,Мужской,Оренбург,2024-02-23
C8236,45-54,Женский,Челябинск,2024-10-12
C8237,45-54,Женский,Омск,2024-09-24
C8238,25-34,Женский,Ульяновск,2023-08-13
C8239,45-54,Женский,Пермь,2023-01-14
C8240,55+,Мужской,Новосибирск,2024-05-25
C8241,18-24,Мужской,Ярославль,2023-12-23
C8242,25-34,Мужской,Москва,2023-04-22
C8243,18-24,Женский,Хабаровск,2023-03-26
C8244,45-54,Женский,Воронеж,2021-05-10
C8245,35-44,Мужской,Иркутск,2022-04-03
C8246,45-54,Женский,Пермь,2022-06-21
C8247,35-44,Мужской,Пермь,2024-05-29
C8248,18-24,Женский,Уфа,2024-07-05
C8249,35-44,Женский,Томск,2023-08-06
C8250,25-34,Женский,Самара,2021-10-29
C8251,18-24,Женский,Новосибирск,2024-03-16
C8252,35-44,Мужской,Уфа,2021-10-14
C8253,35-44,Женский,Оренбург,2024-07-24
C8254,45-54,Мужской,Кемерово,2021-07-28
C8255,18-24,Мужской,Самара,2023-08-03
C8256,25-34,Женский,Ижевск,2024-03-08
C8257,25-34,Мужской,Кемерово,2022-01-17
C8258,25-34,Мужской,Пермь,2022-06-11
C8259,25-34,Мужской,Омск,2022-05-24
C8260,45-54,Мужской,Пермь,2024-01-16
C8261,25-34,Женский,Оренбург,2021-08-26
C8262,18-24,Мужской,Самара,2022-03-29
C8263,18-24,Женский,Ижевск,2023-12-01
C8264,18-24,Женский,Краснодар,2021-06-24
C8265,45-54,Женский,Красноярск,2024-05-01
C8266,35-44,Мужской,Санкт-Петербург,2024-08-04
C8267,45-54,Мужской,Нижний Новгород,2023-09-14
C8268,25-34,Мужской,Санкт-Петербург,2021-12-18
C8269,45-54,Женский,Иркутск,2021-11-08
C8270,18-24,Мужской,Воронеж,2022-04-28
C8271,25-34,Женский,Нижний Новгород,2023-03-24
C8272,25-34,Женский,Казань,2022-01-25
C8273,25-34,Женский,Тюмень,2021-01-14
C8274,18-24,Женский,Ульяновск,2024-06-22
C8275,25-34,Мужской,Волгоград,2022-04-11
C8276,35-44,Мужской,Владивосток,2024-03-15
C8277,18-24,Мужской,Краснодар,2024-03-31
C8278,25-34,Женский,Тольятти,2024-08-10
C8279,45-54,Женский,Волгоград,2022-07-06
C8280,35-44,Женский,Краснодар,2024-10-15
C8281,18-24,Женский,Кемерово,2023-07-23
C8282,18-24,Мужской,Пермь,2021-10-31
C8283,55+,Женский,Барнаул,2023-08-07
C8284,45-54,Женский,Нижний Новгород,2023-01-18
C8285,45-54,Женский,Томск,2021-11-25
C8286,18-24,Женский,Москва,2024-01-18
C8287,18-24,Женский,Самара,2021-03-07
C8288,35-44,Женский,Казань,2024-03-29
C8289,55+,Мужской,Барнаул,2024-02-19
C8290,18-24,Женский,Кемерово,2021-12-17
C8291,35-44,Женский,Краснодар,2024-10-30
C8292,35-44,Женский,Новосибирск,2021-12-18
C8293,35-44,Женский,Пермь,2022-12-25
C8294,35-44,Женский,Красноярск,2021-11-02
C8295,18-24,Женский,Москва,2021-05-12
C8296,35-44,Мужской,Тюмень,2022-08-28
C8297,18-24,Женский,Махачкала,2024-10-11
C8298,18-24,Мужской,Нижний Новгород,2023-10-01
C8299,35-44,Женский,Оренбург,2022-03-05
C8300,35-44,Женский,Нижний Новгород,2024-07-03
